date,project_id,client,region,fleet_size,deployment_status,planned_daily_spend_usd,actual_daily_spend_usd,hw_cost_actual_usd,hw_cost_planned_usd,labor_hours,shipping_delay_days,cumulative_planned_usd,cumulative_actual_usd,is_spike_day,month,week,day_of_week,is_weekend,daily_spend_variance_usd,project_start_date,project_end_date,total_planned_usd,days_elapsed,project_duration_days,pct_timeline_elapsed
2024-01-15,AMR-001,Ford Motor - Michigan Facility,NORTH AMERICA,12,Planning,4239.21,3915.78,2231.56,2543.52,121.0,2.0,4239.21,3915.78,False,2024-01,3,Monday,False,-323.43,2024-01-15,2024-07-30,826251.23,1,198,0.0051
2024-01-16,AMR-001,Ford Motor - Michigan Facility,NORTH AMERICA,12,Planning,4444.5,5047.93,3178.33,2666.7,102.0,0.0,8683.71,8963.71,True,2024-01,3,Tuesday,False,603.43,2024-01-15,2024-07-30,826251.23,2,198,0.0101
2024-01-17,AMR-001,Ford Motor - Michigan Facility,NORTH AMERICA,12,Planning,3823.53,4386.7,2703.96,2294.12,116.5,0.0,12507.24,13350.41,False,2024-01,3,Wednesday,False,563.17,2024-01-15,2024-07-30,826251.23,3,198,0.0152
2024-01-18,AMR-001,Ford Motor - Michigan Facility,NORTH AMERICA,12,Planning,4194.92,4604.45,3117.83,2516.95,122.9,0.0,16702.16,17954.86,False,2024-01,3,Thursday,False,409.53,2024-01-15,2024-07-30,826251.23,4,198,0.0202
2024-01-19,AMR-001,Ford Motor - Michigan Facility,NORTH AMERICA,12,Planning,4452.68,4049.18,2755.37,2671.61,124.5,0.0,21154.84,22004.04,False,2024-01,3,Friday,False,-403.5,2024-01-15,2024-07-30,826251.23,5,198,0.0253
2024-01-20,AMR-001,Ford Motor - Michigan Facility,NORTH AMERICA,12,Planning,4244.17,3911.39,2314.22,2546.5,108.5,0.0,25399.01,25915.43,False,2024-01,3,Saturday,True,-332.78,2024-01-15,2024-07-30,826251.23,6,198,0.0303
2024-01-21,AMR-001,Ford Motor - Michigan Facility,NORTH AMERICA,12,Planning,4198.33,4179.02,2454.41,2519.0,138.2,0.0,29597.34,30094.45,False,2024-01,3,Sunday,True,-19.31,2024-01-15,2024-07-30,826251.23,7,198,0.0354
2024-01-22,AMR-001,Ford Motor - Michigan Facility,NORTH AMERICA,12,Planning,4235.1,4696.69,2749.69,2541.06,102.0,0.0,33832.44,34791.14,False,2024-01,4,Monday,False,461.59,2024-01-15,2024-07-30,826251.23,8,198,0.0404
2024-01-23,AMR-001,Ford Motor - Michigan Facility,NORTH AMERICA,12,Planning,4316.9,4490.94,2477.16,2590.14,110.1,0.0,38149.34,39282.08,False,2024-01,4,Tuesday,False,174.04,2024-01-15,2024-07-30,826251.23,9,198,0.0455
2024-01-24,AMR-001,Ford Motor - Michigan Facility,NORTH AMERICA,12,Planning,4049.1,4248.08,2671.645,2429.46,101.3,0.0,42198.44,43530.16,False,2024-01,4,Wednesday,False,198.98,2024-01-15,2024-07-30,826251.23,10,198,0.0505
2024-01-25,AMR-001,Ford Motor - Michigan Facility,NORTH AMERICA,12,Planning,4087.6,4460.31,2913.7,2452.56,121.3,0.0,46286.04,47990.47,False,2024-01,4,Thursday,False,372.71,2024-01-15,2024-07-30,826251.23,11,198,0.0556
2024-01-26,AMR-001,Ford Motor - Michigan Facility,NORTH AMERICA,12,Planning,4158.94,4684.32,2876.56,2495.36,124.1,0.0,50444.98,52674.79,False,2024-01,4,Friday,False,525.38,2024-01-15,2024-07-30,826251.23,12,198,0.0606
2024-01-27,AMR-001,Ford Motor - Michigan Facility,NORTH AMERICA,12,Planning,4177.27,4036.74,2265.31,2506.36,135.6,0.0,54622.25,56711.53,False,2024-01,4,Saturday,True,-140.53,2024-01-15,2024-07-30,826251.23,13,198,0.0657
2024-01-28,AMR-001,Ford Motor - Michigan Facility,NORTH AMERICA,12,Planning,3935.46,4343.17,2691.57,2361.28,130.1,0.0,58557.71,61054.7,False,2024-01,4,Sunday,True,407.71,2024-01-15,2024-07-30,826251.23,14,198,0.0707
2024-01-29,AMR-001,Ford Motor - Michigan Facility,NORTH AMERICA,12,Planning,4338.85,3844.1,2269.79,2603.31,109.5,0.0,62896.56,64898.8,False,2024-01,5,Monday,False,-494.75,2024-01-15,2024-07-30,826251.23,15,198,0.0758
2024-01-30,AMR-001,Ford Motor - Michigan Facility,NORTH AMERICA,12,Planning,4205.22,4203.23,2454.21,2523.13,105.7,2.0,67101.78,69102.03,False,2024-01,5,Tuesday,False,-1.99,2024-01-15,2024-07-30,826251.23,16,198,0.0808
2024-01-31,AMR-001,Ford Motor - Michigan Facility,NORTH AMERICA,12,Planning,4078.59,4330.99,2494.0,2447.15,109.7,0.0,71180.37,73433.02,False,2024-01,5,Wednesday,False,252.4,2024-01-15,2024-07-30,826251.23,17,198,0.0859
2024-02-01,AMR-001,Ford Motor - Michigan Facility,NORTH AMERICA,12,Planning,4435.27,4317.28,2588.03,2661.16,106.3,0.0,75615.64,77750.3,False,2024-02,5,Thursday,False,-117.99,2024-01-15,2024-07-30,826251.23,18,198,0.0909
2024-02-02,AMR-001,Ford Motor - Michigan Facility,NORTH AMERICA,12,Planning,4190.3,4662.57,2770.95,2514.18,117.7,0.0,79805.94,82412.87,False,2024-02,5,Friday,False,472.27,2024-01-15,2024-07-30,826251.23,19,198,0.096
2024-02-03,AMR-001,Ford Motor - Michigan Facility,NORTH AMERICA,12,Planning,4264.26,3846.28,2542.55,2558.55,125.1,0.0,84070.2,86259.15,False,2024-02,5,Saturday,True,-417.98,2024-01-15,2024-07-30,826251.23,20,198,0.101
2024-02-04,AMR-001,Ford Motor - Michigan Facility,NORTH AMERICA,12,Hardware Procurement,4304.05,4304.83,2869.62,2582.43,105.1,0.0,88374.25,90563.98,False,2024-02,5,Sunday,True,0.78,2024-01-15,2024-07-30,826251.23,21,198,0.1061
2024-02-05,AMR-001,Ford Motor - Michigan Facility,NORTH AMERICA,12,Hardware Procurement,4103.28,4255.58,2719.85,2461.97,132.8,0.0,92477.53,94819.56,False,2024-02,6,Monday,False,152.3,2024-01-15,2024-07-30,826251.23,22,198,0.1111
2024-02-06,AMR-001,Ford Motor - Michigan Facility,NORTH AMERICA,12,Hardware Procurement,4672.5,4745.39,2809.39,2803.5,124.2,0.0,97150.03,99564.95,False,2024-02,6,Tuesday,False,72.89,2024-01-15,2024-07-30,826251.23,23,198,0.1162
2024-02-07,AMR-001,Ford Motor - Michigan Facility,NORTH AMERICA,12,Hardware Procurement,4105.49,4264.81,2880.57,2463.29,125.2,0.0,101255.52,103829.76,False,2024-02,6,Wednesday,False,159.32,2024-01-15,2024-07-30,826251.23,24,198,0.1212
2024-02-08,AMR-001,Ford Motor - Michigan Facility,NORTH AMERICA,12,Hardware Procurement,3932.4,4008.91,2570.19,2359.44,134.3,0.0,105187.92,107838.67,False,2024-02,6,Thursday,False,76.51,2024-01-15,2024-07-30,826251.23,25,198,0.1263
2024-02-09,AMR-001,Ford Motor - Michigan Facility,NORTH AMERICA,12,Hardware Procurement,3665.46,3851.39,2289.82,2199.27,96.4,0.0,108853.38,111690.06,False,2024-02,6,Friday,False,185.93,2024-01-15,2024-07-30,826251.23,26,198,0.1313
2024-02-10,AMR-001,Ford Motor - Michigan Facility,NORTH AMERICA,12,Hardware Procurement,4101.92,4449.38,3004.44,2461.15,129.1,0.0,112955.3,116139.44,False,2024-02,6,Saturday,True,347.46,2024-01-15,2024-07-30,826251.23,27,198,0.1364
2024-02-11,AMR-001,Ford Motor - Michigan Facility,NORTH AMERICA,12,Hardware Procurement,4224.2,4178.69,2723.16,2534.52,109.0,0.0,117179.5,120318.13,False,2024-02,6,Sunday,True,-45.51,2024-01-15,2024-07-30,826251.23,28,198,0.1414
2024-02-12,AMR-001,Ford Motor - Michigan Facility,NORTH AMERICA,12,Hardware Procurement,4252.36,5225.098178292014,3379.646457815183,2551.42,97.4,0.0,121431.86,125543.23,False,2024-02,7,Monday,False,972.74,2024-01-15,2024-07-30,826251.23,29,198,0.1465
2024-02-13,AMR-001,Ford Motor - Michigan Facility,NORTH AMERICA,12,Hardware Procurement,4100.64,3916.73,2295.47,2460.39,97.6,0.0,125532.5,129459.96,False,2024-02,7,Tuesday,False,-183.91,2024-01-15,2024-07-30,826251.23,30,198,0.1515
2024-02-14,AMR-001,Ford Motor - Michigan Facility,NORTH AMERICA,12,Hardware Procurement,4297.46,3988.75,2346.8,2578.47,103.8,0.0,129829.96,133448.71,False,2024-02,7,Wednesday,False,-308.71,2024-01-15,2024-07-30,826251.23,31,198,0.1566
2024-02-15,AMR-001,Ford Motor - Michigan Facility,NORTH AMERICA,12,Hardware Procurement,4510.22,3912.92,2220.1,2706.13,103.4,2.0,134340.18,137361.63,False,2024-02,7,Thursday,False,-597.3,2024-01-15,2024-07-30,826251.23,32,198,0.1616
2024-02-16,AMR-001,Ford Motor - Michigan Facility,NORTH AMERICA,12,Hardware Procurement,4068.23,3944.51,2342.07,2440.94,108.1,0.0,138408.41,141306.14,False,2024-02,7,Friday,False,-123.72,2024-01-15,2024-07-30,826251.23,33,198,0.1667
2024-02-17,AMR-001,Ford Motor - Michigan Facility,NORTH AMERICA,12,Hardware Procurement,4169.73,4595.54,2981.62,2501.84,127.3,0.0,142578.14,145901.68,False,2024-02,7,Saturday,True,425.81,2024-01-15,2024-07-30,826251.23,34,198,0.1717
2024-02-18,AMR-001,Ford Motor - Michigan Facility,NORTH AMERICA,12,Hardware Procurement,4647.9,4376.57,2433.81,2788.74,121.95,0.0,147226.04,150278.25,False,2024-02,7,Sunday,True,-271.33,2024-01-15,2024-07-30,826251.23,35,198,0.1768
2024-02-19,AMR-001,Ford Motor - Michigan Facility,NORTH AMERICA,12,Hardware Procurement,4388.75,4155.35,2560.32,2633.25,126.1,0.0,151614.79,154433.6,False,2024-02,8,Monday,False,-233.4,2024-01-15,2024-07-30,826251.23,36,198,0.1818
2024-02-20,AMR-001,Ford Motor - Michigan Facility,NORTH AMERICA,12,Hardware Procurement,4212.73,4157.67,2483.57,2527.64,125.4,0.0,155827.52,158591.27,False,2024-02,8,Tuesday,False,-55.06,2024-01-15,2024-07-30,826251.23,37,198,0.1869
2024-02-21,AMR-001,Ford Motor - Michigan Facility,NORTH AMERICA,12,Hardware Procurement,4243.76,4545.8,2694.64,2546.25,120.6,0.0,160071.28,163137.07,False,2024-02,8,Wednesday,False,302.04,2024-01-15,2024-07-30,826251.23,38,198,0.1919
2024-02-22,AMR-001,Ford Motor - Michigan Facility,NORTH AMERICA,12,Hardware Procurement,4105.05,4295.73,2857.97,2463.03,105.4,0.0,164176.33,167432.8,False,2024-02,8,Thursday,False,190.68,2024-01-15,2024-07-30,826251.23,39,198,0.197
2024-02-23,AMR-001,Ford Motor - Michigan Facility,NORTH AMERICA,12,Hardware Procurement,3887.53,3686.97,2035.97,2332.52,100.0,0.0,168063.86,171119.77,False,2024-02,8,Friday,False,-200.56,2024-01-15,2024-07-30,826251.23,40,198,0.202
2024-02-24,AMR-001,Ford Motor - Michigan Facility,NORTH AMERICA,12,Hardware Procurement,4080.21,4424.9,2529.62,2448.13,128.4,0.0,172144.07,175544.67,False,2024-02,8,Saturday,True,344.69,2024-01-15,2024-07-30,826251.23,41,198,0.2071
2024-02-25,AMR-001,Ford Motor - Michigan Facility,NORTH AMERICA,12,Hardware Procurement,4282.57,4120.68,2591.53,2569.54,128.0,0.0,176426.64,179665.35,False,2024-02,8,Sunday,True,-161.89,2024-01-15,2024-07-30,826251.23,42,198,0.2121
2024-02-26,AMR-001,Ford Motor - Michigan Facility,NORTH AMERICA,12,Hardware Procurement,3858.16,4047.32,2261.4,2314.89,143.3,0.0,180284.8,183712.67,False,2024-02,9,Monday,False,189.16,2024-01-15,2024-07-30,826251.23,43,198,0.2172
2024-02-27,AMR-001,Ford Motor - Michigan Facility,NORTH AMERICA,12,Hardware Procurement,3716.75,4353.33,2489.01,2230.05,130.5,2.0,184001.55,188066.0,False,2024-02,9,Tuesday,False,636.58,2024-01-15,2024-07-30,826251.23,44,198,0.2222
2024-02-28,AMR-001,Ford Motor - Michigan Facility,NORTH AMERICA,12,Hardware Procurement,4480.88,4337.56,2507.66,2688.53,135.7,0.0,188482.43,192403.56,False,2024-02,9,Wednesday,False,-143.32,2024-01-15,2024-07-30,826251.23,45,198,0.2273
2024-02-29,AMR-001,Ford Motor - Michigan Facility,NORTH AMERICA,12,Hardware Procurement,4353.64,4325.68,2793.93,2612.18,114.9,0.0,192836.07,196729.24,False,2024-02,9,Thursday,False,-27.96,2024-01-15,2024-07-30,826251.23,46,198,0.2323
2024-03-01,AMR-001,Ford Motor - Michigan Facility,NORTH AMERICA,12,Hardware Procurement,4300.35,4425.66,2714.2,2580.21,107.3,0.0,197136.42,201154.9,False,2024-03,9,Friday,False,125.31,2024-01-15,2024-07-30,826251.23,47,198,0.2374
2024-03-02,AMR-001,Ford Motor - Michigan Facility,NORTH AMERICA,12,Hardware Procurement,4294.25,4433.15,3091.38,2576.55,99.3,0.0,201430.67,205588.05,False,2024-03,9,Saturday,True,138.9,2024-01-15,2024-07-30,826251.23,48,198,0.2424
2024-03-03,AMR-001,Ford Motor - Michigan Facility,NORTH AMERICA,12,Hardware Procurement,3526.33,4444.62,3016.3,2115.8,134.8,0.0,204957.0,210032.67,False,2024-03,9,Sunday,True,918.29,2024-01-15,2024-07-30,826251.23,49,198,0.2475
2024-03-04,AMR-001,Ford Motor - Michigan Facility,NORTH AMERICA,12,Hardware Procurement,4059.81,4006.96,2453.5,2435.89,109.3,0.0,209016.81,214039.63,False,2024-03,10,Monday,False,-52.85,2024-01-15,2024-07-30,826251.23,50,198,0.2525
2024-03-05,AMR-001,Ford Motor - Michigan Facility,NORTH AMERICA,12,Staging & Config,4133.75,3978.82,2454.59,2480.25,100.9,0.0,213150.56,218018.45,False,2024-03,10,Tuesday,False,-154.93,2024-01-15,2024-07-30,826251.23,51,198,0.2576
2024-03-06,AMR-001,Ford Motor - Michigan Facility,NORTH AMERICA,12,Staging & Config,4105.1,4296.33,2575.97,2463.06,105.5,0.0,217255.66,222314.78,False,2024-03,10,Wednesday,False,191.23,2024-01-15,2024-07-30,826251.23,52,198,0.2626
2024-03-07,AMR-001,Ford Motor - Michigan Facility,NORTH AMERICA,12,Staging & Config,4571.56,4171.13,2851.61,2742.94,117.7,0.0,221827.22,226485.91,False,2024-03,10,Thursday,False,-400.43,2024-01-15,2024-07-30,826251.23,53,198,0.2677
2024-03-08,AMR-001,Ford Motor - Michigan Facility,NORTH AMERICA,12,Staging & Config,4183.12,4155.15,2542.37,2509.87,141.3,1.0,226010.34,230641.06,False,2024-03,10,Friday,False,-27.97,2024-01-15,2024-07-30,826251.23,54,198,0.2727
2024-03-09,AMR-001,Ford Motor - Michigan Facility,NORTH AMERICA,12,Staging & Config,4324.03,4061.16,2557.69,2594.42,124.5,0.0,230334.37,234702.22,False,2024-03,10,Saturday,True,-262.87,2024-01-15,2024-07-30,826251.23,55,198,0.2778
2024-03-10,AMR-001,Ford Motor - Michigan Facility,NORTH AMERICA,12,Staging & Config,4231.1,4578.82,2912.48,2538.66,108.8,0.0,234565.47,239281.04,False,2024-03,10,Sunday,True,347.72,2024-01-15,2024-07-30,826251.23,56,198,0.2828
2024-03-11,AMR-001,Ford Motor - Michigan Facility,NORTH AMERICA,12,Staging & Config,3989.72,4216.3,2938.72,2393.83,102.4,0.0,238555.19,243497.34,False,2024-03,11,Monday,False,226.58,2024-01-15,2024-07-30,826251.23,57,198,0.2879
2024-03-12,AMR-001,Ford Motor - Michigan Facility,NORTH AMERICA,12,Staging & Config,4334.26,5225.098178292014,3379.646457815183,2600.55,140.5,2.0,242889.45,248722.44,True,2024-03,11,Tuesday,False,890.84,2024-01-15,2024-07-30,826251.23,58,198,0.2929
2024-03-13,AMR-001,Ford Motor - Michigan Facility,NORTH AMERICA,12,Staging & Config,4251.82,4304.66,2872.04,2551.09,110.9,0.0,247141.27,253027.1,False,2024-03,11,Wednesday,False,52.84,2024-01-15,2024-07-30,826251.23,59,198,0.298
2024-03-14,AMR-001,Ford Motor - Michigan Facility,NORTH AMERICA,12,Staging & Config,4070.09,3890.71,2370.95,2442.06,136.0,0.0,251211.36,256917.81,False,2024-03,11,Thursday,False,-179.38,2024-01-15,2024-07-30,826251.23,60,198,0.303
2024-03-15,AMR-001,Ford Motor - Michigan Facility,NORTH AMERICA,12,Staging & Config,3966.68,4090.61,2317.34,2380.01,123.8,0.0,255178.04,261008.42,False,2024-03,11,Friday,False,123.93,2024-01-15,2024-07-30,826251.23,61,198,0.3081
2024-03-16,AMR-001,Ford Motor - Michigan Facility,NORTH AMERICA,12,Staging & Config,4238.23,4206.11,2818.52,2542.94,96.2,0.0,259416.27,265214.53,False,2024-03,11,Saturday,True,-32.12,2024-01-15,2024-07-30,826251.23,62,198,0.3131
2024-03-17,AMR-001,Ford Motor - Michigan Facility,NORTH AMERICA,12,Staging & Config,4105.92,4608.61,2944.97,2463.55,113.4,0.0,263522.19,269823.14,False,2024-03,11,Sunday,True,502.69,2024-01-15,2024-07-30,826251.23,63,198,0.3182
2024-03-18,AMR-001,Ford Motor - Michigan Facility,NORTH AMERICA,12,Staging & Config,4054.03,4343.54,2662.45,2432.42,141.8,0.0,267576.22,274166.68,False,2024-03,12,Monday,False,289.51,2024-01-15,2024-07-30,826251.23,64,198,0.3232
2024-03-19,AMR-001,Ford Motor - Michigan Facility,NORTH AMERICA,12,Staging & Config,3708.29,4411.18,2789.74,2224.98,114.6,0.0,271284.51,278577.86,False,2024-03,12,Tuesday,False,702.89,2024-01-15,2024-07-30,826251.23,65,198,0.3283
2024-03-20,AMR-001,Ford Motor - Michigan Facility,NORTH AMERICA,12,Staging & Config,4460.74,3748.52,2441.47,2676.44,114.3,0.0,275745.25,282326.38,False,2024-03,12,Wednesday,False,-712.22,2024-01-15,2024-07-30,826251.23,66,198,0.3333
2024-03-21,AMR-001,Ford Motor - Michigan Facility,NORTH AMERICA,12,Staging & Config,3700.06,3739.94,2172.61,2220.03,121.4,0.0,279445.31,286066.32,False,2024-03,12,Thursday,False,39.88,2024-01-15,2024-07-30,826251.23,67,198,0.3384
2024-03-22,AMR-001,Ford Motor - Michigan Facility,NORTH AMERICA,12,Staging & Config,4372.82,4719.11,3221.29,2623.69,127.2,0.0,283818.13,290785.43,False,2024-03,12,Friday,False,346.29,2024-01-15,2024-07-30,826251.23,68,198,0.3434
2024-03-23,AMR-001,Ford Motor - Michigan Facility,NORTH AMERICA,12,Staging & Config,3963.98,4258.26,2902.08,2378.39,132.5,0.0,287782.11,295043.69,False,2024-03,12,Saturday,True,294.28,2024-01-15,2024-07-30,826251.23,69,198,0.3485
2024-03-24,AMR-001,Ford Motor - Michigan Facility,NORTH AMERICA,12,Staging & Config,4562.89,3871.51,2140.78,2737.73,127.8,0.0,292345.0,298915.2,False,2024-03,12,Sunday,True,-691.38,2024-01-15,2024-07-30,826251.23,70,198,0.3535
2024-03-25,AMR-001,Ford Motor - Michigan Facility,NORTH AMERICA,12,Staging & Config,4015.26,4496.82,2534.84,2409.16,130.5,0.0,296360.26,303412.02,False,2024-03,13,Monday,False,481.56,2024-01-15,2024-07-30,826251.23,71,198,0.3586
2024-03-26,AMR-001,Ford Motor - Michigan Facility,NORTH AMERICA,12,Staging & Config,4300.02,4088.51,2630.41,2580.01,138.0,0.0,300660.28,307500.53,False,2024-03,13,Tuesday,False,-211.51,2024-01-15,2024-07-30,826251.23,72,198,0.3636
2024-03-27,AMR-001,Ford Motor - Michigan Facility,NORTH AMERICA,12,Staging & Config,4452.98,4520.66,2682.22,2671.79,121.6,0.0,305113.26,312021.19,False,2024-03,13,Wednesday,False,67.68,2024-01-15,2024-07-30,826251.23,73,198,0.3687
2024-03-28,AMR-001,Ford Motor - Michigan Facility,NORTH AMERICA,12,Staging & Config,4188.15,4518.89,2818.15,2512.89,113.9,0.0,309301.41,316540.08,False,2024-03,13,Thursday,False,330.74,2024-01-15,2024-07-30,826251.23,74,198,0.3737
2024-03-29,AMR-001,Ford Motor - Michigan Facility,NORTH AMERICA,12,Staging & Config,4165.02,4394.66,3035.23,2499.01,100.9,0.0,313466.43,320934.74,False,2024-03,13,Friday,False,229.64,2024-01-15,2024-07-30,826251.23,75,198,0.3788
2024-03-30,AMR-001,Ford Motor - Michigan Facility,NORTH AMERICA,12,Staging & Config,4173.37,4460.15,2480.89,2504.02,138.3,0.0,317639.8,325394.89,False,2024-03,13,Saturday,True,286.78,2024-01-15,2024-07-30,826251.23,76,198,0.3838
2024-03-31,AMR-001,Ford Motor - Michigan Facility,NORTH AMERICA,12,Staging & Config,4430.27,4910.14,2767.02,2658.16,140.5,0.0,322070.07,330305.03,False,2024-03,13,Sunday,True,479.87,2024-01-15,2024-07-30,826251.23,77,198,0.3889
2024-04-01,AMR-001,Ford Motor - Michigan Facility,NORTH AMERICA,12,Staging & Config,4017.45,4300.58,2726.51,2410.47,114.5,0.0,326087.52,334605.61,False,2024-04,14,Monday,False,283.13,2024-01-15,2024-07-30,826251.23,78,198,0.3939
2024-04-02,AMR-001,Ford Motor - Michigan Facility,NORTH AMERICA,12,Staging & Config,4051.51,3837.72,2675.04,2430.9,139.3,0.0,330139.03,338443.33,False,2024-04,14,Tuesday,False,-213.79,2024-01-15,2024-07-30,826251.23,79,198,0.399
2024-04-03,AMR-001,Ford Motor - Michigan Facility,NORTH AMERICA,12,Staging & Config,4296.1,4613.63,2587.79,2577.66,116.1,0.0,334435.13,343056.96,False,2024-04,14,Wednesday,False,317.53,2024-01-15,2024-07-30,826251.23,80,198,0.404
2024-04-04,AMR-001,Ford Motor - Michigan Facility,NORTH AMERICA,12,Site Installation,4129.34,4222.24,2841.44,2477.6,115.5,0.0,338564.47,347279.2,False,2024-04,14,Thursday,False,92.9,2024-01-15,2024-07-30,826251.23,81,198,0.4091
2024-04-05,AMR-001,Ford Motor - Michigan Facility,NORTH AMERICA,12,Site Installation,4515.79,4441.9,2643.31,2709.47,138.1,0.0,343080.26,351721.1,False,2024-04,14,Friday,False,-73.89,2024-01-15,2024-07-30,826251.23,82,198,0.4141
2024-04-06,AMR-001,Ford Motor - Michigan Facility,NORTH AMERICA,12,Site Installation,4153.05,4798.45,3191.06,2491.83,123.0,0.0,347233.31,356519.55,False,2024-04,14,Saturday,True,645.4,2024-01-15,2024-07-30,826251.23,83,198,0.4192
2024-04-07,AMR-001,Ford Motor - Michigan Facility,NORTH AMERICA,12,Site Installation,4308.22,3781.76,2508.11,2584.93,138.7,0.0,351541.53,360301.31,False,2024-04,14,Sunday,True,-526.46,2024-01-15,2024-07-30,826251.23,84,198,0.4242
2024-04-08,AMR-001,Ford Motor - Michigan Facility,NORTH AMERICA,12,Site Installation,3913.81,4811.19,2658.6,2348.29,133.7,0.0,355455.34,365112.5,False,2024-04,15,Monday,False,897.38,2024-01-15,2024-07-30,826251.23,85,198,0.4293
2024-04-09,AMR-001,Ford Motor - Michigan Facility,NORTH AMERICA,12,Site Installation,4419.65,4805.63,2957.81,2651.79,96.7,0.0,359874.99,369918.13,False,2024-04,15,Tuesday,False,385.98,2024-01-15,2024-07-30,826251.23,86,198,0.4343
2024-04-10,AMR-001,Ford Motor - Michigan Facility,NORTH AMERICA,12,Site Installation,4483.77,4058.54,2298.24,2690.26,98.1,0.0,364358.76,373976.67,False,2024-04,15,Wednesday,False,-425.23,2024-01-15,2024-07-30,826251.23,87,198,0.4394
2024-04-11,AMR-001,Ford Motor - Michigan Facility,NORTH AMERICA,12,Site Installation,4414.07,4362.34,2745.66,2648.44,110.6,0.0,368772.83,378339.01,False,2024-04,15,Thursday,False,-51.73,2024-01-15,2024-07-30,826251.23,88,198,0.4444
2024-04-12,AMR-001,Ford Motor - Michigan Facility,NORTH AMERICA,12,Site Installation,4663.09,4463.35,2927.08,2797.86,114.4,0.0,373435.92,382802.36,False,2024-04,15,Friday,False,-199.74,2024-01-15,2024-07-30,826251.23,89,198,0.4495
2024-04-13,AMR-001,Ford Motor - Michigan Facility,NORTH AMERICA,12,Site Installation,4224.18,5225.098178292014,3385.27,2534.51,114.8,0.0,377660.1,388027.45,True,2024-04,15,Saturday,True,1000.92,2024-01-15,2024-07-30,826251.23,90,198,0.4545
2024-04-14,AMR-001,Ford Motor - Michigan Facility,NORTH AMERICA,12,Site Installation,4157.67,3907.62,2701.52,2494.6,112.0,0.0,381817.77,391935.07,False,2024-04,15,Sunday,True,-250.05,2024-01-15,2024-07-30,826251.23,91,198,0.4596
2024-04-15,AMR-001,Ford Motor - Michigan Facility,NORTH AMERICA,12,Site Installation,3969.0,4484.69,2789.56,2381.4,99.9,0.0,385786.77,396419.76,False,2024-04,16,Monday,False,515.69,2024-01-15,2024-07-30,826251.23,92,198,0.4646
2024-04-16,AMR-001,Ford Motor - Michigan Facility,NORTH AMERICA,12,Site Installation,4129.26,3822.73,2225.46,2477.56,139.6,0.0,389916.03,400242.49,False,2024-04,16,Tuesday,False,-306.53,2024-01-15,2024-07-30,826251.23,93,198,0.4697
2024-04-17,AMR-001,Ford Motor - Michigan Facility,NORTH AMERICA,12,Site Installation,4204.86,4891.89,3334.55,2522.91,110.9,0.0,394120.89,405134.38,False,2024-04,16,Wednesday,False,687.03,2024-01-15,2024-07-30,826251.23,94,198,0.4747
2024-04-18,AMR-001,Ford Motor - Michigan Facility,NORTH AMERICA,12,Site Installation,4182.26,3969.24,2544.24,2509.35,118.5,0.0,398303.15,409103.62,True,2024-04,16,Thursday,False,-213.02,2024-01-15,2024-07-30,826251.23,95,198,0.4798
2024-04-19,AMR-001,Ford Motor - Michigan Facility,NORTH AMERICA,12,Site Installation,3961.13,4143.43,2670.46,2376.68,138.1,0.0,402264.28,413247.05,False,2024-04,16,Friday,False,182.3,2024-01-15,2024-07-30,826251.23,96,198,0.4848
2024-04-20,AMR-001,Ford Motor - Michigan Facility,NORTH AMERICA,12,Site Installation,4352.22,4760.75,2984.1,2611.33,110.9,0.0,406616.5,418007.8,False,2024-04,16,Saturday,True,408.53,2024-01-15,2024-07-30,826251.23,97,198,0.4899
2024-04-21,AMR-001,Ford Motor - Michigan Facility,NORTH AMERICA,12,Site Installation,4019.16,4519.59,2764.2,2411.49,136.1,0.0,410635.66,422527.39,False,2024-04,16,Sunday,True,500.43,2024-01-15,2024-07-30,826251.23,98,198,0.4949
2024-04-22,AMR-001,Ford Motor - Michigan Facility,NORTH AMERICA,12,Site Installation,4295.45,3985.26,2478.62,2577.27,137.1,0.0,414931.11,426512.65,False,2024-04,17,Monday,False,-310.19,2024-01-15,2024-07-30,826251.23,99,198,0.5
2024-04-23,AMR-001,Ford Motor - Michigan Facility,NORTH AMERICA,12,Site Installation,4120.89,4551.73,2656.68,2472.53,121.9,0.0,419052.0,431064.38,False,2024-04,17,Tuesday,False,430.84,2024-01-15,2024-07-30,826251.23,100,198,0.5051
2024-04-24,AMR-001,Ford Motor - Michigan Facility,NORTH AMERICA,12,Site Installation,4146.39,4836.51,3180.47,2487.84,112.7,1.0,423198.39,435900.89,True,2024-04,17,Wednesday,False,690.12,2024-01-15,2024-07-30,826251.23,101,198,0.5101
2024-04-25,AMR-001,Ford Motor - Michigan Facility,NORTH AMERICA,12,Site Installation,4336.18,4255.86,2671.645,2601.71,103.3,0.0,427534.57,440156.75,False,2024-04,17,Thursday,False,-80.32,2024-01-15,2024-07-30,826251.23,102,198,0.5152
2024-04-26,AMR-001,Ford Motor - Michigan Facility,NORTH AMERICA,12,Site Installation,4115.36,4330.62,2905.86,2469.21,139.7,0.0,431649.93,444487.37,False,2024-04,17,Friday,False,215.26,2024-01-15,2024-07-30,826251.23,103,198,0.5202
2024-04-27,AMR-001,Ford Motor - Michigan Facility,NORTH AMERICA,12,Site Installation,4102.35,4295.25,2918.27,2461.41,106.2,0.0,435752.28,448782.62,False,2024-04,17,Saturday,True,192.9,2024-01-15,2024-07-30,826251.23,104,198,0.5253
2024-04-28,AMR-001,Ford Motor - Michigan Facility,NORTH AMERICA,12,Site Installation,3982.83,5328.05,3121.98,2389.7,139.2,0.0,439735.11,454110.67,True,2024-04,17,Sunday,True,1345.22,2024-01-15,2024-07-30,826251.23,105,198,0.5303
2024-04-29,AMR-001,Ford Motor - Michigan Facility,NORTH AMERICA,12,Site Installation,4285.17,4573.17,2568.99,2571.1,138.7,2.0,444020.28,458683.84,False,2024-04,18,Monday,False,288.0,2024-01-15,2024-07-30,826251.23,106,198,0.5354
2024-04-30,AMR-001,Ford Motor - Michigan Facility,NORTH AMERICA,12,Site Installation,4476.54,4385.45,2531.97,2685.93,133.9,0.0,448496.82,463069.29,False,2024-04,18,Tuesday,False,-91.09,2024-01-15,2024-07-30,826251.23,107,198,0.5404
2024-05-01,AMR-001,Ford Motor - Michigan Facility,NORTH AMERICA,12,Site Installation,4044.21,4293.44,2833.93,2426.52,125.0,0.0,452541.03,467362.73,False,2024-05,18,Wednesday,False,249.23,2024-01-15,2024-07-30,826251.23,108,198,0.5455
2024-05-02,AMR-001,Ford Motor - Michigan Facility,NORTH AMERICA,12,Site Installation,4202.87,4289.73,2865.59,2521.72,102.4,0.0,456743.9,471652.46,False,2024-05,18,Thursday,False,86.86,2024-01-15,2024-07-30,826251.23,109,198,0.5505
2024-05-03,AMR-001,Ford Motor - Michigan Facility,NORTH AMERICA,12,Site Installation,4283.91,4823.65,3065.75,2570.34,111.3,0.0,461027.81,476476.11,False,2024-05,18,Friday,False,539.74,2024-01-15,2024-07-30,826251.23,110,198,0.5556
2024-05-04,AMR-001,Ford Motor - Michigan Facility,NORTH AMERICA,12,Site Installation,3810.52,4744.15,3014.07,2286.31,131.1,0.0,464838.33,481220.26,False,2024-05,18,Saturday,True,933.63,2024-01-15,2024-07-30,826251.23,111,198,0.5606
2024-05-05,AMR-001,Ford Motor - Michigan Facility,NORTH AMERICA,12,Site Installation,3818.42,5225.098178292014,2141.78,2291.05,121.6,0.0,468656.75,486445.36,False,2024-05,18,Sunday,True,1406.68,2024-01-15,2024-07-30,826251.23,112,198,0.5657
2024-05-06,AMR-001,Ford Motor - Michigan Facility,NORTH AMERICA,12,Site Installation,4087.12,4254.19,2387.51,2452.27,131.8,0.0,472743.87,490699.55,False,2024-05,19,Monday,False,167.07,2024-01-15,2024-07-30,826251.23,113,198,0.5707
2024-05-07,AMR-001,Ford Motor - Michigan Facility,NORTH AMERICA,12,Site Installation,4112.2,4581.37,3065.51,2467.32,107.8,0.0,476856.07,495280.92,False,2024-05,19,Tuesday,False,469.17,2024-01-15,2024-07-30,826251.23,114,198,0.5758
2024-05-08,AMR-001,Ford Motor - Michigan Facility,NORTH AMERICA,12,Site Installation,3903.86,4755.46,3197.44,2342.32,120.4,0.0,480759.93,500036.38,False,2024-05,19,Wednesday,False,851.6,2024-01-15,2024-07-30,826251.23,115,198,0.5808
2024-05-09,AMR-001,Ford Motor - Michigan Facility,NORTH AMERICA,12,Site Installation,4611.68,4308.75,2374.13,2767.01,118.1,0.0,485371.61,504345.13,False,2024-05,19,Thursday,False,-302.93,2024-01-15,2024-07-30,826251.23,116,198,0.5859
2024-05-10,AMR-001,Ford Motor - Michigan Facility,NORTH AMERICA,12,Site Installation,4134.63,4467.62,2980.28,2480.78,128.4,0.0,489506.24,508812.75,False,2024-05,19,Friday,False,332.99,2024-01-15,2024-07-30,826251.23,117,198,0.5909
2024-05-11,AMR-001,Ford Motor - Michigan Facility,NORTH AMERICA,12,Site Installation,4081.57,4672.09,3176.98,2448.94,127.2,0.0,493587.81,513484.84,False,2024-05,19,Saturday,True,590.52,2024-01-15,2024-07-30,826251.23,118,198,0.596
2024-05-12,AMR-001,Ford Motor - Michigan Facility,NORTH AMERICA,12,Site Installation,3713.28,4364.73,2592.59,2227.97,127.0,0.0,497301.09,517849.57,False,2024-05,19,Sunday,True,651.45,2024-01-15,2024-07-30,826251.23,119,198,0.601
2024-05-13,AMR-001,Ford Motor - Michigan Facility,NORTH AMERICA,12,Site Installation,4011.51,4544.4,3005.27,2406.9,112.2,0.0,501312.6,522393.97,False,2024-05,20,Monday,False,532.89,2024-01-15,2024-07-30,826251.23,120,198,0.6061
2024-05-14,AMR-001,Ford Motor - Michigan Facility,NORTH AMERICA,12,Site Installation,3730.21,4046.85,2483.81,2238.13,124.7,0.0,505042.81,526440.82,False,2024-05,20,Tuesday,False,316.64,2024-01-15,2024-07-30,826251.23,121,198,0.6111
2024-05-15,AMR-001,Ford Motor - Michigan Facility,NORTH AMERICA,12,Site Installation,4253.93,3828.54,2441.72,2552.36,123.4,0.0,509296.74,530269.36,False,2024-05,20,Wednesday,False,-425.39,2024-01-15,2024-07-30,826251.23,122,198,0.6162
2024-05-16,AMR-001,Ford Motor - Michigan Facility,NORTH AMERICA,12,Site Installation,4504.19,4593.32,3150.8,2702.52,119.3,2.0,513800.93,534862.68,False,2024-05,20,Thursday,False,89.13,2024-01-15,2024-07-30,826251.23,123,198,0.6212
2024-05-17,AMR-001,Ford Motor - Michigan Facility,NORTH AMERICA,12,Site Installation,4050.2,4727.78,2823.67,2430.12,132.5,0.0,517851.13,539590.46,False,2024-05,20,Friday,False,677.58,2024-01-15,2024-07-30,826251.23,124,198,0.6263
2024-05-18,AMR-001,Ford Motor - Michigan Facility,NORTH AMERICA,12,Site Installation,4383.74,4473.67,2475.23,2630.24,121.4,0.0,522234.87,544064.13,False,2024-05,20,Saturday,True,89.93,2024-01-15,2024-07-30,826251.23,125,198,0.6313
2024-05-19,AMR-001,Ford Motor - Michigan Facility,NORTH AMERICA,12,Site Installation,4157.44,4496.64,2611.61,2494.46,127.3,0.0,526392.31,548560.77,False,2024-05,20,Sunday,True,339.2,2024-01-15,2024-07-30,826251.23,126,198,0.6364
2024-05-20,AMR-001,Ford Motor - Michigan Facility,NORTH AMERICA,12,Site Installation,4081.8,3999.32,2799.42,2449.08,101.5,0.0,530474.11,552560.09,False,2024-05,21,Monday,False,-82.48,2024-01-15,2024-07-30,826251.23,127,198,0.6414
2024-05-21,AMR-001,Ford Motor - Michigan Facility,NORTH AMERICA,12,Site Installation,4139.0,4807.88,3074.78,2483.4,103.8,0.0,534613.11,557367.97,False,2024-05,21,Tuesday,False,668.88,2024-01-15,2024-07-30,826251.23,128,198,0.6465
2024-05-22,AMR-001,Ford Motor - Michigan Facility,NORTH AMERICA,12,Site Installation,3671.95,4145.02,2360.29,2203.17,119.3,0.0,538285.06,561512.99,False,2024-05,21,Wednesday,False,473.07,2024-01-15,2024-07-30,826251.23,129,198,0.6515
2024-05-23,AMR-001,Ford Motor - Michigan Facility,NORTH AMERICA,12,UAT,4259.65,3925.32,2518.86,2555.79,106.9,0.0,542544.71,565438.31,False,2024-05,21,Thursday,False,-334.33,2024-01-15,2024-07-30,826251.23,130,198,0.6566
2024-05-24,AMR-001,Ford Motor - Michigan Facility,NORTH AMERICA,12,UAT,4064.94,4179.89,2925.77,2438.96,122.0,0.0,546609.65,569618.2,False,2024-05,21,Friday,False,114.95,2024-01-15,2024-07-30,826251.23,131,198,0.6616
2024-05-25,AMR-001,Ford Motor - Michigan Facility,NORTH AMERICA,12,UAT,4463.16,4533.36,2873.6,2677.89,126.7,0.0,551072.81,574151.56,False,2024-05,21,Saturday,True,70.2,2024-01-15,2024-07-30,826251.23,132,198,0.6667
2024-05-26,AMR-001,Ford Motor - Michigan Facility,NORTH AMERICA,12,UAT,4005.17,4590.72,3099.73,2403.1,104.5,0.0,555077.98,578742.28,False,2024-05,21,Sunday,True,585.55,2024-01-15,2024-07-30,826251.23,133,198,0.6717
2024-05-27,AMR-001,Ford Motor - Michigan Facility,NORTH AMERICA,12,UAT,4144.83,4364.5,2816.79,2486.9,119.3,0.0,559222.81,583106.78,False,2024-05,22,Monday,False,219.67,2024-01-15,2024-07-30,826251.23,134,198,0.6768
2024-05-28,AMR-001,Ford Motor - Michigan Facility,NORTH AMERICA,12,UAT,4358.15,3982.3,2303.76,2614.89,119.8,0.0,563580.96,587089.08,False,2024-05,22,Tuesday,False,-375.85,2024-01-15,2024-07-30,826251.23,135,198,0.6818
2024-05-29,AMR-001,Ford Motor - Michigan Facility,NORTH AMERICA,12,UAT,4426.04,4207.27,2350.87,2655.62,105.8,0.0,568007.0,591296.35,False,2024-05,22,Wednesday,False,-218.77,2024-01-15,2024-07-30,826251.23,136,198,0.6869
2024-05-30,AMR-001,Ford Motor - Michigan Facility,NORTH AMERICA,12,UAT,4382.6,3926.62,2630.01,2629.56,106.2,0.0,572389.6,595222.97,False,2024-05,22,Thursday,False,-455.98,2024-01-15,2024-07-30,826251.23,137,198,0.6919
2024-05-31,AMR-001,Ford Motor - Michigan Facility,NORTH AMERICA,12,UAT,3765.21,4258.12,2804.6,2259.13,105.1,0.0,576154.81,599481.09,False,2024-05,22,Friday,False,492.91,2024-01-15,2024-07-30,826251.23,138,198,0.697
2024-06-01,AMR-001,Ford Motor - Michigan Facility,NORTH AMERICA,12,UAT,3879.21,4089.21,2686.2,2327.53,134.8,0.0,580034.02,603570.3,False,2024-06,22,Saturday,True,210.0,2024-01-15,2024-07-30,826251.23,139,198,0.702
2024-06-02,AMR-001,Ford Motor - Michigan Facility,NORTH AMERICA,12,UAT,4088.84,4793.95,2875.04,2453.3,138.1,0.0,584122.86,608364.25,False,2024-06,22,Sunday,True,705.11,2024-01-15,2024-07-30,826251.23,140,198,0.7071
2024-06-03,AMR-001,Ford Motor - Michigan Facility,NORTH AMERICA,12,UAT,4384.24,4289.13,2401.56,2630.55,125.5,0.0,588507.1,612653.38,False,2024-06,23,Monday,False,-95.11,2024-01-15,2024-07-30,826251.23,141,198,0.7121
2024-06-04,AMR-001,Ford Motor - Michigan Facility,NORTH AMERICA,12,UAT,4624.58,4153.79,2322.42,2774.75,115.3,0.0,593131.68,616807.17,False,2024-06,23,Tuesday,False,-470.79,2024-01-15,2024-07-30,826251.23,142,198,0.7172
2024-06-05,AMR-001,Ford Motor - Michigan Facility,NORTH AMERICA,12,UAT,3971.88,4274.06,2743.57,2383.13,98.6,0.0,597103.56,621081.23,False,2024-06,23,Wednesday,False,302.18,2024-01-15,2024-07-30,826251.23,143,198,0.7222
2024-06-06,AMR-001,Ford Motor - Michigan Facility,NORTH AMERICA,12,UAT,4358.25,4698.64,2894.98,2614.95,132.6,0.0,601461.81,625779.87,False,2024-06,23,Thursday,False,340.39,2024-01-15,2024-07-30,826251.23,144,198,0.7273
2024-06-07,AMR-001,Ford Motor - Michigan Facility,NORTH AMERICA,12,UAT,3896.0,4315.9,2435.75,2337.6,122.6,2.0,605357.81,630095.77,False,2024-06,23,Friday,False,419.9,2024-01-15,2024-07-30,826251.23,145,198,0.7323
2024-06-08,AMR-001,Ford Motor - Michigan Facility,NORTH AMERICA,12,UAT,4121.52,4218.78,2590.43,2472.91,99.7,0.0,609479.33,634314.55,False,2024-06,23,Saturday,True,97.26,2024-01-15,2024-07-30,826251.23,146,198,0.7374
2024-06-09,AMR-001,Ford Motor - Michigan Facility,NORTH AMERICA,12,UAT,3978.64,4078.52,2621.99,2387.19,117.4,0.0,613457.97,638393.07,False,2024-06,23,Sunday,True,99.88,2024-01-15,2024-07-30,826251.23,147,198,0.7424
2024-06-10,AMR-001,Ford Motor - Michigan Facility,NORTH AMERICA,12,UAT,4521.49,4377.09,2433.44,2712.89,117.0,0.0,617979.46,642770.16,False,2024-06,24,Monday,False,-144.4,2024-01-15,2024-07-30,826251.23,148,198,0.7475
2024-06-11,AMR-001,Ford Motor - Michigan Facility,NORTH AMERICA,12,UAT,4107.91,4616.84,2856.04,2464.74,125.4,0.0,622087.37,647387.0,False,2024-06,24,Tuesday,False,508.93,2024-01-15,2024-07-30,826251.23,149,198,0.7525
2024-06-12,AMR-001,Ford Motor - Michigan Facility,NORTH AMERICA,12,UAT,4500.63,3846.19,2615.7,2700.38,131.5,0.0,626588.0,651233.19,False,2024-06,24,Wednesday,False,-654.44,2024-01-15,2024-07-30,826251.23,150,198,0.7576
2024-06-13,AMR-001,Ford Motor - Michigan Facility,NORTH AMERICA,12,UAT,4363.34,4585.65,2647.98,2618.0,137.2,0.0,630951.34,655818.84,False,2024-06,24,Thursday,False,222.31,2024-01-15,2024-07-30,826251.23,151,198,0.7626
2024-06-14,AMR-001,Ford Motor - Michigan Facility,NORTH AMERICA,12,UAT,4262.97,4273.06,2925.64,2557.78,141.3,0.0,635214.31,660091.9,False,2024-06,24,Friday,False,10.09,2024-01-15,2024-07-30,826251.23,152,198,0.7677
2024-06-15,AMR-001,Ford Motor - Michigan Facility,NORTH AMERICA,12,UAT,4398.83,4940.35,2870.87,2639.3,130.7,0.0,639613.14,665032.25,False,2024-06,24,Saturday,True,541.52,2024-01-15,2024-07-30,826251.23,153,198,0.7727
2024-06-16,AMR-001,Ford Motor - Michigan Facility,NORTH AMERICA,12,UAT,4129.09,4121.44,2609.26,2477.45,126.9,0.0,643742.23,669153.69,False,2024-06,24,Sunday,True,-7.65,2024-01-15,2024-07-30,826251.23,154,198,0.7778
2024-06-17,AMR-001,Ford Motor - Michigan Facility,NORTH AMERICA,12,UAT,4222.29,4342.7,2426.61,2533.38,112.1,0.0,647964.52,673496.39,False,2024-06,25,Monday,False,120.41,2024-01-15,2024-07-30,826251.23,155,198,0.7828
2024-06-18,AMR-001,Ford Motor - Michigan Facility,NORTH AMERICA,12,UAT,4280.56,4510.02,2602.05,2568.34,126.4,0.0,652245.08,678006.41,False,2024-06,25,Tuesday,False,229.46,2024-01-15,2024-07-30,826251.23,156,198,0.7879
2024-06-19,AMR-001,Ford Motor - Michigan Facility,NORTH AMERICA,12,UAT,4093.56,4300.58,2564.47,2456.14,136.2,0.0,656338.64,682306.99,False,2024-06,25,Wednesday,False,207.02,2024-01-15,2024-07-30,826251.23,157,198,0.7929
2024-06-20,AMR-001,Ford Motor - Michigan Facility,NORTH AMERICA,12,UAT,4018.36,3888.95,2414.21,2411.02,124.6,0.0,660357.0,686195.94,False,2024-06,25,Thursday,False,-129.41,2024-01-15,2024-07-30,826251.23,158,198,0.798
2024-06-21,AMR-001,Ford Motor - Michigan Facility,NORTH AMERICA,12,UAT,4094.51,4560.79,2638.42,2456.71,122.9,0.0,664451.51,690756.73,False,2024-06,25,Friday,False,466.28,2024-01-15,2024-07-30,826251.23,159,198,0.803
2024-06-22,AMR-001,Ford Motor - Michigan Facility,NORTH AMERICA,12,Go-Live,4114.12,4376.91,3013.62,2468.47,121.95,0.0,668565.63,695133.64,False,2024-06,25,Saturday,True,262.79,2024-01-15,2024-07-30,826251.23,160,198,0.8081
2024-06-23,AMR-001,Ford Motor - Michigan Facility,NORTH AMERICA,12,Go-Live,3882.76,3875.85,2650.49,2329.66,96.3,0.0,672448.39,699009.49,False,2024-06,25,Sunday,True,-6.91,2024-01-15,2024-07-30,826251.23,161,198,0.8131
2024-06-24,AMR-001,Ford Motor - Michigan Facility,NORTH AMERICA,12,Go-Live,3743.79,4611.35,2661.06,2246.28,132.0,0.0,676192.18,703620.84,False,2024-06,26,Monday,False,867.56,2024-01-15,2024-07-30,826251.23,162,198,0.8182
2024-06-25,AMR-001,Ford Motor - Michigan Facility,NORTH AMERICA,12,Go-Live,4208.24,3875.69,2537.71,2524.94,132.3,0.0,680400.42,707496.53,False,2024-06,26,Tuesday,False,-332.55,2024-01-15,2024-07-30,826251.23,163,198,0.8232
2024-06-26,AMR-001,Ford Motor - Michigan Facility,NORTH AMERICA,12,Go-Live,4495.43,4135.57,2478.74,2697.26,100.1,0.0,684895.85,711632.1,False,2024-06,26,Wednesday,False,-359.86,2024-01-15,2024-07-30,826251.23,164,198,0.8283
2024-06-27,AMR-001,Ford Motor - Michigan Facility,NORTH AMERICA,12,Go-Live,4187.79,4088.75,2651.32,2512.67,127.2,0.0,689083.64,715720.85,False,2024-06,26,Thursday,False,-99.04,2024-01-15,2024-07-30,826251.23,165,198,0.8333
2024-06-28,AMR-001,Ford Motor - Michigan Facility,NORTH AMERICA,12,Go-Live,4239.96,5034.88,2944.71,2543.98,143.2,0.0,693323.6,720755.73,False,2024-06,26,Friday,False,794.92,2024-01-15,2024-07-30,826251.23,166,198,0.8384
2024-06-29,AMR-001,Ford Motor - Michigan Facility,NORTH AMERICA,12,Go-Live,4397.5,4558.38,2823.72,2638.5,130.5,0.0,697721.1,725314.11,False,2024-06,26,Saturday,True,160.88,2024-01-15,2024-07-30,826251.23,167,198,0.8434
2024-06-30,AMR-001,Ford Motor - Michigan Facility,NORTH AMERICA,12,Go-Live,4096.64,4220.1,2872.27,2457.98,120.6,0.0,701817.74,729534.21,False,2024-06,26,Sunday,True,123.46,2024-01-15,2024-07-30,826251.23,168,198,0.8485
2024-07-01,AMR-001,Ford Motor - Michigan Facility,NORTH AMERICA,12,Go-Live,4119.02,3303.85,2158.51,2471.41,138.4,0.0,705936.76,732838.06,False,2024-07,27,Monday,False,-815.17,2024-01-15,2024-07-30,826251.23,169,198,0.8535
2024-07-02,AMR-001,Ford Motor - Michigan Facility,NORTH AMERICA,12,Go-Live,4239.1,4586.09,2553.02,2543.46,126.0,0.0,710175.86,737424.15,False,2024-07,27,Tuesday,False,346.99,2024-01-15,2024-07-30,826251.23,170,198,0.8586
2024-07-03,AMR-001,Ford Motor - Michigan Facility,NORTH AMERICA,12,Go-Live,4162.7,4070.5,2738.79,2497.62,130.7,0.0,714338.56,741494.65,False,2024-07,27,Wednesday,False,-92.2,2024-01-15,2024-07-30,826251.23,171,198,0.8636
2024-07-04,AMR-001,Ford Motor - Michigan Facility,NORTH AMERICA,12,Go-Live,4060.1,4379.57,2713.83,2436.06,124.6,0.0,718398.66,745874.22,False,2024-07,27,Thursday,False,319.47,2024-01-15,2024-07-30,826251.23,172,198,0.8687
2024-07-05,AMR-001,Ford Motor - Michigan Facility,NORTH AMERICA,12,Go-Live,3749.96,4658.7,2707.72,2249.98,106.8,0.0,722148.62,750532.92,False,2024-07,27,Friday,False,908.74,2024-01-15,2024-07-30,826251.23,173,198,0.8737
2024-07-06,AMR-001,Ford Motor - Michigan Facility,NORTH AMERICA,12,Go-Live,4039.84,4091.79,2811.56,2423.91,109.7,0.0,726188.46,754624.71,False,2024-07,27,Saturday,True,51.95,2024-01-15,2024-07-30,826251.23,174,198,0.8788
2024-07-07,AMR-001,Ford Motor - Michigan Facility,NORTH AMERICA,12,Go-Live,4138.46,3652.75,2421.76,2483.08,139.0,0.0,730326.92,758277.46,False,2024-07,27,Sunday,True,-485.71,2024-01-15,2024-07-30,826251.23,175,198,0.8838
2024-07-08,AMR-001,Ford Motor - Michigan Facility,NORTH AMERICA,12,Go-Live,4135.78,4534.33,2532.81,2481.47,117.6,0.0,734462.7,762811.79,False,2024-07,28,Monday,False,398.55,2024-01-15,2024-07-30,826251.23,176,198,0.8889
2024-07-09,AMR-001,Ford Motor - Michigan Facility,NORTH AMERICA,12,Go-Live,4163.42,4255.1,2935.01,2498.05,141.3,0.0,738626.12,767066.89,False,2024-07,28,Tuesday,False,91.68,2024-01-15,2024-07-30,826251.23,177,198,0.8939
2024-07-10,AMR-001,Ford Motor - Michigan Facility,NORTH AMERICA,12,Go-Live,4130.86,4420.35,2584.63,2478.52,135.2,0.0,742756.98,771487.24,False,2024-07,28,Wednesday,False,289.49,2024-01-15,2024-07-30,826251.23,178,198,0.899
2024-07-11,AMR-001,Ford Motor - Michigan Facility,NORTH AMERICA,12,Go-Live,4180.3,4709.46,2757.45,2508.18,124.9,0.0,746937.28,776196.7,False,2024-07,28,Thursday,False,529.16,2024-01-15,2024-07-30,826251.23,179,198,0.904
2024-07-12,AMR-001,Ford Motor - Michigan Facility,NORTH AMERICA,12,Monitoring,4303.38,4637.32,3156.2,2582.03,124.9,0.0,751240.66,780834.02,False,2024-07,28,Friday,False,333.94,2024-01-15,2024-07-30,826251.23,180,198,0.9091
2024-07-13,AMR-001,Ford Motor - Michigan Facility,NORTH AMERICA,12,Monitoring,4048.94,4012.3,2349.44,2429.37,100.2,0.0,755289.6,784846.32,False,2024-07,28,Saturday,True,-36.64,2024-01-15,2024-07-30,826251.23,181,198,0.9141
2024-07-14,AMR-001,Ford Motor - Michigan Facility,NORTH AMERICA,12,Monitoring,4076.56,4500.97,2671.54,2445.94,125.2,0.0,759366.16,789347.29,False,2024-07,28,Sunday,True,424.41,2024-01-15,2024-07-30,826251.23,182,198,0.9192
2024-07-15,AMR-001,Ford Motor - Michigan Facility,NORTH AMERICA,12,Monitoring,4160.15,4079.51,2802.69,2496.09,124.2,0.0,763526.31,793426.8,False,2024-07,29,Monday,False,-80.64,2024-01-15,2024-07-30,826251.23,183,198,0.9242
2024-07-16,AMR-001,Ford Motor - Michigan Facility,NORTH AMERICA,12,Monitoring,4309.33,4182.13,2659.15,2585.6,130.5,0.0,767835.64,797608.93,False,2024-07,29,Tuesday,False,-127.2,2024-01-15,2024-07-30,826251.23,184,198,0.9293
2024-07-17,AMR-001,Ford Motor - Michigan Facility,NORTH AMERICA,12,Monitoring,4071.26,4395.45,2646.54,2442.75,131.0,0.0,771906.9,802004.38,False,2024-07,29,Wednesday,False,324.19,2024-01-15,2024-07-30,826251.23,185,198,0.9343
2024-07-18,AMR-001,Ford Motor - Michigan Facility,NORTH AMERICA,12,Monitoring,4183.77,4229.02,2762.75,2510.26,141.8,0.0,776090.67,806233.4,False,2024-07,29,Thursday,False,45.25,2024-01-15,2024-07-30,826251.23,186,198,0.9394
2024-07-19,AMR-001,Ford Motor - Michigan Facility,NORTH AMERICA,12,Monitoring,3908.72,4398.75,3033.56,2345.23,118.2,0.0,779999.39,810632.15,False,2024-07,29,Friday,False,490.03,2024-01-15,2024-07-30,826251.23,187,198,0.9444
2024-07-20,AMR-001,Ford Motor - Michigan Facility,NORTH AMERICA,12,Monitoring,4358.79,3648.26,2416.49,2615.27,99.8,0.0,784358.18,814280.41,False,2024-07,29,Saturday,True,-710.53,2024-01-15,2024-07-30,826251.23,188,198,0.9495
2024-07-21,AMR-001,Ford Motor - Michigan Facility,NORTH AMERICA,12,Monitoring,4381.14,4276.21,2640.64,2628.68,97.0,0.0,788739.32,818556.62,False,2024-07,29,Sunday,True,-104.93,2024-01-15,2024-07-30,826251.23,189,198,0.9545
2024-07-22,AMR-001,Ford Motor - Michigan Facility,NORTH AMERICA,12,Monitoring,4182.43,3979.57,2583.6,2509.46,97.9,0.0,792921.75,822536.19,False,2024-07,30,Monday,False,-202.86,2024-01-15,2024-07-30,826251.23,190,198,0.9596
2024-07-23,AMR-001,Ford Motor - Michigan Facility,NORTH AMERICA,12,Monitoring,4013.26,4227.2,2953.63,2407.95,123.3,0.0,796935.01,826763.39,False,2024-07,30,Tuesday,False,213.94,2024-01-15,2024-07-30,826251.23,191,198,0.9646
2024-07-24,AMR-001,Ford Motor - Michigan Facility,NORTH AMERICA,12,Monitoring,4142.36,4038.72,2768.07,2485.42,120.9,1.0,801077.37,830802.11,False,2024-07,30,Wednesday,False,-103.64,2024-01-15,2024-07-30,826251.23,192,198,0.9697
2024-07-25,AMR-001,Ford Motor - Michigan Facility,NORTH AMERICA,12,Monitoring,4210.08,4103.1,2429.06,2526.05,112.4,0.0,805287.45,834905.21,False,2024-07,30,Thursday,False,-106.98,2024-01-15,2024-07-30,826251.23,193,198,0.9747
2024-07-26,AMR-001,Ford Motor - Michigan Facility,NORTH AMERICA,12,Monitoring,4320.29,4296.6,2954.43,2592.18,105.8,0.0,809607.74,839201.81,False,2024-07,30,Friday,False,-23.69,2024-01-15,2024-07-30,826251.23,194,198,0.9798
2024-07-27,AMR-001,Ford Motor - Michigan Facility,NORTH AMERICA,12,Monitoring,4173.08,4886.57,3101.43,2503.85,132.2,0.0,813780.82,844088.38,False,2024-07,30,Saturday,True,713.49,2024-01-15,2024-07-30,826251.23,195,198,0.9848
2024-07-28,AMR-001,Ford Motor - Michigan Facility,NORTH AMERICA,12,Monitoring,4375.24,4265.49,2552.66,2625.14,135.1,0.0,818156.06,848353.87,False,2024-07,30,Sunday,True,-109.75,2024-01-15,2024-07-30,826251.23,196,198,0.9899
2024-07-29,AMR-001,Ford Motor - Michigan Facility,NORTH AMERICA,12,Monitoring,4035.39,3829.22,2671.75,2421.23,125.2,0.0,822191.45,852183.09,False,2024-07,31,Monday,False,-206.17,2024-01-15,2024-07-30,826251.23,197,198,0.9949
2024-07-30,AMR-001,Ford Motor - Michigan Facility,NORTH AMERICA,12,Monitoring,4059.78,4661.64,2785.92,2435.87,135.1,0.0,826251.23,856844.73,False,2024-07,31,Tuesday,False,601.86,2024-01-15,2024-07-30,826251.23,198,198,1.0
2024-02-01,AMR-002,Coca-Cola - Atlanta Warehouse,NORTH AMERICA,8,Planning,3652.62,4400.65,2920.77,2191.57,83.4,0.0,3652.62,4400.65,True,2024-02,5,Thursday,False,748.03,2024-02-01,2024-08-14,747412.48,1,196,0.0051
2024-02-02,AMR-002,Coca-Cola - Atlanta Warehouse,NORTH AMERICA,8,Planning,3816.45,4033.01,2378.53,2289.87,66.1,0.0,7469.07,8433.66,False,2024-02,5,Friday,False,216.56,2024-02-01,2024-08-14,747412.48,2,196,0.0102
2024-02-03,AMR-002,Coca-Cola - Atlanta Warehouse,NORTH AMERICA,8,Planning,3838.85,4065.95,2547.82,2303.31,88.1,0.0,11307.92,12499.61,False,2024-02,5,Saturday,True,227.1,2024-02-01,2024-08-14,747412.48,3,196,0.0153
2024-02-04,AMR-002,Coca-Cola - Atlanta Warehouse,NORTH AMERICA,8,Planning,3843.22,4209.18,2916.85,2305.93,91.7,0.0,15151.14,16708.79,False,2024-02,5,Sunday,True,365.96,2024-02-01,2024-08-14,747412.48,4,196,0.0204
2024-02-05,AMR-002,Coca-Cola - Atlanta Warehouse,NORTH AMERICA,8,Planning,3761.34,3704.98,2427.58,2256.81,65.0,2.0,18912.48,20413.77,False,2024-02,6,Monday,False,-56.36,2024-02-01,2024-08-14,747412.48,5,196,0.0255
2024-02-06,AMR-002,Coca-Cola - Atlanta Warehouse,NORTH AMERICA,8,Planning,3718.68,3949.42,2556.08,2231.21,75.2,0.0,22631.16,24363.19,False,2024-02,6,Tuesday,False,230.74,2024-02-01,2024-08-14,747412.48,6,196,0.0306
2024-02-07,AMR-002,Coca-Cola - Atlanta Warehouse,NORTH AMERICA,8,Planning,3704.8,3822.06,2243.13,2222.88,69.5,0.0,26335.96,28185.25,False,2024-02,6,Wednesday,False,117.26,2024-02-01,2024-08-14,747412.48,7,196,0.0357
2024-02-08,AMR-002,Coca-Cola - Atlanta Warehouse,NORTH AMERICA,8,Planning,3898.26,4208.5,2355.56,2338.95,71.9,0.0,30234.22,32393.75,False,2024-02,6,Thursday,False,310.24,2024-02-01,2024-08-14,747412.48,8,196,0.0408
2024-02-09,AMR-002,Coca-Cola - Atlanta Warehouse,NORTH AMERICA,8,Planning,3857.47,4247.37,2922.09,2314.48,94.2,0.0,34091.69,36641.12,False,2024-02,6,Friday,False,389.9,2024-02-01,2024-08-14,747412.48,9,196,0.0459
2024-02-10,AMR-002,Coca-Cola - Atlanta Warehouse,NORTH AMERICA,8,Planning,3549.11,3984.57,2638.07,2129.46,79.2,0.0,37640.8,40625.69,False,2024-02,6,Saturday,True,435.46,2024-02-01,2024-08-14,747412.48,10,196,0.051
2024-02-11,AMR-002,Coca-Cola - Atlanta Warehouse,NORTH AMERICA,8,Planning,3509.09,3944.77,2593.49,2105.46,93.2,0.0,41149.89,44570.46,False,2024-02,6,Sunday,True,435.68,2024-02-01,2024-08-14,747412.48,11,196,0.0561
2024-02-12,AMR-002,Coca-Cola - Atlanta Warehouse,NORTH AMERICA,8,Planning,3626.34,3751.0,2144.9,2175.8,87.9,0.0,44776.23,48321.46,False,2024-02,7,Monday,False,124.66,2024-02-01,2024-08-14,747412.48,12,196,0.0612
2024-02-13,AMR-002,Coca-Cola - Atlanta Warehouse,NORTH AMERICA,8,Planning,3748.18,2995.83,1833.94,2248.91,71.8,0.0,48524.41,51317.29,False,2024-02,7,Tuesday,False,-752.35,2024-02-01,2024-08-14,747412.48,13,196,0.0663
2024-02-14,AMR-002,Coca-Cola - Atlanta Warehouse,NORTH AMERICA,8,Planning,3840.22,3462.35,2335.73,2304.13,73.0,0.0,52364.63,54779.64,False,2024-02,7,Wednesday,False,-377.87,2024-02-01,2024-08-14,747412.48,14,196,0.0714
2024-02-15,AMR-002,Coca-Cola - Atlanta Warehouse,NORTH AMERICA,8,Planning,4213.53,3582.53,2128.68,2528.12,70.2,0.0,56578.16,58362.17,False,2024-02,7,Thursday,False,-631.0,2024-02-01,2024-08-14,747412.48,15,196,0.0765
2024-02-16,AMR-002,Coca-Cola - Atlanta Warehouse,NORTH AMERICA,8,Planning,3804.94,3955.11,2690.73,2282.96,89.5,0.0,60383.1,62317.28,False,2024-02,7,Friday,False,150.17,2024-02-01,2024-08-14,747412.48,16,196,0.0816
2024-02-17,AMR-002,Coca-Cola - Atlanta Warehouse,NORTH AMERICA,8,Planning,3626.91,4273.52,2786.14,2176.14,85.2,1.0,64010.01,66590.8,False,2024-02,7,Saturday,True,646.61,2024-02-01,2024-08-14,747412.48,17,196,0.0867
2024-02-18,AMR-002,Coca-Cola - Atlanta Warehouse,NORTH AMERICA,8,Planning,3905.62,3770.22,2553.35,2343.37,76.1,0.0,67915.63,70361.02,False,2024-02,7,Sunday,True,-135.4,2024-02-01,2024-08-14,747412.48,18,196,0.0918
2024-02-19,AMR-002,Coca-Cola - Atlanta Warehouse,NORTH AMERICA,8,Planning,3892.71,4030.57,2590.88,2335.62,66.5,0.0,71808.34,74391.59,False,2024-02,8,Monday,False,137.86,2024-02-01,2024-08-14,747412.48,19,196,0.0969
2024-02-20,AMR-002,Coca-Cola - Atlanta Warehouse,NORTH AMERICA,8,Planning,3334.56,3954.49,2747.59,2000.74,66.5,0.0,75142.9,78346.08,False,2024-02,8,Tuesday,False,619.93,2024-02-01,2024-08-14,747412.48,20,196,0.102
2024-02-21,AMR-002,Coca-Cola - Atlanta Warehouse,NORTH AMERICA,8,Hardware Procurement,4445.91,3712.22,2566.74,2667.54,73.8,0.0,79588.81,82058.3,False,2024-02,8,Wednesday,False,-733.69,2024-02-01,2024-08-14,747412.48,21,196,0.1071
2024-02-22,AMR-002,Coca-Cola - Atlanta Warehouse,NORTH AMERICA,8,Hardware Procurement,3827.26,4073.63,2608.77,2296.36,70.6,0.0,83416.07,86131.93,False,2024-02,8,Thursday,False,246.37,2024-02-01,2024-08-14,747412.48,22,196,0.1122
2024-02-23,AMR-002,Coca-Cola - Atlanta Warehouse,NORTH AMERICA,8,Hardware Procurement,3887.04,3975.23,2285.73,2332.23,87.5,0.0,87303.11,90107.16,False,2024-02,8,Friday,False,88.19,2024-02-01,2024-08-14,747412.48,23,196,0.1173
2024-02-24,AMR-002,Coca-Cola - Atlanta Warehouse,NORTH AMERICA,8,Hardware Procurement,3729.55,4170.36,2418.69,2237.73,77.4,0.0,91032.66,94277.52,False,2024-02,8,Saturday,True,440.81,2024-02-01,2024-08-14,747412.48,24,196,0.1224
2024-02-25,AMR-002,Coca-Cola - Atlanta Warehouse,NORTH AMERICA,8,Hardware Procurement,3613.65,3524.0,2307.38,2168.19,71.2,0.0,94646.31,97801.52,False,2024-02,8,Sunday,True,-89.65,2024-02-01,2024-08-14,747412.48,25,196,0.1276
2024-02-26,AMR-002,Coca-Cola - Atlanta Warehouse,NORTH AMERICA,8,Hardware Procurement,3778.83,4060.78,2431.76,2267.3,80.0,0.0,98425.14,101862.3,False,2024-02,9,Monday,False,281.95,2024-02-01,2024-08-14,747412.48,26,196,0.1327
2024-02-27,AMR-002,Coca-Cola - Atlanta Warehouse,NORTH AMERICA,8,Hardware Procurement,3995.98,4019.74,2597.76,2397.59,71.3,0.0,102421.12,105882.04,False,2024-02,9,Tuesday,False,23.76,2024-02-01,2024-08-14,747412.48,27,196,0.1378
2024-02-28,AMR-002,Coca-Cola - Atlanta Warehouse,NORTH AMERICA,8,Hardware Procurement,3743.32,3804.08,2551.72,2245.99,73.5,0.0,106164.44,109686.12,False,2024-02,9,Wednesday,False,60.76,2024-02-01,2024-08-14,747412.48,28,196,0.1429
2024-02-29,AMR-002,Coca-Cola - Atlanta Warehouse,NORTH AMERICA,8,Hardware Procurement,3752.45,3909.26,2224.62,2251.47,64.9,0.0,109916.89,113595.38,False,2024-02,9,Thursday,False,156.81,2024-02-01,2024-08-14,747412.48,29,196,0.148
2024-03-01,AMR-002,Coca-Cola - Atlanta Warehouse,NORTH AMERICA,8,Hardware Procurement,3834.6,4264.45,2676.26,2300.76,69.9,1.0,113751.49,117859.83,False,2024-03,9,Friday,False,429.85,2024-02-01,2024-08-14,747412.48,30,196,0.1531
2024-03-02,AMR-002,Coca-Cola - Atlanta Warehouse,NORTH AMERICA,8,Hardware Procurement,3836.83,3502.0,2351.9,2302.1,91.4,0.0,117588.32,121361.83,False,2024-03,9,Saturday,True,-334.83,2024-02-01,2024-08-14,747412.48,31,196,0.1582
2024-03-03,AMR-002,Coca-Cola - Atlanta Warehouse,NORTH AMERICA,8,Hardware Procurement,3778.11,4007.62,2480.24,2266.86,80.7,0.0,121366.43,125369.45,False,2024-03,9,Sunday,True,229.51,2024-02-01,2024-08-14,747412.48,32,196,0.1633
2024-03-04,AMR-002,Coca-Cola - Atlanta Warehouse,NORTH AMERICA,8,Hardware Procurement,3992.07,4417.21,3043.05,2395.24,91.0,0.0,125358.5,129786.66,False,2024-03,10,Monday,False,425.14,2024-02-01,2024-08-14,747412.48,33,196,0.1684
2024-03-05,AMR-002,Coca-Cola - Atlanta Warehouse,NORTH AMERICA,8,Hardware Procurement,3823.0,3775.05,2284.24,2293.8,77.7,0.0,129181.5,133561.71,False,2024-03,10,Tuesday,False,-47.95,2024-02-01,2024-08-14,747412.48,34,196,0.1735
2024-03-06,AMR-002,Coca-Cola - Atlanta Warehouse,NORTH AMERICA,8,Hardware Procurement,3656.17,3583.65,1993.54,2193.7,67.0,0.0,132837.67,137145.36,False,2024-03,10,Wednesday,False,-72.52,2024-02-01,2024-08-14,747412.48,35,196,0.1786
2024-03-07,AMR-002,Coca-Cola - Atlanta Warehouse,NORTH AMERICA,8,Hardware Procurement,3991.25,4630.53,2717.32,2394.75,76.1,1.0,136828.92,141775.89,False,2024-03,10,Thursday,False,639.28,2024-02-01,2024-08-14,747412.48,36,196,0.1837
2024-03-08,AMR-002,Coca-Cola - Atlanta Warehouse,NORTH AMERICA,8,Hardware Procurement,3979.07,3930.29,2640.5,2387.44,82.5,0.0,140807.99,145706.18,False,2024-03,10,Friday,False,-48.78,2024-02-01,2024-08-14,747412.48,37,196,0.1888
2024-03-09,AMR-002,Coca-Cola - Atlanta Warehouse,NORTH AMERICA,8,Hardware Procurement,3996.01,3569.47,1971.1,2397.61,88.4,0.0,144804.0,149275.65,False,2024-03,10,Saturday,True,-426.54,2024-02-01,2024-08-14,747412.48,38,196,0.1939
2024-03-10,AMR-002,Coca-Cola - Atlanta Warehouse,NORTH AMERICA,8,Hardware Procurement,3949.46,3567.4,2091.39,2369.67,83.2,0.0,148753.46,152843.05,False,2024-03,10,Sunday,True,-382.06,2024-02-01,2024-08-14,747412.48,39,196,0.199
2024-03-11,AMR-002,Coca-Cola - Atlanta Warehouse,NORTH AMERICA,8,Hardware Procurement,3996.38,3946.61,2401.47,2397.83,83.8,0.0,152749.84,156789.66,False,2024-03,11,Monday,False,-49.77,2024-02-01,2024-08-14,747412.48,40,196,0.2041
2024-03-12,AMR-002,Coca-Cola - Atlanta Warehouse,NORTH AMERICA,8,Hardware Procurement,3708.18,3512.28,2337.06,2224.91,86.2,0.0,156458.02,160301.94,False,2024-03,11,Tuesday,False,-195.9,2024-02-01,2024-08-14,747412.48,41,196,0.2092
2024-03-13,AMR-002,Coca-Cola - Atlanta Warehouse,NORTH AMERICA,8,Hardware Procurement,3717.33,3524.73,2283.55,2230.4,93.1,1.0,160175.35,163826.67,False,2024-03,11,Wednesday,False,-192.6,2024-02-01,2024-08-14,747412.48,42,196,0.2143
2024-03-14,AMR-002,Coca-Cola - Atlanta Warehouse,NORTH AMERICA,8,Hardware Procurement,3748.25,3588.22,2127.67,2248.95,89.9,0.0,163923.6,167414.89,False,2024-03,11,Thursday,False,-160.03,2024-02-01,2024-08-14,747412.48,43,196,0.2194
2024-03-15,AMR-002,Coca-Cola - Atlanta Warehouse,NORTH AMERICA,8,Hardware Procurement,3818.76,4034.02,2581.92,2291.26,78.8,0.0,167742.36,171448.91,False,2024-03,11,Friday,False,215.26,2024-02-01,2024-08-14,747412.48,44,196,0.2245
2024-03-16,AMR-002,Coca-Cola - Atlanta Warehouse,NORTH AMERICA,8,Hardware Procurement,3881.87,3529.64,2292.22,2329.12,65.4,0.0,171624.23,174978.55,False,2024-03,11,Saturday,True,-352.23,2024-02-01,2024-08-14,747412.48,45,196,0.2296
2024-03-17,AMR-002,Coca-Cola - Atlanta Warehouse,NORTH AMERICA,8,Hardware Procurement,3824.82,4016.86,2342.57,2294.89,79.7,0.0,175449.05,178995.41,False,2024-03,11,Sunday,True,192.04,2024-02-01,2024-08-14,747412.48,46,196,0.2347
2024-03-18,AMR-002,Coca-Cola - Atlanta Warehouse,NORTH AMERICA,8,Hardware Procurement,3778.4,3324.21,2057.43,2267.04,74.6,0.0,179227.45,182319.62,False,2024-03,12,Monday,False,-454.19,2024-02-01,2024-08-14,747412.48,47,196,0.2398
2024-03-19,AMR-002,Coca-Cola - Atlanta Warehouse,NORTH AMERICA,8,Hardware Procurement,3621.24,4033.81,2263.25,2172.75,73.5,0.0,182848.69,186353.43,False,2024-03,12,Tuesday,False,412.57,2024-02-01,2024-08-14,747412.48,48,196,0.2449
2024-03-20,AMR-002,Coca-Cola - Atlanta Warehouse,NORTH AMERICA,8,Hardware Procurement,3787.06,4003.0,2571.3,2272.23,93.4,0.0,186635.75,190356.43,False,2024-03,12,Wednesday,False,215.94,2024-02-01,2024-08-14,747412.48,49,196,0.25
2024-03-21,AMR-002,Coca-Cola - Atlanta Warehouse,NORTH AMERICA,8,Staging & Config,4048.34,3435.15,1928.97,2429.0,88.4,0.0,190684.09,193791.58,False,2024-03,12,Thursday,False,-613.19,2024-02-01,2024-08-14,747412.48,50,196,0.2551
2024-03-22,AMR-002,Coca-Cola - Atlanta Warehouse,NORTH AMERICA,8,Staging & Config,3826.4,3990.36,2541.28,2295.84,88.1,0.0,194510.49,197781.94,False,2024-03,12,Friday,False,163.96,2024-02-01,2024-08-14,747412.48,51,196,0.2602
2024-03-23,AMR-002,Coca-Cola - Atlanta Warehouse,NORTH AMERICA,8,Staging & Config,4052.99,4163.43,2418.69,2431.79,75.2,0.0,198563.48,201945.37,False,2024-03,12,Saturday,True,110.44,2024-02-01,2024-08-14,747412.48,52,196,0.2653
2024-03-24,AMR-002,Coca-Cola - Atlanta Warehouse,NORTH AMERICA,8,Staging & Config,3796.87,4194.89,2886.69,2278.12,73.5,0.0,202360.35,206140.26,False,2024-03,12,Sunday,True,398.02,2024-02-01,2024-08-14,747412.48,53,196,0.2704
2024-03-25,AMR-002,Coca-Cola - Atlanta Warehouse,NORTH AMERICA,8,Staging & Config,3785.67,3908.74,2674.42,2271.4,88.8,0.0,206146.02,210049.0,False,2024-03,13,Monday,False,123.07,2024-02-01,2024-08-14,747412.48,54,196,0.2755
2024-03-26,AMR-002,Coca-Cola - Atlanta Warehouse,NORTH AMERICA,8,Staging & Config,3820.5,3698.94,2252.7,2292.3,66.5,0.0,209966.52,213747.94,False,2024-03,13,Tuesday,False,-121.56,2024-02-01,2024-08-14,747412.48,55,196,0.2806
2024-03-27,AMR-002,Coca-Cola - Atlanta Warehouse,NORTH AMERICA,8,Staging & Config,3575.19,4085.81,2490.84,2145.12,83.6,0.0,213541.71,217833.75,False,2024-03,13,Wednesday,False,510.62,2024-02-01,2024-08-14,747412.48,56,196,0.2857
2024-03-28,AMR-002,Coca-Cola - Atlanta Warehouse,NORTH AMERICA,8,Staging & Config,3785.3,4000.41,2773.4,2271.18,67.6,0.0,217327.01,221834.16,False,2024-03,13,Thursday,False,215.11,2024-02-01,2024-08-14,747412.48,57,196,0.2908
2024-03-29,AMR-002,Coca-Cola - Atlanta Warehouse,NORTH AMERICA,8,Staging & Config,3891.59,3849.23,2562.79,2334.96,84.1,0.0,221218.6,225683.39,False,2024-03,13,Friday,False,-42.36,2024-02-01,2024-08-14,747412.48,58,196,0.2959
2024-03-30,AMR-002,Coca-Cola - Atlanta Warehouse,NORTH AMERICA,8,Staging & Config,3802.01,4280.3,2596.93,2281.2,70.6,0.0,225020.61,229963.69,False,2024-03,13,Saturday,True,478.29,2024-02-01,2024-08-14,747412.48,59,196,0.301
2024-03-31,AMR-002,Coca-Cola - Atlanta Warehouse,NORTH AMERICA,8,Staging & Config,3903.62,3798.67,2251.97,2342.17,74.3,0.0,228924.23,233762.36,False,2024-03,13,Sunday,True,-104.95,2024-02-01,2024-08-14,747412.48,60,196,0.3061
2024-04-01,AMR-002,Coca-Cola - Atlanta Warehouse,NORTH AMERICA,8,Staging & Config,3741.93,3162.13,1924.26,2245.16,67.8,0.0,232666.16,236924.49,False,2024-04,14,Monday,False,-579.8,2024-02-01,2024-08-14,747412.48,61,196,0.3112
2024-04-02,AMR-002,Coca-Cola - Atlanta Warehouse,NORTH AMERICA,8,Staging & Config,4060.5,4172.96,2724.4,2436.3,77.8,0.0,236726.66,241097.45,False,2024-04,14,Tuesday,False,112.46,2024-02-01,2024-08-14,747412.48,62,196,0.3163
2024-04-03,AMR-002,Coca-Cola - Atlanta Warehouse,NORTH AMERICA,8,Staging & Config,3821.96,4311.2,2522.1,2293.18,73.6,0.0,240548.62,245408.65,False,2024-04,14,Wednesday,False,489.24,2024-02-01,2024-08-14,747412.48,63,196,0.3214
2024-04-04,AMR-002,Coca-Cola - Atlanta Warehouse,NORTH AMERICA,8,Staging & Config,3669.94,3845.01,2383.88,2201.97,77.3,0.0,244218.56,249253.66,False,2024-04,14,Thursday,False,175.07,2024-02-01,2024-08-14,747412.48,64,196,0.3265
2024-04-05,AMR-002,Coca-Cola - Atlanta Warehouse,NORTH AMERICA,8,Staging & Config,3505.69,4191.41,2339.85,2103.42,73.2,0.0,247724.25,253445.07,False,2024-04,14,Friday,False,685.72,2024-02-01,2024-08-14,747412.48,65,196,0.3316
2024-04-06,AMR-002,Coca-Cola - Atlanta Warehouse,NORTH AMERICA,8,Staging & Config,3916.2,3706.96,2114.3,2349.72,91.0,0.0,251640.45,257152.03,False,2024-04,14,Saturday,True,-209.24,2024-02-01,2024-08-14,747412.48,66,196,0.3367
2024-04-07,AMR-002,Coca-Cola - Atlanta Warehouse,NORTH AMERICA,8,Staging & Config,3922.18,3832.5,2454.43,2353.31,94.7,2.0,255562.63,260984.53,False,2024-04,14,Sunday,True,-89.68,2024-02-01,2024-08-14,747412.48,67,196,0.3418
2024-04-08,AMR-002,Coca-Cola - Atlanta Warehouse,NORTH AMERICA,8,Staging & Config,3567.04,4075.58,2367.63,2140.23,75.6,0.0,259129.67,265060.11,False,2024-04,15,Monday,False,508.54,2024-02-01,2024-08-14,747412.48,68,196,0.3469
2024-04-09,AMR-002,Coca-Cola - Atlanta Warehouse,NORTH AMERICA,8,Staging & Config,4133.71,3710.87,2117.53,2480.22,80.4,0.0,263263.38,268770.98,False,2024-04,15,Tuesday,False,-422.84,2024-02-01,2024-08-14,747412.48,69,196,0.352
2024-04-10,AMR-002,Coca-Cola - Atlanta Warehouse,NORTH AMERICA,8,Staging & Config,4056.57,4005.61,2735.97,2433.94,76.9,0.0,267319.95,272776.59,False,2024-04,15,Wednesday,False,-50.96,2024-02-01,2024-08-14,747412.48,70,196,0.3571
2024-04-11,AMR-002,Coca-Cola - Atlanta Warehouse,NORTH AMERICA,8,Staging & Config,3753.28,3760.48,2514.99,2251.97,78.7,2.0,271073.23,276537.07,False,2024-04,15,Thursday,False,7.2,2024-02-01,2024-08-14,747412.48,71,196,0.3622
2024-04-12,AMR-002,Coca-Cola - Atlanta Warehouse,NORTH AMERICA,8,Staging & Config,3799.11,3543.62,2246.54,2279.47,72.8,0.0,274872.34,280080.69,False,2024-04,15,Friday,False,-255.49,2024-02-01,2024-08-14,747412.48,72,196,0.3673
2024-04-13,AMR-002,Coca-Cola - Atlanta Warehouse,NORTH AMERICA,8,Staging & Config,3784.05,3942.35,2358.41,2270.43,93.4,0.0,278656.39,284023.04,False,2024-04,15,Saturday,True,158.3,2024-02-01,2024-08-14,747412.48,73,196,0.3724
2024-04-14,AMR-002,Coca-Cola - Atlanta Warehouse,NORTH AMERICA,8,Staging & Config,3820.27,3975.64,2401.76,2292.16,66.8,0.0,282476.66,287998.68,False,2024-04,15,Sunday,True,155.37,2024-02-01,2024-08-14,747412.48,74,196,0.3776
2024-04-15,AMR-002,Coca-Cola - Atlanta Warehouse,NORTH AMERICA,8,Staging & Config,3788.99,4168.65,2883.37,2273.39,75.3,0.0,286265.65,292167.33,False,2024-04,16,Monday,False,379.66,2024-02-01,2024-08-14,747412.48,75,196,0.3827
2024-04-16,AMR-002,Coca-Cola - Atlanta Warehouse,NORTH AMERICA,8,Staging & Config,3854.86,4286.08,2482.53,2312.92,94.5,0.0,290120.51,296453.41,False,2024-04,16,Tuesday,False,431.22,2024-02-01,2024-08-14,747412.48,76,196,0.3878
2024-04-17,AMR-002,Coca-Cola - Atlanta Warehouse,NORTH AMERICA,8,Staging & Config,4108.53,4168.21,2313.26,2465.12,83.6,0.0,294229.04,300621.62,False,2024-04,16,Wednesday,False,59.68,2024-02-01,2024-08-14,747412.48,77,196,0.3929
2024-04-18,AMR-002,Coca-Cola - Atlanta Warehouse,NORTH AMERICA,8,Staging & Config,3987.6,4815.9,2696.75,2392.56,84.0,2.0,298216.64,305437.52,True,2024-04,16,Thursday,False,828.3,2024-02-01,2024-08-14,747412.48,78,196,0.398
2024-04-19,AMR-002,Coca-Cola - Atlanta Warehouse,NORTH AMERICA,8,Staging & Config,3601.25,4540.57,3116.68,2160.75,87.0,0.0,301817.89,309978.09,False,2024-04,16,Friday,False,939.32,2024-02-01,2024-08-14,747412.48,79,196,0.4031
2024-04-20,AMR-002,Coca-Cola - Atlanta Warehouse,NORTH AMERICA,8,Site Installation,3692.43,3556.71,2286.24,2215.46,87.7,0.0,305510.32,313534.8,False,2024-04,16,Saturday,True,-135.72,2024-02-01,2024-08-14,747412.48,80,196,0.4082
2024-04-21,AMR-002,Coca-Cola - Atlanta Warehouse,NORTH AMERICA,8,Site Installation,3693.31,3736.1,2357.14,2215.98,86.3,0.0,309203.63,317270.9,False,2024-04,16,Sunday,True,42.79,2024-02-01,2024-08-14,747412.48,81,196,0.4133
2024-04-22,AMR-002,Coca-Cola - Atlanta Warehouse,NORTH AMERICA,8,Site Installation,3621.12,4243.66,2682.02,2172.67,95.6,0.0,312824.75,321514.56,False,2024-04,17,Monday,False,622.54,2024-02-01,2024-08-14,747412.48,82,196,0.4184
2024-04-23,AMR-002,Coca-Cola - Atlanta Warehouse,NORTH AMERICA,8,Site Installation,3846.38,3704.34,2539.3,2307.83,66.2,0.0,316671.13,325218.9,False,2024-04,17,Tuesday,False,-142.04,2024-02-01,2024-08-14,747412.48,83,196,0.4235
2024-04-24,AMR-002,Coca-Cola - Atlanta Warehouse,NORTH AMERICA,8,Site Installation,3745.91,3687.34,2456.87,2247.54,78.3,2.0,320417.04,328906.24,False,2024-04,17,Wednesday,False,-58.57,2024-02-01,2024-08-14,747412.48,84,196,0.4286
2024-04-25,AMR-002,Coca-Cola - Atlanta Warehouse,NORTH AMERICA,8,Site Installation,3766.97,3536.39,2135.14,2260.18,67.5,0.0,324184.01,332442.63,False,2024-04,17,Thursday,False,-230.58,2024-02-01,2024-08-14,747412.48,85,196,0.4337
2024-04-26,AMR-002,Coca-Cola - Atlanta Warehouse,NORTH AMERICA,8,Site Installation,3555.23,3556.77,1966.23,2133.14,68.8,0.0,327739.24,335999.4,False,2024-04,17,Friday,False,1.54,2024-02-01,2024-08-14,747412.48,86,196,0.4388
2024-04-27,AMR-002,Coca-Cola - Atlanta Warehouse,NORTH AMERICA,8,Site Installation,3646.23,4818.92,3162.822328359313,2187.74,87.0,0.0,331385.47,340818.32,True,2024-04,17,Saturday,True,1172.69,2024-02-01,2024-08-14,747412.48,87,196,0.4439
2024-04-28,AMR-002,Coca-Cola - Atlanta Warehouse,NORTH AMERICA,8,Site Installation,3850.49,3670.3,2179.44,2310.3,71.4,0.0,335235.96,344488.62,False,2024-04,17,Sunday,True,-180.19,2024-02-01,2024-08-14,747412.48,88,196,0.449
2024-04-29,AMR-002,Coca-Cola - Atlanta Warehouse,NORTH AMERICA,8,Site Installation,3755.14,3709.05,2333.63,2253.08,79.4,0.0,338991.1,348197.67,False,2024-04,18,Monday,False,-46.09,2024-02-01,2024-08-14,747412.48,89,196,0.4541
2024-04-30,AMR-002,Coca-Cola - Atlanta Warehouse,NORTH AMERICA,8,Site Installation,3945.95,4063.28,2440.16,2367.57,80.8,0.0,342937.05,352260.95,False,2024-04,18,Tuesday,False,117.33,2024-02-01,2024-08-14,747412.48,90,196,0.4592
2024-05-01,AMR-002,Coca-Cola - Atlanta Warehouse,NORTH AMERICA,8,Site Installation,3894.44,3484.84,2077.39,2336.66,67.4,0.0,346831.49,355745.79,False,2024-05,18,Wednesday,False,-409.6,2024-02-01,2024-08-14,747412.48,91,196,0.4643
2024-05-02,AMR-002,Coca-Cola - Atlanta Warehouse,NORTH AMERICA,8,Site Installation,3823.73,3917.93,2314.17,2294.24,84.1,0.0,350655.22,359663.72,False,2024-05,18,Thursday,False,94.2,2024-02-01,2024-08-14,747412.48,92,196,0.4694
2024-05-03,AMR-002,Coca-Cola - Atlanta Warehouse,NORTH AMERICA,8,Site Installation,4131.52,4052.84,2653.23,2478.91,69.1,0.0,354786.74,363716.56,False,2024-05,18,Friday,False,-78.68,2024-02-01,2024-08-14,747412.48,93,196,0.4745
2024-05-04,AMR-002,Coca-Cola - Atlanta Warehouse,NORTH AMERICA,8,Site Installation,3689.72,4077.16,2382.78,2213.83,91.0,0.0,358476.46,367793.72,False,2024-05,18,Saturday,True,387.44,2024-02-01,2024-08-14,747412.48,94,196,0.4796
2024-05-05,AMR-002,Coca-Cola - Atlanta Warehouse,NORTH AMERICA,8,Site Installation,3428.11,3884.23,2449.98,2056.86,74.6,0.0,361904.57,371677.95,False,2024-05,18,Sunday,True,456.12,2024-02-01,2024-08-14,747412.48,95,196,0.4847
2024-05-06,AMR-002,Coca-Cola - Atlanta Warehouse,NORTH AMERICA,8,Site Installation,3992.81,3456.88,2094.23,2395.69,72.9,0.0,365897.38,375134.83,False,2024-05,19,Monday,False,-535.93,2024-02-01,2024-08-14,747412.48,96,196,0.4898
2024-05-07,AMR-002,Coca-Cola - Atlanta Warehouse,NORTH AMERICA,8,Site Installation,3705.1,4322.49,2588.85,2223.06,75.0,0.0,369602.48,379457.32,False,2024-05,19,Tuesday,False,617.39,2024-02-01,2024-08-14,747412.48,97,196,0.4949
2024-05-08,AMR-002,Coca-Cola - Atlanta Warehouse,NORTH AMERICA,8,Site Installation,3904.76,4327.03,3018.6,2342.86,82.1,0.0,373507.24,383784.35,False,2024-05,19,Wednesday,False,422.27,2024-02-01,2024-08-14,747412.48,98,196,0.5
2024-05-09,AMR-002,Coca-Cola - Atlanta Warehouse,NORTH AMERICA,8,Site Installation,3966.38,4034.99,2799.43,2379.83,93.1,0.0,377473.62,387819.34,False,2024-05,19,Thursday,False,68.61,2024-02-01,2024-08-14,747412.48,99,196,0.5051
2024-05-10,AMR-002,Coca-Cola - Atlanta Warehouse,NORTH AMERICA,8,Site Installation,3720.03,3735.1,2533.6,2232.02,64.6,0.0,381193.65,391554.44,False,2024-05,19,Friday,False,15.07,2024-02-01,2024-08-14,747412.48,100,196,0.5102
2024-05-11,AMR-002,Coca-Cola - Atlanta Warehouse,NORTH AMERICA,8,Site Installation,3661.06,4302.31,2418.69,2196.64,86.7,0.0,384854.71,395856.75,False,2024-05,19,Saturday,True,641.25,2024-02-01,2024-08-14,747412.48,101,196,0.5153
2024-05-12,AMR-002,Coca-Cola - Atlanta Warehouse,NORTH AMERICA,8,Site Installation,3439.37,3821.22,2372.41,2063.62,88.3,0.0,388294.08,399677.97,False,2024-05,19,Sunday,True,381.85,2024-02-01,2024-08-14,747412.48,102,196,0.5204
2024-05-13,AMR-002,Coca-Cola - Atlanta Warehouse,NORTH AMERICA,8,Site Installation,3933.38,4744.16,3162.49,2360.03,91.3,1.0,392227.46,404422.13,False,2024-05,20,Monday,False,810.78,2024-02-01,2024-08-14,747412.48,103,196,0.5255
2024-05-14,AMR-002,Coca-Cola - Atlanta Warehouse,NORTH AMERICA,8,Site Installation,3751.77,4332.19,2870.24,2251.06,79.4,0.0,395979.23,408754.32,False,2024-05,20,Tuesday,False,580.42,2024-02-01,2024-08-14,747412.48,104,196,0.5306
2024-05-15,AMR-002,Coca-Cola - Atlanta Warehouse,NORTH AMERICA,8,Site Installation,3804.28,3905.92,2438.28,2282.57,78.0,0.0,399783.51,412660.24,False,2024-05,20,Wednesday,False,101.64,2024-02-01,2024-08-14,747412.48,105,196,0.5357
2024-05-16,AMR-002,Coca-Cola - Atlanta Warehouse,NORTH AMERICA,8,Site Installation,3996.9,3832.2,2654.67,2398.14,77.9,0.0,403780.41,416492.44,False,2024-05,20,Thursday,False,-164.7,2024-02-01,2024-08-14,747412.48,106,196,0.5408
2024-05-17,AMR-002,Coca-Cola - Atlanta Warehouse,NORTH AMERICA,8,Site Installation,4033.46,4138.07,2850.66,2420.07,65.2,1.0,407813.87,420630.51,False,2024-05,20,Friday,False,104.61,2024-02-01,2024-08-14,747412.48,107,196,0.5459
2024-05-18,AMR-002,Coca-Cola - Atlanta Warehouse,NORTH AMERICA,8,Site Installation,3697.74,3890.21,2439.18,2218.64,77.1,0.0,411511.61,424520.72,False,2024-05,20,Saturday,True,192.47,2024-02-01,2024-08-14,747412.48,108,196,0.551
2024-05-19,AMR-002,Coca-Cola - Atlanta Warehouse,NORTH AMERICA,8,Site Installation,3762.99,4554.63,3041.86,2257.79,83.7,0.0,415274.6,429075.35,False,2024-05,20,Sunday,True,791.64,2024-02-01,2024-08-14,747412.48,109,196,0.5561
2024-05-20,AMR-002,Coca-Cola - Atlanta Warehouse,NORTH AMERICA,8,Site Installation,4070.04,4678.92,2905.76,2442.02,74.2,0.0,419344.64,433754.27,False,2024-05,21,Monday,False,608.88,2024-02-01,2024-08-14,747412.48,110,196,0.5612
2024-05-21,AMR-002,Coca-Cola - Atlanta Warehouse,NORTH AMERICA,8,Site Installation,3781.59,4122.57,2678.49,2268.95,71.1,0.0,423126.23,437876.84,False,2024-05,21,Tuesday,False,340.98,2024-02-01,2024-08-14,747412.48,111,196,0.5663
2024-05-22,AMR-002,Coca-Cola - Atlanta Warehouse,NORTH AMERICA,8,Site Installation,3833.93,3828.51,2175.51,2300.36,74.8,0.0,426960.16,441705.35,False,2024-05,21,Wednesday,False,-5.42,2024-02-01,2024-08-14,747412.48,112,196,0.5714
2024-05-23,AMR-002,Coca-Cola - Atlanta Warehouse,NORTH AMERICA,8,Site Installation,4204.52,4025.68,2793.17,2522.71,86.4,0.0,431164.68,445731.03,False,2024-05,21,Thursday,False,-178.84,2024-02-01,2024-08-14,747412.48,113,196,0.5765
2024-05-24,AMR-002,Coca-Cola - Atlanta Warehouse,NORTH AMERICA,8,Site Installation,3960.74,4078.66,2467.0,2376.45,67.1,0.0,435125.42,449809.69,False,2024-05,21,Friday,False,117.92,2024-02-01,2024-08-14,747412.48,114,196,0.5816
2024-05-25,AMR-002,Coca-Cola - Atlanta Warehouse,NORTH AMERICA,8,Site Installation,3806.33,4001.56,2500.63,2283.8,86.3,0.0,438931.75,453811.25,False,2024-05,21,Saturday,True,195.23,2024-02-01,2024-08-14,747412.48,115,196,0.5867
2024-05-26,AMR-002,Coca-Cola - Atlanta Warehouse,NORTH AMERICA,8,Site Installation,3757.71,3880.3,2237.43,2254.62,70.0,0.0,442689.46,457691.55,False,2024-05,21,Sunday,True,122.59,2024-02-01,2024-08-14,747412.48,116,196,0.5918
2024-05-27,AMR-002,Coca-Cola - Atlanta Warehouse,NORTH AMERICA,8,Site Installation,3969.51,3443.95,2242.95,2381.7,83.3,0.0,446658.97,461135.5,False,2024-05,22,Monday,False,-525.56,2024-02-01,2024-08-14,747412.48,117,196,0.5969
2024-05-28,AMR-002,Coca-Cola - Atlanta Warehouse,NORTH AMERICA,8,Site Installation,3771.43,3833.03,2679.84,2262.86,90.8,0.0,450430.4,464968.53,False,2024-05,22,Tuesday,False,61.6,2024-02-01,2024-08-14,747412.48,118,196,0.602
2024-05-29,AMR-002,Coca-Cola - Atlanta Warehouse,NORTH AMERICA,8,Site Installation,3708.83,3789.48,2562.67,2225.3,70.1,0.0,454139.23,468758.01,False,2024-05,22,Wednesday,False,80.65,2024-02-01,2024-08-14,747412.48,119,196,0.6071
2024-05-30,AMR-002,Coca-Cola - Atlanta Warehouse,NORTH AMERICA,8,Site Installation,3976.53,3472.19,2094.84,2385.92,85.7,0.0,458115.76,472230.2,False,2024-05,22,Thursday,False,-504.34,2024-02-01,2024-08-14,747412.48,120,196,0.6122
2024-05-31,AMR-002,Coca-Cola - Atlanta Warehouse,NORTH AMERICA,8,Site Installation,3880.02,3822.18,2650.95,2328.01,76.3,0.0,461995.78,476052.38,False,2024-05,22,Friday,False,-57.84,2024-02-01,2024-08-14,747412.48,121,196,0.6173
2024-06-01,AMR-002,Coca-Cola - Atlanta Warehouse,NORTH AMERICA,8,Site Installation,3822.97,4033.45,2265.61,2293.78,86.4,0.0,465818.75,480085.83,False,2024-06,22,Saturday,True,210.48,2024-02-01,2024-08-14,747412.48,122,196,0.6224
2024-06-02,AMR-002,Coca-Cola - Atlanta Warehouse,NORTH AMERICA,8,Site Installation,3839.58,3501.18,2379.58,2303.75,85.9,0.0,469658.33,483587.01,False,2024-06,22,Sunday,True,-338.4,2024-02-01,2024-08-14,747412.48,123,196,0.6276
2024-06-03,AMR-002,Coca-Cola - Atlanta Warehouse,NORTH AMERICA,8,Site Installation,3853.72,3647.08,2304.8,2312.23,70.8,0.0,473512.05,487234.09,False,2024-06,23,Monday,False,-206.64,2024-02-01,2024-08-14,747412.48,124,196,0.6327
2024-06-04,AMR-002,Coca-Cola - Atlanta Warehouse,NORTH AMERICA,8,Site Installation,3953.77,3701.79,2426.81,2372.26,76.9,0.0,477465.82,490935.88,False,2024-06,23,Tuesday,False,-251.98,2024-02-01,2024-08-14,747412.48,125,196,0.6378
2024-06-05,AMR-002,Coca-Cola - Atlanta Warehouse,NORTH AMERICA,8,Site Installation,3773.5,3840.17,2257.09,2264.1,73.9,0.0,481239.32,494776.05,False,2024-06,23,Wednesday,False,66.67,2024-02-01,2024-08-14,747412.48,126,196,0.6429
2024-06-06,AMR-002,Coca-Cola - Atlanta Warehouse,NORTH AMERICA,8,Site Installation,3741.45,4061.09,2418.69,2244.87,66.8,0.0,484980.77,498837.14,False,2024-06,23,Thursday,False,319.64,2024-02-01,2024-08-14,747412.48,127,196,0.648
2024-06-07,AMR-002,Coca-Cola - Atlanta Warehouse,NORTH AMERICA,8,Site Installation,4040.65,3677.27,2538.78,2424.39,70.1,0.0,489021.42,502514.41,False,2024-06,23,Friday,False,-363.38,2024-02-01,2024-08-14,747412.48,128,196,0.6531
2024-06-08,AMR-002,Coca-Cola - Atlanta Warehouse,NORTH AMERICA,8,UAT,3877.92,3975.68,2619.77,2326.75,87.3,0.0,492899.34,506490.09,False,2024-06,23,Saturday,True,97.76,2024-02-01,2024-08-14,747412.48,129,196,0.6582
2024-06-09,AMR-002,Coca-Cola - Atlanta Warehouse,NORTH AMERICA,8,UAT,3321.95,3979.25,2189.47,1993.17,68.6,1.0,496221.29,510469.34,False,2024-06,23,Sunday,True,657.3,2024-02-01,2024-08-14,747412.48,130,196,0.6633
2024-06-10,AMR-002,Coca-Cola - Atlanta Warehouse,NORTH AMERICA,8,UAT,3626.94,3977.99,2208.4,2176.17,88.0,0.0,499848.23,514447.33,False,2024-06,24,Monday,False,351.05,2024-02-01,2024-08-14,747412.48,131,196,0.6684
2024-06-11,AMR-002,Coca-Cola - Atlanta Warehouse,NORTH AMERICA,8,UAT,3779.28,3722.68,2336.9,2267.57,92.2,0.0,503627.51,518170.01,False,2024-06,24,Tuesday,False,-56.6,2024-02-01,2024-08-14,747412.48,132,196,0.6735
2024-06-12,AMR-002,Coca-Cola - Atlanta Warehouse,NORTH AMERICA,8,UAT,3713.6,4184.84,2408.65,2228.16,95.2,0.0,507341.11,522354.85,False,2024-06,24,Wednesday,False,471.24,2024-02-01,2024-08-14,747412.48,133,196,0.6786
2024-06-13,AMR-002,Coca-Cola - Atlanta Warehouse,NORTH AMERICA,8,UAT,4016.28,3247.49,1965.43,2409.77,87.0,0.0,511357.39,525602.34,False,2024-06,24,Thursday,False,-768.79,2024-02-01,2024-08-14,747412.48,134,196,0.6837
2024-06-14,AMR-002,Coca-Cola - Atlanta Warehouse,NORTH AMERICA,8,UAT,3893.56,3901.48,2282.0,2336.14,91.3,0.0,515250.95,529503.82,False,2024-06,24,Friday,False,7.92,2024-02-01,2024-08-14,747412.48,135,196,0.6888
2024-06-15,AMR-002,Coca-Cola - Atlanta Warehouse,NORTH AMERICA,8,UAT,3815.66,4118.8,2407.41,2289.39,73.7,0.0,519066.61,533622.62,False,2024-06,24,Saturday,True,303.14,2024-02-01,2024-08-14,747412.48,136,196,0.6939
2024-06-16,AMR-002,Coca-Cola - Atlanta Warehouse,NORTH AMERICA,8,UAT,3666.19,3751.34,2247.26,2199.71,79.1,0.0,522732.8,537373.96,False,2024-06,24,Sunday,True,85.15,2024-02-01,2024-08-14,747412.48,137,196,0.699
2024-06-17,AMR-002,Coca-Cola - Atlanta Warehouse,NORTH AMERICA,8,UAT,3630.0,3691.1,2392.42,2178.0,92.8,0.0,526362.8,541065.06,False,2024-06,25,Monday,False,61.1,2024-02-01,2024-08-14,747412.48,138,196,0.7041
2024-06-18,AMR-002,Coca-Cola - Atlanta Warehouse,NORTH AMERICA,8,UAT,3978.06,3914.09,2504.71,2386.84,82.7,0.0,530340.86,544979.15,False,2024-06,25,Tuesday,False,-63.97,2024-02-01,2024-08-14,747412.48,139,196,0.7092
2024-06-19,AMR-002,Coca-Cola - Atlanta Warehouse,NORTH AMERICA,8,UAT,3907.86,3157.14,2090.45,2344.72,71.8,1.0,534248.72,548136.29,False,2024-06,25,Wednesday,False,-750.72,2024-02-01,2024-08-14,747412.48,140,196,0.7143
2024-06-20,AMR-002,Coca-Cola - Atlanta Warehouse,NORTH AMERICA,8,UAT,3815.23,4031.74,2321.91,2289.14,83.8,0.0,538063.95,552168.03,False,2024-06,25,Thursday,False,216.51,2024-02-01,2024-08-14,747412.48,141,196,0.7194
2024-06-21,AMR-002,Coca-Cola - Atlanta Warehouse,NORTH AMERICA,8,UAT,3681.2,4825.693162314391,2855.6,2208.72,89.0,0.0,541745.15,556993.72,True,2024-06,25,Friday,False,1144.49,2024-02-01,2024-08-14,747412.48,142,196,0.7245
2024-06-22,AMR-002,Coca-Cola - Atlanta Warehouse,NORTH AMERICA,8,UAT,3575.33,4387.35,2516.94,2145.2,69.3,0.0,545320.48,561381.07,False,2024-06,25,Saturday,True,812.02,2024-02-01,2024-08-14,747412.48,143,196,0.7296
2024-06-23,AMR-002,Coca-Cola - Atlanta Warehouse,NORTH AMERICA,8,UAT,3986.1,4022.85,2608.22,2391.66,70.1,0.0,549306.58,565403.92,False,2024-06,25,Sunday,True,36.75,2024-02-01,2024-08-14,747412.48,144,196,0.7347
2024-06-24,AMR-002,Coca-Cola - Atlanta Warehouse,NORTH AMERICA,8,UAT,3477.75,3863.79,2302.96,2086.65,67.4,0.0,552784.33,569267.71,False,2024-06,26,Monday,False,386.04,2024-02-01,2024-08-14,747412.48,145,196,0.7398
2024-06-25,AMR-002,Coca-Cola - Atlanta Warehouse,NORTH AMERICA,8,UAT,4128.07,3567.27,2082.22,2476.84,68.8,0.0,556912.4,572834.98,False,2024-06,26,Tuesday,False,-560.8,2024-02-01,2024-08-14,747412.48,146,196,0.7449
2024-06-26,AMR-002,Coca-Cola - Atlanta Warehouse,NORTH AMERICA,8,UAT,3687.22,3678.06,2396.78,2212.33,70.1,0.0,560599.62,576513.04,False,2024-06,26,Wednesday,False,-9.16,2024-02-01,2024-08-14,747412.48,147,196,0.75
2024-06-27,AMR-002,Coca-Cola - Atlanta Warehouse,NORTH AMERICA,8,UAT,4006.22,3934.02,2550.51,2403.73,94.5,0.0,564605.84,580447.06,False,2024-06,26,Thursday,False,-72.2,2024-02-01,2024-08-14,747412.48,148,196,0.7551
2024-06-28,AMR-002,Coca-Cola - Atlanta Warehouse,NORTH AMERICA,8,UAT,3799.55,4190.6,2491.38,2279.73,93.6,0.0,568405.39,584637.66,False,2024-06,26,Friday,False,391.05,2024-02-01,2024-08-14,747412.48,149,196,0.7602
2024-06-29,AMR-002,Coca-Cola - Atlanta Warehouse,NORTH AMERICA,8,UAT,3708.42,3664.62,2366.04,2225.05,73.3,0.0,572113.81,588302.28,False,2024-06,26,Saturday,True,-43.8,2024-02-01,2024-08-14,747412.48,150,196,0.7653
2024-06-30,AMR-002,Coca-Cola - Atlanta Warehouse,NORTH AMERICA,8,UAT,3611.73,3333.24,2041.04,2167.04,73.0,0.0,575725.54,591635.52,False,2024-06,26,Sunday,True,-278.49,2024-02-01,2024-08-14,747412.48,151,196,0.7704
2024-07-01,AMR-002,Coca-Cola - Atlanta Warehouse,NORTH AMERICA,8,UAT,3851.13,3658.18,2440.43,2310.68,73.3,2.0,579576.67,595293.7,False,2024-07,27,Monday,False,-192.95,2024-02-01,2024-08-14,747412.48,152,196,0.7755
2024-07-02,AMR-002,Coca-Cola - Atlanta Warehouse,NORTH AMERICA,8,UAT,4010.98,3694.79,2184.72,2406.59,78.3,0.0,583587.65,598988.49,False,2024-07,27,Tuesday,False,-316.19,2024-02-01,2024-08-14,747412.48,153,196,0.7806
2024-07-03,AMR-002,Coca-Cola - Atlanta Warehouse,NORTH AMERICA,8,UAT,3942.83,3726.74,2193.82,2365.7,87.8,0.0,587530.48,602715.23,False,2024-07,27,Wednesday,False,-216.09,2024-02-01,2024-08-14,747412.48,154,196,0.7857
2024-07-04,AMR-002,Coca-Cola - Atlanta Warehouse,NORTH AMERICA,8,UAT,3708.45,4059.94,2260.09,2225.07,92.1,0.0,591238.93,606775.17,False,2024-07,27,Thursday,False,351.49,2024-02-01,2024-08-14,747412.48,155,196,0.7908
2024-07-05,AMR-002,Coca-Cola - Atlanta Warehouse,NORTH AMERICA,8,UAT,3910.45,3718.22,2263.29,2346.27,93.9,0.0,595149.38,610493.39,False,2024-07,27,Friday,False,-192.23,2024-02-01,2024-08-14,747412.48,156,196,0.7959
2024-07-06,AMR-002,Coca-Cola - Atlanta Warehouse,NORTH AMERICA,8,UAT,4013.82,4358.53,2590.12,2408.29,71.5,0.0,599163.2,614851.92,False,2024-07,27,Saturday,True,344.71,2024-02-01,2024-08-14,747412.48,157,196,0.801
2024-07-07,AMR-002,Coca-Cola - Atlanta Warehouse,NORTH AMERICA,8,Go-Live,3946.02,4231.08,2544.65,2367.61,76.7,0.0,603109.22,619083.0,False,2024-07,27,Sunday,True,285.06,2024-02-01,2024-08-14,747412.48,158,196,0.8061
2024-07-08,AMR-002,Coca-Cola - Atlanta Warehouse,NORTH AMERICA,8,Go-Live,3732.72,4679.76,3200.28,2239.63,89.3,0.0,606841.94,623762.76,False,2024-07,28,Monday,False,947.04,2024-02-01,2024-08-14,747412.48,159,196,0.8112
2024-07-09,AMR-002,Coca-Cola - Atlanta Warehouse,NORTH AMERICA,8,Go-Live,3700.04,4153.7,2906.07,2220.03,75.8,0.0,610541.98,627916.46,False,2024-07,28,Tuesday,False,453.66,2024-02-01,2024-08-14,747412.48,160,196,0.8163
2024-07-10,AMR-002,Coca-Cola - Atlanta Warehouse,NORTH AMERICA,8,Go-Live,3778.6,4154.81,2632.16,2267.16,87.7,0.0,614320.58,632071.27,False,2024-07,28,Wednesday,False,376.21,2024-02-01,2024-08-14,747412.48,161,196,0.8214
2024-07-11,AMR-002,Coca-Cola - Atlanta Warehouse,NORTH AMERICA,8,Go-Live,3870.19,4142.14,2868.55,2322.12,78.5,1.0,618190.77,636213.41,False,2024-07,28,Thursday,False,271.95,2024-02-01,2024-08-14,747412.48,162,196,0.8265
2024-07-12,AMR-002,Coca-Cola - Atlanta Warehouse,NORTH AMERICA,8,Go-Live,3484.25,4233.12,2407.16,2090.55,91.1,1.0,621675.02,640446.53,False,2024-07,28,Friday,False,748.87,2024-02-01,2024-08-14,747412.48,163,196,0.8316
2024-07-13,AMR-002,Coca-Cola - Atlanta Warehouse,NORTH AMERICA,8,Go-Live,3906.35,3622.71,2150.11,2343.81,84.6,0.0,625581.37,644069.24,False,2024-07,28,Saturday,True,-283.64,2024-02-01,2024-08-14,747412.48,164,196,0.8367
2024-07-14,AMR-002,Coca-Cola - Atlanta Warehouse,NORTH AMERICA,8,Go-Live,3548.78,4284.32,2620.45,2129.27,71.7,0.0,629130.15,648353.56,False,2024-07,28,Sunday,True,735.54,2024-02-01,2024-08-14,747412.48,165,196,0.8418
2024-07-15,AMR-002,Coca-Cola - Atlanta Warehouse,NORTH AMERICA,8,Go-Live,3358.98,4790.29,3162.822328359313,2015.39,82.4,0.0,632489.13,653143.85,True,2024-07,29,Monday,False,1431.31,2024-02-01,2024-08-14,747412.48,166,196,0.8469
2024-07-16,AMR-002,Coca-Cola - Atlanta Warehouse,NORTH AMERICA,8,Go-Live,3761.77,4180.62,2314.63,2257.06,83.9,0.0,636250.9,657324.47,False,2024-07,29,Tuesday,False,418.85,2024-02-01,2024-08-14,747412.48,167,196,0.852
2024-07-17,AMR-002,Coca-Cola - Atlanta Warehouse,NORTH AMERICA,8,Go-Live,4082.22,4373.45,2576.28,2449.33,70.8,0.0,640333.12,661697.92,False,2024-07,29,Wednesday,False,291.23,2024-02-01,2024-08-14,747412.48,168,196,0.8571
2024-07-18,AMR-002,Coca-Cola - Atlanta Warehouse,NORTH AMERICA,8,Go-Live,4082.5,3747.33,2124.91,2449.5,73.2,0.0,644415.62,665445.25,False,2024-07,29,Thursday,False,-335.17,2024-02-01,2024-08-14,747412.48,169,196,0.8622
2024-07-19,AMR-002,Coca-Cola - Atlanta Warehouse,NORTH AMERICA,8,Go-Live,3441.32,3889.53,2195.09,2064.79,81.2,0.0,647856.94,669334.78,False,2024-07,29,Friday,False,448.21,2024-02-01,2024-08-14,747412.48,170,196,0.8673
2024-07-20,AMR-002,Coca-Cola - Atlanta Warehouse,NORTH AMERICA,8,Go-Live,4103.91,3491.64,2237.07,2462.35,79.8,0.0,651960.85,672826.42,False,2024-07,29,Saturday,True,-612.27,2024-02-01,2024-08-14,747412.48,171,196,0.8724
2024-07-21,AMR-002,Coca-Cola - Atlanta Warehouse,NORTH AMERICA,8,Go-Live,3807.87,3594.59,2405.74,2284.72,70.9,0.0,655768.72,676421.01,False,2024-07,29,Sunday,True,-213.28,2024-02-01,2024-08-14,747412.48,172,196,0.8776
2024-07-22,AMR-002,Coca-Cola - Atlanta Warehouse,NORTH AMERICA,8,Go-Live,3983.47,4195.58,2521.81,2390.08,83.1,0.0,659752.19,680616.59,False,2024-07,30,Monday,False,212.11,2024-02-01,2024-08-14,747412.48,173,196,0.8827
2024-07-23,AMR-002,Coca-Cola - Atlanta Warehouse,NORTH AMERICA,8,Go-Live,3654.98,3736.83,2348.82,2192.99,66.0,0.0,663407.17,684353.42,False,2024-07,30,Tuesday,False,81.85,2024-02-01,2024-08-14,747412.48,174,196,0.8878
2024-07-24,AMR-002,Coca-Cola - Atlanta Warehouse,NORTH AMERICA,8,Go-Live,3890.96,4285.46,2897.28,2334.57,91.1,0.0,667298.13,688638.88,False,2024-07,30,Wednesday,False,394.5,2024-02-01,2024-08-14,747412.48,175,196,0.8929
2024-07-25,AMR-002,Coca-Cola - Atlanta Warehouse,NORTH AMERICA,8,Go-Live,3594.97,3683.3,2211.65,2156.98,69.4,0.0,670893.1,692322.18,False,2024-07,30,Thursday,False,88.33,2024-02-01,2024-08-14,747412.48,176,196,0.898
2024-07-26,AMR-002,Coca-Cola - Atlanta Warehouse,NORTH AMERICA,8,Go-Live,3823.14,3571.91,2059.31,2293.88,89.3,0.0,674716.24,695894.09,False,2024-07,30,Friday,False,-251.23,2024-02-01,2024-08-14,747412.48,177,196,0.9031
2024-07-27,AMR-002,Coca-Cola - Atlanta Warehouse,NORTH AMERICA,8,Monitoring,4093.76,3520.21,2394.64,2456.26,88.4,0.0,678810.0,699414.3,False,2024-07,30,Saturday,True,-573.55,2024-02-01,2024-08-14,747412.48,178,196,0.9082
2024-07-28,AMR-002,Coca-Cola - Atlanta Warehouse,NORTH AMERICA,8,Monitoring,4021.7,3969.35,2457.29,2413.02,90.0,2.0,682831.7,703383.65,False,2024-07,30,Sunday,True,-52.35,2024-02-01,2024-08-14,747412.48,179,196,0.9133
2024-07-29,AMR-002,Coca-Cola - Atlanta Warehouse,NORTH AMERICA,8,Monitoring,3514.34,4480.33,2473.59,2108.61,68.8,0.0,686346.04,707863.98,False,2024-07,31,Monday,False,965.99,2024-02-01,2024-08-14,747412.48,180,196,0.9184
2024-07-30,AMR-002,Coca-Cola - Atlanta Warehouse,NORTH AMERICA,8,Monitoring,3598.63,3719.69,2295.97,2159.18,93.1,0.0,689944.67,711583.67,False,2024-07,31,Tuesday,False,121.06,2024-02-01,2024-08-14,747412.48,181,196,0.9235
2024-07-31,AMR-002,Coca-Cola - Atlanta Warehouse,NORTH AMERICA,8,Monitoring,4061.5,3847.69,2180.12,2436.9,80.8,2.0,694006.17,715431.36,False,2024-07,31,Wednesday,False,-213.81,2024-02-01,2024-08-14,747412.48,182,196,0.9286
2024-08-01,AMR-002,Coca-Cola - Atlanta Warehouse,NORTH AMERICA,8,Monitoring,4006.44,4052.42,2417.78,2403.86,83.3,0.0,698012.61,719483.78,False,2024-08,31,Thursday,False,45.98,2024-02-01,2024-08-14,747412.48,183,196,0.9337
2024-08-02,AMR-002,Coca-Cola - Atlanta Warehouse,NORTH AMERICA,8,Monitoring,3670.79,3656.59,2320.99,2202.47,81.7,0.0,701683.4,723140.37,False,2024-08,31,Friday,False,-14.2,2024-02-01,2024-08-14,747412.48,184,196,0.9388
2024-08-03,AMR-002,Coca-Cola - Atlanta Warehouse,NORTH AMERICA,8,Monitoring,4066.67,4091.46,2798.71,2440.0,69.2,0.0,705750.07,727231.83,False,2024-08,31,Saturday,True,24.79,2024-02-01,2024-08-14,747412.48,185,196,0.9439
2024-08-04,AMR-002,Coca-Cola - Atlanta Warehouse,NORTH AMERICA,8,Monitoring,3726.17,3791.91,2500.17,2235.7,86.4,0.0,709476.24,731023.74,False,2024-08,31,Sunday,True,65.74,2024-02-01,2024-08-14,747412.48,186,196,0.949
2024-08-05,AMR-002,Coca-Cola - Atlanta Warehouse,NORTH AMERICA,8,Monitoring,3859.29,3878.25,2305.71,2315.57,69.1,0.0,713335.53,734901.99,False,2024-08,32,Monday,False,18.96,2024-02-01,2024-08-14,747412.48,187,196,0.9541
2024-08-06,AMR-002,Coca-Cola - Atlanta Warehouse,NORTH AMERICA,8,Monitoring,4197.93,3973.85,2641.39,2518.76,84.0,0.0,717533.46,738875.84,False,2024-08,32,Tuesday,False,-224.08,2024-02-01,2024-08-14,747412.48,188,196,0.9592
2024-08-07,AMR-002,Coca-Cola - Atlanta Warehouse,NORTH AMERICA,8,Monitoring,3639.2,4017.32,2354.17,2183.52,92.9,0.0,721172.66,742893.16,False,2024-08,32,Wednesday,False,378.12,2024-02-01,2024-08-14,747412.48,189,196,0.9643
2024-08-08,AMR-002,Coca-Cola - Atlanta Warehouse,NORTH AMERICA,8,Monitoring,3807.41,3618.57,2325.24,2284.45,65.3,1.0,724980.07,746511.73,False,2024-08,32,Thursday,False,-188.84,2024-02-01,2024-08-14,747412.48,190,196,0.9694
2024-08-09,AMR-002,Coca-Cola - Atlanta Warehouse,NORTH AMERICA,8,Monitoring,3939.76,3561.25,2303.53,2363.86,72.4,0.0,728919.83,750072.98,False,2024-08,32,Friday,False,-378.51,2024-02-01,2024-08-14,747412.48,191,196,0.9745
2024-08-10,AMR-002,Coca-Cola - Atlanta Warehouse,NORTH AMERICA,8,Monitoring,3740.32,4017.23,2385.05,2244.19,67.3,0.0,732660.15,754090.21,False,2024-08,32,Saturday,True,276.91,2024-02-01,2024-08-14,747412.48,192,196,0.9796
2024-08-11,AMR-002,Coca-Cola - Atlanta Warehouse,NORTH AMERICA,8,Monitoring,3616.57,3800.07,2259.52,2169.94,74.8,0.0,736276.72,757890.28,False,2024-08,32,Sunday,True,183.5,2024-02-01,2024-08-14,747412.48,193,196,0.9847
2024-08-12,AMR-002,Coca-Cola - Atlanta Warehouse,NORTH AMERICA,8,Monitoring,3758.2,4164.69,2860.87,2254.92,68.2,0.0,740034.92,762054.97,False,2024-08,33,Monday,False,406.49,2024-02-01,2024-08-14,747412.48,194,196,0.9898
2024-08-13,AMR-002,Coca-Cola - Atlanta Warehouse,NORTH AMERICA,8,Monitoring,3668.39,4825.693162314391,3162.822328359313,2201.03,74.3,0.0,743703.31,766880.67,True,2024-08,33,Tuesday,False,1157.3,2024-02-01,2024-08-14,747412.48,195,196,0.9949
2024-08-14,AMR-002,Coca-Cola - Atlanta Warehouse,NORTH AMERICA,8,Monitoring,3709.17,4153.42,2555.57,2225.5,72.2,0.0,747412.48,771034.09,False,2024-08,33,Wednesday,False,444.25,2024-02-01,2024-08-14,747412.48,196,196,1.0
2024-03-10,AMR-003,DHL - Singapore Hub,APAC,20,Planning,5035.62,5153.05,3193.24,3021.37,180.0,0.0,5035.62,5153.05,False,2024-03,10,Sunday,True,117.43,2024-03-10,2024-09-29,1040919.78,1,204,0.0049
2024-03-11,AMR-003,DHL - Singapore Hub,APAC,20,Planning,4957.57,6119.78,4249.95,2974.54,225.2,0.0,9993.19,11272.83,True,2024-03,11,Monday,False,1162.21,2024-03-10,2024-09-29,1040919.78,2,204,0.0098
2024-03-12,AMR-003,DHL - Singapore Hub,APAC,20,Planning,4584.25,5669.68,3276.4,2750.55,231.5,0.0,14577.44,16942.51,False,2024-03,11,Tuesday,False,1085.43,2024-03-10,2024-09-29,1040919.78,3,204,0.0147
2024-03-13,AMR-003,DHL - Singapore Hub,APAC,20,Planning,5402.52,4525.05,3017.43,3241.51,176.7,0.0,19979.96,21467.56,False,2024-03,11,Wednesday,False,-877.47,2024-03-10,2024-09-29,1040919.78,4,204,0.0196
2024-03-14,AMR-003,DHL - Singapore Hub,APAC,20,Planning,5032.0,5127.56,3457.3,3019.2,164.5,0.0,25011.96,26595.12,False,2024-03,11,Thursday,False,95.56,2024-03-10,2024-09-29,1040919.78,5,204,0.0245
2024-03-15,AMR-003,DHL - Singapore Hub,APAC,20,Planning,5183.89,4936.18,2997.81,3110.34,174.3,0.0,30195.85,31531.3,False,2024-03,11,Friday,False,-247.71,2024-03-10,2024-09-29,1040919.78,6,204,0.0294
2024-03-16,AMR-003,DHL - Singapore Hub,APAC,20,Planning,5537.59,5151.57,3572.22,3322.55,190.7,2.0,35733.44,36682.87,False,2024-03,11,Saturday,True,-386.02,2024-03-10,2024-09-29,1040919.78,7,204,0.0343
2024-03-17,AMR-003,DHL - Singapore Hub,APAC,20,Planning,5178.9,5292.62,3111.82,3107.34,171.5,0.0,40912.34,41975.49,False,2024-03,11,Sunday,True,113.72,2024-03-10,2024-09-29,1040919.78,8,204,0.0392
2024-03-18,AMR-003,DHL - Singapore Hub,APAC,20,Planning,5262.16,5479.65,3722.34,3157.3,161.2,0.0,46174.5,47455.14,False,2024-03,12,Monday,False,217.49,2024-03-10,2024-09-29,1040919.78,9,204,0.0441
2024-03-19,AMR-003,DHL - Singapore Hub,APAC,20,Planning,5617.01,5166.05,3576.18,3370.21,181.1,0.0,51791.51,52621.19,False,2024-03,12,Tuesday,False,-450.96,2024-03-10,2024-09-29,1040919.78,10,204,0.049
2024-03-20,AMR-003,DHL - Singapore Hub,APAC,20,Planning,4989.04,4374.72,3015.93,2993.43,166.3,0.0,56780.55,56995.91,False,2024-03,12,Wednesday,False,-614.32,2024-03-10,2024-09-29,1040919.78,11,204,0.0539
2024-03-21,AMR-003,DHL - Singapore Hub,APAC,20,Planning,5151.06,5129.7,3516.15,3090.64,197.8,0.0,61931.61,62125.61,False,2024-03,12,Thursday,False,-21.36,2024-03-10,2024-09-29,1040919.78,12,204,0.0588
2024-03-22,AMR-003,DHL - Singapore Hub,APAC,20,Planning,5156.31,4609.04,3137.62,3093.79,193.6,0.0,67087.92,66734.65,False,2024-03,12,Friday,False,-547.27,2024-03-10,2024-09-29,1040919.78,13,204,0.0637
2024-03-23,AMR-003,DHL - Singapore Hub,APAC,20,Planning,5254.77,4942.97,3451.74,3152.86,223.7,0.0,72342.69,71677.62,False,2024-03,12,Saturday,True,-311.8,2024-03-10,2024-09-29,1040919.78,14,204,0.0686
2024-03-24,AMR-003,DHL - Singapore Hub,APAC,20,Planning,5039.91,5339.1,3633.62,3023.94,187.9,0.0,77382.6,77016.72,False,2024-03,12,Sunday,True,299.19,2024-03-10,2024-09-29,1040919.78,15,204,0.0735
2024-03-25,AMR-003,DHL - Singapore Hub,APAC,20,Planning,5000.49,5345.4,3310.35,3000.29,169.0,1.0,82383.09,82362.12,False,2024-03,13,Monday,False,344.91,2024-03-10,2024-09-29,1040919.78,16,204,0.0784
2024-03-26,AMR-003,DHL - Singapore Hub,APAC,20,Planning,4773.92,5384.17,3180.76,2864.35,213.2,2.0,87157.01,87746.29,False,2024-03,13,Tuesday,False,610.25,2024-03-10,2024-09-29,1040919.78,17,204,0.0833
2024-03-27,AMR-003,DHL - Singapore Hub,APAC,20,Planning,4854.74,4918.34,2818.18,2912.84,202.3,0.0,92011.75,92664.63,False,2024-03,13,Wednesday,False,63.6,2024-03-10,2024-09-29,1040919.78,18,204,0.0882
2024-03-28,AMR-003,DHL - Singapore Hub,APAC,20,Planning,5225.49,4309.53,2758.75,3135.3,229.1,0.0,97237.24,96974.16,False,2024-03,13,Thursday,False,-915.96,2024-03-10,2024-09-29,1040919.78,19,204,0.0931
2024-03-29,AMR-003,DHL - Singapore Hub,APAC,20,Planning,4918.94,6577.11154031311,4283.587728401588,2951.37,233.0,0.0,102156.18,103551.27,True,2024-03,13,Friday,False,1658.17,2024-03-10,2024-09-29,1040919.78,20,204,0.098
2024-03-30,AMR-003,DHL - Singapore Hub,APAC,20,Planning,4948.76,5792.13,4005.37,2969.26,235.9,0.0,107104.94,109343.4,False,2024-03,13,Saturday,True,843.37,2024-03-10,2024-09-29,1040919.78,21,204,0.1029
2024-03-31,AMR-003,DHL - Singapore Hub,APAC,20,Hardware Procurement,5565.87,5169.07,3100.57,3339.52,232.3,0.0,112670.81,114512.47,False,2024-03,13,Sunday,True,-396.8,2024-03-10,2024-09-29,1040919.78,22,204,0.1078
2024-04-01,AMR-003,DHL - Singapore Hub,APAC,20,Hardware Procurement,4779.69,5155.24,3547.62,2867.82,196.8,0.0,117450.5,119667.71,False,2024-04,14,Monday,False,375.55,2024-03-10,2024-09-29,1040919.78,23,204,0.1127
2024-04-02,AMR-003,DHL - Singapore Hub,APAC,20,Hardware Procurement,4877.55,5077.32,3446.92,2926.53,183.5,0.0,122328.05,124745.03,False,2024-04,14,Tuesday,False,199.77,2024-03-10,2024-09-29,1040919.78,24,204,0.1176
2024-04-03,AMR-003,DHL - Singapore Hub,APAC,20,Hardware Procurement,4976.48,5235.17,3303.1,2985.89,168.4,0.0,127304.53,129980.2,False,2024-04,14,Wednesday,False,258.69,2024-03-10,2024-09-29,1040919.78,25,204,0.1225
2024-04-04,AMR-003,DHL - Singapore Hub,APAC,20,Hardware Procurement,5707.47,4996.15,3443.45,3424.48,215.0,0.0,133012.0,134976.35,False,2024-04,14,Thursday,False,-711.32,2024-03-10,2024-09-29,1040919.78,26,204,0.1275
2024-04-05,AMR-003,DHL - Singapore Hub,APAC,20,Hardware Procurement,5820.66,5087.7,3258.86,3492.39,236.4,0.0,138832.66,140064.05,False,2024-04,14,Friday,False,-732.96,2024-03-10,2024-09-29,1040919.78,27,204,0.1324
2024-04-06,AMR-003,DHL - Singapore Hub,APAC,20,Hardware Procurement,5284.34,5319.89,2932.65,3170.6,163.0,0.0,144117.0,145383.94,False,2024-04,14,Saturday,True,35.55,2024-03-10,2024-09-29,1040919.78,28,204,0.1373
2024-04-07,AMR-003,DHL - Singapore Hub,APAC,20,Hardware Procurement,4819.84,5246.05,2922.99,2891.9,220.3,0.0,148936.84,150629.99,False,2024-04,14,Sunday,True,426.21,2024-03-10,2024-09-29,1040919.78,29,204,0.1422
2024-04-08,AMR-003,DHL - Singapore Hub,APAC,20,Hardware Procurement,4762.03,5505.79,3488.8,2857.22,190.0,0.0,153698.87,156135.78,False,2024-04,15,Monday,False,743.76,2024-03-10,2024-09-29,1040919.78,30,204,0.1471
2024-04-09,AMR-003,DHL - Singapore Hub,APAC,20,Hardware Procurement,5357.84,4033.99,2661.5,3214.71,228.3,0.0,159056.71,160169.77,False,2024-04,15,Tuesday,False,-1323.85,2024-03-10,2024-09-29,1040919.78,31,204,0.152
2024-04-10,AMR-003,DHL - Singapore Hub,APAC,20,Hardware Procurement,5145.15,5775.87,4039.38,3087.09,204.0,0.0,164201.86,165945.64,False,2024-04,15,Wednesday,False,630.72,2024-03-10,2024-09-29,1040919.78,32,204,0.1569
2024-04-11,AMR-003,DHL - Singapore Hub,APAC,20,Hardware Procurement,5024.06,5563.13,3460.75,3014.43,197.9,0.0,169225.92,171508.77,False,2024-04,15,Thursday,False,539.07,2024-03-10,2024-09-29,1040919.78,33,204,0.1618
2024-04-12,AMR-003,DHL - Singapore Hub,APAC,20,Hardware Procurement,5232.7,5078.91,3157.75,3139.62,172.0,2.0,174458.62,176587.68,False,2024-04,15,Friday,False,-153.79,2024-03-10,2024-09-29,1040919.78,34,204,0.1667
2024-04-13,AMR-003,DHL - Singapore Hub,APAC,20,Hardware Procurement,5016.68,5398.73,3372.91,3010.01,169.0,0.0,179475.3,181986.41,False,2024-04,15,Saturday,True,382.05,2024-03-10,2024-09-29,1040919.78,35,204,0.1716
2024-04-14,AMR-003,DHL - Singapore Hub,APAC,20,Hardware Procurement,5277.07,4947.15,2783.31,3166.24,161.4,0.0,184752.37,186933.56,False,2024-04,15,Sunday,True,-329.92,2024-03-10,2024-09-29,1040919.78,36,204,0.1765
2024-04-15,AMR-003,DHL - Singapore Hub,APAC,20,Hardware Procurement,5115.59,5171.29,3574.24,3069.36,185.6,0.0,189867.96,192104.85,False,2024-04,16,Monday,False,55.7,2024-03-10,2024-09-29,1040919.78,37,204,0.1814
2024-04-16,AMR-003,DHL - Singapore Hub,APAC,20,Hardware Procurement,4985.91,5149.54,3164.02,2991.54,164.4,1.0,194853.87,197254.39,False,2024-04,16,Tuesday,False,163.63,2024-03-10,2024-09-29,1040919.78,38,204,0.1863
2024-04-17,AMR-003,DHL - Singapore Hub,APAC,20,Hardware Procurement,5160.1,5156.42,3191.32,3096.06,167.7,0.0,200013.97,202410.81,False,2024-04,16,Wednesday,False,-3.68,2024-03-10,2024-09-29,1040919.78,39,204,0.1912
2024-04-18,AMR-003,DHL - Singapore Hub,APAC,20,Hardware Procurement,4630.79,5220.08,2874.64,2778.47,235.6,0.0,204644.76,207630.89,False,2024-04,16,Thursday,False,589.29,2024-03-10,2024-09-29,1040919.78,40,204,0.1961
2024-04-19,AMR-003,DHL - Singapore Hub,APAC,20,Hardware Procurement,5046.38,5163.21,3087.95,3027.83,200.5,0.0,209691.14,212794.1,False,2024-04,16,Friday,False,116.83,2024-03-10,2024-09-29,1040919.78,41,204,0.201
2024-04-20,AMR-003,DHL - Singapore Hub,APAC,20,Hardware Procurement,4835.54,5074.28,2884.67,2901.33,165.5,0.0,214526.68,217868.38,False,2024-04,16,Saturday,True,238.74,2024-03-10,2024-09-29,1040919.78,42,204,0.2059
2024-04-21,AMR-003,DHL - Singapore Hub,APAC,20,Hardware Procurement,4508.92,4669.89,2866.18,2705.35,212.4,0.0,219035.6,222538.27,False,2024-04,16,Sunday,True,160.97,2024-03-10,2024-09-29,1040919.78,43,204,0.2108
2024-04-22,AMR-003,DHL - Singapore Hub,APAC,20,Hardware Procurement,5050.09,4974.12,3173.62,3030.05,239.5,2.0,224085.69,227512.39,False,2024-04,17,Monday,False,-75.97,2024-03-10,2024-09-29,1040919.78,44,204,0.2157
2024-04-23,AMR-003,DHL - Singapore Hub,APAC,20,Hardware Procurement,5205.76,5159.02,2967.97,3123.46,203.2,0.0,229291.45,232671.41,False,2024-04,17,Tuesday,False,-46.74,2024-03-10,2024-09-29,1040919.78,45,204,0.2206
2024-04-24,AMR-003,DHL - Singapore Hub,APAC,20,Hardware Procurement,4750.17,5244.09,3238.58,2850.1,237.3,0.0,234041.62,237915.5,False,2024-04,17,Wednesday,False,493.92,2024-03-10,2024-09-29,1040919.78,46,204,0.2255
2024-04-25,AMR-003,DHL - Singapore Hub,APAC,20,Hardware Procurement,4830.73,4536.01,2534.79,2898.44,192.1,0.0,238872.35,242451.51,False,2024-04,17,Thursday,False,-294.72,2024-03-10,2024-09-29,1040919.78,47,204,0.2304
2024-04-26,AMR-003,DHL - Singapore Hub,APAC,20,Hardware Procurement,5201.05,6577.11154031311,4283.587728401588,3120.63,200.8,7.0,244073.4,249028.62,True,2024-04,17,Friday,False,1376.06,2024-03-10,2024-09-29,1040919.78,48,204,0.2353
2024-04-27,AMR-003,DHL - Singapore Hub,APAC,20,Hardware Procurement,4922.35,5155.89,3538.4,2953.41,185.4,0.0,248995.75,254184.51,False,2024-04,17,Saturday,True,233.54,2024-03-10,2024-09-29,1040919.78,49,204,0.2402
2024-04-28,AMR-003,DHL - Singapore Hub,APAC,20,Hardware Procurement,5190.99,4886.39,3111.88,3114.6,171.5,0.0,254186.74,259070.9,False,2024-04,17,Sunday,True,-304.6,2024-03-10,2024-09-29,1040919.78,50,204,0.2451
2024-04-29,AMR-003,DHL - Singapore Hub,APAC,20,Hardware Procurement,4643.49,5412.28,3075.46,2786.09,179.7,0.0,258830.23,264483.18,False,2024-04,18,Monday,False,768.79,2024-03-10,2024-09-29,1040919.78,51,204,0.25
2024-04-30,AMR-003,DHL - Singapore Hub,APAC,20,Staging & Config,4949.01,5257.97,3496.16,2969.41,219.8,0.0,263779.24,269741.15,False,2024-04,18,Tuesday,False,308.96,2024-03-10,2024-09-29,1040919.78,52,204,0.2549
2024-05-01,AMR-003,DHL - Singapore Hub,APAC,20,Staging & Config,4980.26,5086.35,3051.31,2988.16,235.0,0.0,268759.5,274827.5,False,2024-05,18,Wednesday,False,106.09,2024-03-10,2024-09-29,1040919.78,53,204,0.2598
2024-05-02,AMR-003,DHL - Singapore Hub,APAC,20,Staging & Config,4847.79,5419.74,3607.18,2908.68,221.4,0.0,273607.29,280247.24,False,2024-05,18,Thursday,False,571.95,2024-03-10,2024-09-29,1040919.78,54,204,0.2647
2024-05-03,AMR-003,DHL - Singapore Hub,APAC,20,Staging & Config,4791.88,4552.36,2895.59,2875.13,162.8,0.0,278399.17,284799.6,False,2024-05,18,Friday,False,-239.52,2024-03-10,2024-09-29,1040919.78,55,204,0.2696
2024-05-04,AMR-003,DHL - Singapore Hub,APAC,20,Staging & Config,4873.43,5241.84,3060.2,2924.06,209.9,0.0,283272.6,290041.44,False,2024-05,18,Saturday,True,368.41,2024-03-10,2024-09-29,1040919.78,56,204,0.2745
2024-05-05,AMR-003,DHL - Singapore Hub,APAC,20,Staging & Config,4824.43,5589.1,3293.0,2894.66,201.5,0.0,288097.03,295630.54,False,2024-05,18,Sunday,True,764.67,2024-03-10,2024-09-29,1040919.78,57,204,0.2794
2024-05-06,AMR-003,DHL - Singapore Hub,APAC,20,Staging & Config,5299.37,5301.6,3673.85,3179.62,222.3,1.0,293396.4,300932.14,False,2024-05,19,Monday,False,2.23,2024-03-10,2024-09-29,1040919.78,58,204,0.2843
2024-05-07,AMR-003,DHL - Singapore Hub,APAC,20,Staging & Config,5424.95,4518.47,2978.85,3254.97,160.4,0.0,298821.35,305450.61,False,2024-05,19,Tuesday,False,-906.48,2024-03-10,2024-09-29,1040919.78,59,204,0.2892
2024-05-08,AMR-003,DHL - Singapore Hub,APAC,20,Staging & Config,5449.95,5238.34,3263.89,3269.97,206.3,1.0,304271.3,310688.95,False,2024-05,19,Wednesday,False,-211.61,2024-03-10,2024-09-29,1040919.78,60,204,0.2941
2024-05-09,AMR-003,DHL - Singapore Hub,APAC,20,Staging & Config,5174.42,6118.12,3484.35,3104.65,230.1,0.0,309445.72,316807.07,False,2024-05,19,Thursday,False,943.7,2024-03-10,2024-09-29,1040919.78,61,204,0.299
2024-05-10,AMR-003,DHL - Singapore Hub,APAC,20,Staging & Config,5256.97,5529.94,3298.19,3154.18,219.5,0.0,314702.69,322337.01,False,2024-05,19,Friday,False,272.97,2024-03-10,2024-09-29,1040919.78,62,204,0.3039
2024-05-11,AMR-003,DHL - Singapore Hub,APAC,20,Staging & Config,5286.39,4548.57,3039.05,3171.83,170.1,0.0,319989.08,326885.58,False,2024-05,19,Saturday,True,-737.82,2024-03-10,2024-09-29,1040919.78,63,204,0.3088
2024-05-12,AMR-003,DHL - Singapore Hub,APAC,20,Staging & Config,5379.8,5175.44,3460.19,3227.88,217.5,0.0,325368.88,332061.02,False,2024-05,19,Sunday,True,-204.36,2024-03-10,2024-09-29,1040919.78,64,204,0.3137
2024-05-13,AMR-003,DHL - Singapore Hub,APAC,20,Staging & Config,5388.66,6049.03,3530.7,3233.19,180.7,0.0,330757.54,338110.05,False,2024-05,20,Monday,False,660.37,2024-03-10,2024-09-29,1040919.78,65,204,0.3186
2024-05-14,AMR-003,DHL - Singapore Hub,APAC,20,Staging & Config,5511.07,4805.57,2732.35,3306.64,203.3,0.0,336268.61,342915.62,False,2024-05,20,Tuesday,False,-705.5,2024-03-10,2024-09-29,1040919.78,66,204,0.3235
2024-05-15,AMR-003,DHL - Singapore Hub,APAC,20,Staging & Config,4990.59,5126.97,3183.3,2994.36,187.1,0.0,341259.2,348042.59,False,2024-05,20,Wednesday,False,136.38,2024-03-10,2024-09-29,1040919.78,67,204,0.3284
2024-05-16,AMR-003,DHL - Singapore Hub,APAC,20,Staging & Config,5442.16,5065.71,2924.84,3265.3,183.5,0.0,346701.36,353108.3,False,2024-05,20,Thursday,False,-376.45,2024-03-10,2024-09-29,1040919.78,68,204,0.3333
2024-05-17,AMR-003,DHL - Singapore Hub,APAC,20,Staging & Config,4998.48,5213.4400000000005,2849.6,2999.09,211.0,0.0,351699.84,358321.74,False,2024-05,20,Friday,False,214.96,2024-03-10,2024-09-29,1040919.78,69,204,0.3382
2024-05-18,AMR-003,DHL - Singapore Hub,APAC,20,Staging & Config,4680.41,5806.99,3519.15,2808.25,227.3,0.0,356380.25,364128.73,False,2024-05,20,Saturday,True,1126.58,2024-03-10,2024-09-29,1040919.78,70,204,0.3431
2024-05-19,AMR-003,DHL - Singapore Hub,APAC,20,Staging & Config,4822.79,4860.38,2696.42,2893.67,190.1,0.0,361203.04,368989.11,False,2024-05,20,Sunday,True,37.59,2024-03-10,2024-09-29,1040919.78,71,204,0.348
2024-05-20,AMR-003,DHL - Singapore Hub,APAC,20,Staging & Config,5000.6,5022.52,3118.79,3000.36,214.7,0.0,366203.64,374011.63,False,2024-05,21,Monday,False,21.92,2024-03-10,2024-09-29,1040919.78,72,204,0.3529
2024-05-21,AMR-003,DHL - Singapore Hub,APAC,20,Staging & Config,4835.04,5646.29,3266.44,2901.03,167.7,0.0,371038.68,379657.92,False,2024-05,21,Tuesday,False,811.25,2024-03-10,2024-09-29,1040919.78,73,204,0.3578
2024-05-22,AMR-003,DHL - Singapore Hub,APAC,20,Staging & Config,4883.2,4845.51,3219.77,2929.92,235.2,0.0,375921.88,384503.43,False,2024-05,21,Wednesday,False,-37.69,2024-03-10,2024-09-29,1040919.78,74,204,0.3627
2024-05-23,AMR-003,DHL - Singapore Hub,APAC,20,Staging & Config,4951.92,4979.21,2861.22,2971.15,181.3,0.0,380873.8,389482.64,False,2024-05,21,Thursday,False,27.29,2024-03-10,2024-09-29,1040919.78,75,204,0.3676
2024-05-24,AMR-003,DHL - Singapore Hub,APAC,20,Staging & Config,4788.0,4813.68,3199.27,2872.8,227.7,0.0,385661.8,394296.32,False,2024-05,21,Friday,False,25.68,2024-03-10,2024-09-29,1040919.78,76,204,0.3725
2024-05-25,AMR-003,DHL - Singapore Hub,APAC,20,Staging & Config,5759.05,5732.63,3531.75,3455.43,164.5,0.0,391420.85,400028.95,False,2024-05,21,Saturday,True,-26.42,2024-03-10,2024-09-29,1040919.78,77,204,0.3775
2024-05-26,AMR-003,DHL - Singapore Hub,APAC,20,Staging & Config,5055.35,4372.49,2557.17,3033.21,172.4,0.0,396476.2,404401.44,False,2024-05,21,Sunday,True,-682.86,2024-03-10,2024-09-29,1040919.78,78,204,0.3824
2024-05-27,AMR-003,DHL - Singapore Hub,APAC,20,Staging & Config,5067.85,5592.98,3816.7,3040.71,163.5,0.0,401544.05,409994.42,False,2024-05,22,Monday,False,525.13,2024-03-10,2024-09-29,1040919.78,79,204,0.3873
2024-05-28,AMR-003,DHL - Singapore Hub,APAC,20,Staging & Config,5389.08,5014.77,3154.39,3233.45,238.3,0.0,406933.13,415009.19,False,2024-05,22,Tuesday,False,-374.31,2024-03-10,2024-09-29,1040919.78,80,204,0.3922
2024-05-29,AMR-003,DHL - Singapore Hub,APAC,20,Staging & Config,4944.39,5439.1,3590.62,2966.64,178.8,1.0,411877.52,420448.29,False,2024-05,22,Wednesday,False,494.71,2024-03-10,2024-09-29,1040919.78,81,204,0.3971
2024-05-30,AMR-003,DHL - Singapore Hub,APAC,20,Staging & Config,5553.77,4973.51,2864.93,3332.26,228.3,0.0,417431.29,425421.8,False,2024-05,22,Thursday,False,-580.26,2024-03-10,2024-09-29,1040919.78,82,204,0.402
2024-05-31,AMR-003,DHL - Singapore Hub,APAC,20,Site Installation,4443.87,5229.81,3256.87,2666.32,232.0,0.0,421875.16,430651.61,False,2024-05,22,Friday,False,785.94,2024-03-10,2024-09-29,1040919.78,83,204,0.4069
2024-06-01,AMR-003,DHL - Singapore Hub,APAC,20,Site Installation,4998.53,5099.06,2952.15,2999.12,191.7,0.0,426873.69,435750.67,False,2024-06,22,Saturday,True,100.53,2024-03-10,2024-09-29,1040919.78,84,204,0.4118
2024-06-02,AMR-003,DHL - Singapore Hub,APAC,20,Site Installation,4821.89,4699.18,2971.89,2893.13,222.6,0.0,431695.58,440449.85,False,2024-06,22,Sunday,True,-122.71,2024-03-10,2024-09-29,1040919.78,85,204,0.4167
2024-06-03,AMR-003,DHL - Singapore Hub,APAC,20,Site Installation,4885.4,5624.53,3188.77,2931.24,197.5,0.0,436580.98,446074.38,False,2024-06,23,Monday,False,739.13,2024-03-10,2024-09-29,1040919.78,86,204,0.4216
2024-06-04,AMR-003,DHL - Singapore Hub,APAC,20,Site Installation,5141.05,5459.32,3295.17,3084.63,217.0,2.0,441722.03,451533.7,False,2024-06,23,Tuesday,False,318.27,2024-03-10,2024-09-29,1040919.78,87,204,0.4265
2024-06-05,AMR-003,DHL - Singapore Hub,APAC,20,Site Installation,5361.02,4625.32,3152.01,3216.61,219.4,0.0,447083.05,456159.02,False,2024-06,23,Wednesday,False,-735.7,2024-03-10,2024-09-29,1040919.78,88,204,0.4314
2024-06-06,AMR-003,DHL - Singapore Hub,APAC,20,Site Installation,5175.79,5082.26,2827.45,3105.47,220.4,0.0,452258.84,461241.28,False,2024-06,23,Thursday,False,-93.53,2024-03-10,2024-09-29,1040919.78,89,204,0.4363
2024-06-07,AMR-003,DHL - Singapore Hub,APAC,20,Site Installation,4733.87,4977.54,3291.58,2840.32,163.1,0.0,456992.71,466218.82,False,2024-06,23,Friday,False,243.67,2024-03-10,2024-09-29,1040919.78,90,204,0.4412
2024-06-08,AMR-003,DHL - Singapore Hub,APAC,20,Site Installation,5143.17,5343.59,3433.15,3085.9,215.9,0.0,462135.88,471562.41,False,2024-06,23,Saturday,True,200.42,2024-03-10,2024-09-29,1040919.78,91,204,0.4461
2024-06-09,AMR-003,DHL - Singapore Hub,APAC,20,Site Installation,4903.32,6621.12,3731.78,2941.99,205.7,0.0,467039.2,478183.53,False,2024-06,23,Sunday,True,1717.8,2024-03-10,2024-09-29,1040919.78,92,204,0.451
2024-06-10,AMR-003,DHL - Singapore Hub,APAC,20,Site Installation,5077.25,5066.76,3182.71,3046.35,222.8,0.0,472116.45,483250.29,False,2024-06,24,Monday,False,-10.49,2024-03-10,2024-09-29,1040919.78,93,204,0.4559
2024-06-11,AMR-003,DHL - Singapore Hub,APAC,20,Site Installation,5476.26,5490.84,3274.46,3285.75,227.1,0.0,477592.71,488741.13,False,2024-06,24,Tuesday,False,14.58,2024-03-10,2024-09-29,1040919.78,94,204,0.4608
2024-06-12,AMR-003,DHL - Singapore Hub,APAC,20,Site Installation,4832.4,5276.8,3541.8,2899.44,179.2,0.0,482425.11,494017.93,False,2024-06,24,Wednesday,False,444.4,2024-03-10,2024-09-29,1040919.78,95,204,0.4657
2024-06-13,AMR-003,DHL - Singapore Hub,APAC,20,Site Installation,5093.69,5542.63,3643.11,3056.21,207.5,2.0,487518.8,499560.56,False,2024-06,24,Thursday,False,448.94,2024-03-10,2024-09-29,1040919.78,96,204,0.4706
2024-06-14,AMR-003,DHL - Singapore Hub,APAC,20,Site Installation,5113.38,5166.09,3188.09,3068.03,199.3,0.0,492632.18,504726.65,False,2024-06,24,Friday,False,52.71,2024-03-10,2024-09-29,1040919.78,97,204,0.4755
2024-06-15,AMR-003,DHL - Singapore Hub,APAC,20,Site Installation,4853.61,5100.07,2934.83,2912.16,171.4,0.0,497485.79,509826.72,False,2024-06,24,Saturday,True,246.46,2024-03-10,2024-09-29,1040919.78,98,204,0.4804
2024-06-16,AMR-003,DHL - Singapore Hub,APAC,20,Site Installation,5246.25,5034.52,3360.27,3147.75,206.1,0.0,502732.04,514861.24,False,2024-06,24,Sunday,True,-211.73,2024-03-10,2024-09-29,1040919.78,99,204,0.4853
2024-06-17,AMR-003,DHL - Singapore Hub,APAC,20,Site Installation,5156.76,5022.12,2880.83,3094.05,233.6,0.0,507888.8,519883.36,False,2024-06,25,Monday,False,-134.64,2024-03-10,2024-09-29,1040919.78,100,204,0.4902
2024-06-18,AMR-003,DHL - Singapore Hub,APAC,20,Site Installation,5457.17,5322.24,3394.78,3274.3,205.3,0.0,513345.97,525205.6,False,2024-06,25,Tuesday,False,-134.93,2024-03-10,2024-09-29,1040919.78,101,204,0.4951
2024-06-19,AMR-003,DHL - Singapore Hub,APAC,20,Site Installation,4672.29,4671.13,2741.97,2803.38,193.7,0.0,518018.26,529876.73,False,2024-06,25,Wednesday,False,-1.16,2024-03-10,2024-09-29,1040919.78,102,204,0.5
2024-06-20,AMR-003,DHL - Singapore Hub,APAC,20,Site Installation,5549.53,4520.04,2800.71,3329.72,199.3,0.0,523567.79,534396.77,False,2024-06,25,Thursday,False,-1029.49,2024-03-10,2024-09-29,1040919.78,103,204,0.5049
2024-06-21,AMR-003,DHL - Singapore Hub,APAC,20,Site Installation,4751.0,4993.09,2915.74,2850.6,224.2,0.0,528318.79,539389.86,False,2024-06,25,Friday,False,242.09,2024-03-10,2024-09-29,1040919.78,104,204,0.5098
2024-06-22,AMR-003,DHL - Singapore Hub,APAC,20,Site Installation,4840.24,5602.88,3086.06,2904.14,181.4,0.0,533159.03,544992.74,False,2024-06,25,Saturday,True,762.64,2024-03-10,2024-09-29,1040919.78,105,204,0.5147
2024-06-23,AMR-003,DHL - Singapore Hub,APAC,20,Site Installation,5128.95,5066.85,3085.82,3077.37,218.0,0.0,538287.98,550059.59,False,2024-06,25,Sunday,True,-62.1,2024-03-10,2024-09-29,1040919.78,106,204,0.5196
2024-06-24,AMR-003,DHL - Singapore Hub,APAC,20,Site Installation,4837.15,5842.19,3783.79,2902.29,161.2,0.0,543125.13,555901.78,False,2024-06,26,Monday,False,1005.04,2024-03-10,2024-09-29,1040919.78,107,204,0.5245
2024-06-25,AMR-003,DHL - Singapore Hub,APAC,20,Site Installation,5180.37,5402.64,3345.88,3108.22,198.9,0.0,548305.5,561304.42,False,2024-06,26,Tuesday,False,222.27,2024-03-10,2024-09-29,1040919.78,108,204,0.5294
2024-06-26,AMR-003,DHL - Singapore Hub,APAC,20,Site Installation,5382.32,5195.54,3222.65,3229.39,219.3,0.0,553687.82,566499.96,False,2024-06,26,Wednesday,False,-186.78,2024-03-10,2024-09-29,1040919.78,109,204,0.5343
2024-06-27,AMR-003,DHL - Singapore Hub,APAC,20,Site Installation,4970.0,5787.46,3593.29,2982.0,168.3,1.0,558657.82,572287.42,False,2024-06,26,Thursday,False,817.46,2024-03-10,2024-09-29,1040919.78,110,204,0.5392
2024-06-28,AMR-003,DHL - Singapore Hub,APAC,20,Site Installation,4791.66,4727.54,2723.8,2875.0,162.1,0.0,563449.48,577014.96,False,2024-06,26,Friday,False,-64.12,2024-03-10,2024-09-29,1040919.78,111,204,0.5441
2024-06-29,AMR-003,DHL - Singapore Hub,APAC,20,Site Installation,5234.05,5472.09,3242.26,3140.43,183.8,1.0,568683.53,582487.05,False,2024-06,26,Saturday,True,238.04,2024-03-10,2024-09-29,1040919.78,112,204,0.549
2024-06-30,AMR-003,DHL - Singapore Hub,APAC,20,Site Installation,5190.92,6265.93,3551.3,3114.55,167.2,0.0,573874.45,588752.98,False,2024-06,26,Sunday,True,1075.01,2024-03-10,2024-09-29,1040919.78,113,204,0.5539
2024-07-01,AMR-003,DHL - Singapore Hub,APAC,20,Site Installation,5195.92,5294.39,3243.69,3117.55,192.9,0.0,579070.37,594047.37,False,2024-07,27,Monday,False,98.47,2024-03-10,2024-09-29,1040919.78,114,204,0.5588
2024-07-02,AMR-003,DHL - Singapore Hub,APAC,20,Site Installation,5387.94,5108.87,2957.92,3232.77,214.5,0.0,584458.31,599156.24,False,2024-07,27,Tuesday,False,-279.07,2024-03-10,2024-09-29,1040919.78,115,204,0.5637
2024-07-03,AMR-003,DHL - Singapore Hub,APAC,20,Site Installation,4618.63,5134.83,3454.59,2771.18,167.2,1.0,589076.94,604291.07,False,2024-07,27,Wednesday,False,516.2,2024-03-10,2024-09-29,1040919.78,116,204,0.5686
2024-07-04,AMR-003,DHL - Singapore Hub,APAC,20,Site Installation,4729.82,6225.68,3815.29,2837.89,184.1,0.0,593806.76,610516.75,False,2024-07,27,Thursday,False,1495.86,2024-03-10,2024-09-29,1040919.78,117,204,0.5735
2024-07-05,AMR-003,DHL - Singapore Hub,APAC,20,Site Installation,4672.9,5470.41,3545.81,2803.74,194.6,0.0,598479.66,615987.16,False,2024-07,27,Friday,False,797.51,2024-03-10,2024-09-29,1040919.78,118,204,0.5784
2024-07-06,AMR-003,DHL - Singapore Hub,APAC,20,Site Installation,4908.56,5096.14,3045.21,2945.14,178.9,0.0,603388.22,621083.3,False,2024-07,27,Saturday,True,187.58,2024-03-10,2024-09-29,1040919.78,119,204,0.5833
2024-07-07,AMR-003,DHL - Singapore Hub,APAC,20,Site Installation,5174.96,5195.05,3398.22,3104.97,214.5,0.0,608563.18,626278.35,False,2024-07,27,Sunday,True,20.09,2024-03-10,2024-09-29,1040919.78,120,204,0.5882
2024-07-08,AMR-003,DHL - Singapore Hub,APAC,20,Site Installation,5100.95,4776.61,3162.28,3060.57,174.4,0.0,613664.13,631054.96,False,2024-07,28,Monday,False,-324.34,2024-03-10,2024-09-29,1040919.78,121,204,0.5931
2024-07-09,AMR-003,DHL - Singapore Hub,APAC,20,Site Installation,4913.22,4856.35,3365.81,2947.93,229.3,0.0,618577.35,635911.31,False,2024-07,28,Tuesday,False,-56.87,2024-03-10,2024-09-29,1040919.78,122,204,0.598
2024-07-10,AMR-003,DHL - Singapore Hub,APAC,20,Site Installation,5055.72,4903.9,3143.89,3033.43,185.5,2.0,623633.07,640815.21,False,2024-07,28,Wednesday,False,-151.82,2024-03-10,2024-09-29,1040919.78,123,204,0.6029
2024-07-11,AMR-003,DHL - Singapore Hub,APAC,20,Site Installation,4989.77,5509.8,3693.76,2993.86,211.4,0.0,628622.84,646325.01,False,2024-07,28,Thursday,False,520.03,2024-03-10,2024-09-29,1040919.78,124,204,0.6078
2024-07-12,AMR-003,DHL - Singapore Hub,APAC,20,Site Installation,5040.3,5589.14,3893.64,3024.18,185.4,0.0,633663.14,651914.15,False,2024-07,28,Friday,False,548.84,2024-03-10,2024-09-29,1040919.78,125,204,0.6127
2024-07-13,AMR-003,DHL - Singapore Hub,APAC,20,Site Installation,5046.34,6577.11154031311,3939.07,3027.81,174.2,0.0,638709.48,658491.26,True,2024-07,28,Saturday,True,1530.77,2024-03-10,2024-09-29,1040919.78,126,204,0.6176
2024-07-14,AMR-003,DHL - Singapore Hub,APAC,20,Site Installation,5081.61,5244.76,3053.65,3048.97,189.4,0.0,643791.09,663736.02,False,2024-07,28,Sunday,True,163.15,2024-03-10,2024-09-29,1040919.78,127,204,0.6225
2024-07-15,AMR-003,DHL - Singapore Hub,APAC,20,Site Installation,5221.95,4904.16,3038.78,3133.17,204.8,0.0,649013.04,668640.18,False,2024-07,29,Monday,False,-317.79,2024-03-10,2024-09-29,1040919.78,128,204,0.6275
2024-07-16,AMR-003,DHL - Singapore Hub,APAC,20,Site Installation,5545.68,4920.64,2857.95,3327.41,193.0,0.0,654558.72,673560.82,False,2024-07,29,Tuesday,False,-625.04,2024-03-10,2024-09-29,1040919.78,129,204,0.6324
2024-07-17,AMR-003,DHL - Singapore Hub,APAC,20,Site Installation,5396.65,5563.82,3197.88,3237.99,214.6,1.0,659955.37,679124.64,False,2024-07,29,Wednesday,False,167.17,2024-03-10,2024-09-29,1040919.78,130,204,0.6373
2024-07-18,AMR-003,DHL - Singapore Hub,APAC,20,Site Installation,5343.05,5184.01,3320.34,3205.83,160.2,0.0,665298.42,684308.65,False,2024-07,29,Thursday,False,-159.04,2024-03-10,2024-09-29,1040919.78,131,204,0.6422
2024-07-19,AMR-003,DHL - Singapore Hub,APAC,20,Site Installation,5173.7,4885.94,2814.7,3104.22,205.7,0.0,670472.12,689194.59,False,2024-07,29,Friday,False,-287.76,2024-03-10,2024-09-29,1040919.78,132,204,0.6471
2024-07-20,AMR-003,DHL - Singapore Hub,APAC,20,Site Installation,5608.88,4850.24,3086.37,3365.33,185.9,0.0,676081.0,694044.83,False,2024-07,29,Saturday,True,-758.64,2024-03-10,2024-09-29,1040919.78,133,204,0.652
2024-07-21,AMR-003,DHL - Singapore Hub,APAC,20,UAT,4937.64,5481.63,3514.74,2962.58,186.3,0.0,681018.64,699526.46,False,2024-07,29,Sunday,True,543.99,2024-03-10,2024-09-29,1040919.78,134,204,0.6569
2024-07-22,AMR-003,DHL - Singapore Hub,APAC,20,UAT,5075.69,5269.85,3460.68,3045.41,192.2,0.0,686094.33,704796.31,False,2024-07,30,Monday,False,194.16,2024-03-10,2024-09-29,1040919.78,135,204,0.6618
2024-07-23,AMR-003,DHL - Singapore Hub,APAC,20,UAT,5094.49,4772.75,3123.23,3056.69,215.2,0.0,691188.82,709569.06,False,2024-07,30,Tuesday,False,-321.74,2024-03-10,2024-09-29,1040919.78,136,204,0.6667
2024-07-24,AMR-003,DHL - Singapore Hub,APAC,20,UAT,5332.21,6089.11,4117.84,3199.32,218.7,0.0,696521.03,715658.17,False,2024-07,30,Wednesday,False,756.9,2024-03-10,2024-09-29,1040919.78,137,204,0.6716
2024-07-25,AMR-003,DHL - Singapore Hub,APAC,20,UAT,4776.22,4484.04,2986.69,2865.73,187.2,0.0,701297.25,720142.21,False,2024-07,30,Thursday,False,-292.18,2024-03-10,2024-09-29,1040919.78,138,204,0.6765
2024-07-26,AMR-003,DHL - Singapore Hub,APAC,20,UAT,4830.7,4347.98,3250.2799999999997,2898.42,226.0,0.0,706127.95,724490.19,False,2024-07,30,Friday,False,-482.72,2024-03-10,2024-09-29,1040919.78,139,204,0.6814
2024-07-27,AMR-003,DHL - Singapore Hub,APAC,20,UAT,5436.66,5385.63,3552.74,3262.0,239.3,0.0,711564.61,729875.82,False,2024-07,30,Saturday,True,-51.03,2024-03-10,2024-09-29,1040919.78,140,204,0.6863
2024-07-28,AMR-003,DHL - Singapore Hub,APAC,20,UAT,5115.41,5662.23,3235.39,3069.25,166.1,0.0,716680.02,735538.05,False,2024-07,30,Sunday,True,546.82,2024-03-10,2024-09-29,1040919.78,141,204,0.6912
2024-07-29,AMR-003,DHL - Singapore Hub,APAC,20,UAT,5022.73,5238.99,3159.85,3013.64,222.3,0.0,721702.75,740777.04,False,2024-07,31,Monday,False,216.26,2024-03-10,2024-09-29,1040919.78,142,204,0.6961
2024-07-30,AMR-003,DHL - Singapore Hub,APAC,20,UAT,5291.98,5375.13,3219.78,3175.19,170.7,0.0,726994.73,746152.17,False,2024-07,31,Tuesday,False,83.15,2024-03-10,2024-09-29,1040919.78,143,204,0.701
2024-07-31,AMR-003,DHL - Singapore Hub,APAC,20,UAT,5382.55,6018.31,4059.43,3229.53,202.7,0.0,732377.28,752170.48,False,2024-07,31,Wednesday,False,635.76,2024-03-10,2024-09-29,1040919.78,144,204,0.7059
2024-08-01,AMR-003,DHL - Singapore Hub,APAC,20,UAT,5275.99,4255.26,2962.49,3165.6,187.6,0.0,737653.27,756425.74,False,2024-08,31,Thursday,False,-1020.73,2024-03-10,2024-09-29,1040919.78,145,204,0.7108
2024-08-02,AMR-003,DHL - Singapore Hub,APAC,20,UAT,5721.06,5197.77,2988.95,3432.64,217.7,0.0,743374.33,761623.51,False,2024-08,31,Friday,False,-523.29,2024-03-10,2024-09-29,1040919.78,146,204,0.7157
2024-08-03,AMR-003,DHL - Singapore Hub,APAC,20,UAT,4635.84,5958.8,3968.55,2781.5,219.7,0.0,748010.17,767582.31,False,2024-08,31,Saturday,True,1322.96,2024-03-10,2024-09-29,1040919.78,147,204,0.7206
2024-08-04,AMR-003,DHL - Singapore Hub,APAC,20,UAT,4686.87,5213.4400000000005,3469.03,2812.12,189.6,0.0,752697.04,772795.75,False,2024-08,31,Sunday,True,526.57,2024-03-10,2024-09-29,1040919.78,148,204,0.7255
2024-08-05,AMR-003,DHL - Singapore Hub,APAC,20,UAT,5717.32,4612.4,3119.64,3430.39,170.3,0.0,758414.36,777408.15,False,2024-08,32,Monday,False,-1104.92,2024-03-10,2024-09-29,1040919.78,149,204,0.7304
2024-08-06,AMR-003,DHL - Singapore Hub,APAC,20,UAT,5133.19,4772.95,2793.04,3079.91,197.7,0.0,763547.55,782181.1,False,2024-08,32,Tuesday,False,-360.24,2024-03-10,2024-09-29,1040919.78,150,204,0.7353
2024-08-07,AMR-003,DHL - Singapore Hub,APAC,20,UAT,5414.02,4617.09,2597.35,3248.41,164.4,0.0,768961.57,786798.19,False,2024-08,32,Wednesday,False,-796.93,2024-03-10,2024-09-29,1040919.78,151,204,0.7402
2024-08-08,AMR-003,DHL - Singapore Hub,APAC,20,UAT,5065.37,5923.24,3765.25,3039.22,208.7,0.0,774026.94,792721.43,False,2024-08,32,Thursday,False,857.87,2024-03-10,2024-09-29,1040919.78,152,204,0.7451
2024-08-09,AMR-003,DHL - Singapore Hub,APAC,20,UAT,5014.67,5421.43,3655.61,3008.8,213.8,1.0,779041.61,798142.86,False,2024-08,32,Friday,False,406.76,2024-03-10,2024-09-29,1040919.78,153,204,0.75
2024-08-10,AMR-003,DHL - Singapore Hub,APAC,20,UAT,5292.21,6577.11154031311,4283.587728401588,3175.33,211.4,0.0,784333.82,804719.98,True,2024-08,32,Saturday,True,1284.9,2024-03-10,2024-09-29,1040919.78,154,204,0.7549
2024-08-11,AMR-003,DHL - Singapore Hub,APAC,20,UAT,4683.44,5418.4,3031.06,2810.07,164.8,0.0,789017.26,810138.38,False,2024-08,32,Sunday,True,734.96,2024-03-10,2024-09-29,1040919.78,155,204,0.7598
2024-08-12,AMR-003,DHL - Singapore Hub,APAC,20,UAT,5081.72,5337.31,3102.0,3049.03,224.0,0.0,794098.98,815475.69,False,2024-08,33,Monday,False,255.59,2024-03-10,2024-09-29,1040919.78,156,204,0.7647
2024-08-13,AMR-003,DHL - Singapore Hub,APAC,20,UAT,4984.18,5414.08,3700.62,2990.51,172.0,0.0,799083.16,820889.77,False,2024-08,33,Tuesday,False,429.9,2024-03-10,2024-09-29,1040919.78,157,204,0.7696
2024-08-14,AMR-003,DHL - Singapore Hub,APAC,20,UAT,4914.46,5134.94,3157.68,2948.67,184.0,0.0,803997.62,826024.71,False,2024-08,33,Wednesday,False,220.48,2024-03-10,2024-09-29,1040919.78,158,204,0.7745
2024-08-15,AMR-003,DHL - Singapore Hub,APAC,20,UAT,5329.16,6441.93,4195.48,3197.5,163.4,0.0,809326.78,832466.64,False,2024-08,33,Thursday,False,1112.77,2024-03-10,2024-09-29,1040919.78,159,204,0.7794
2024-08-16,AMR-003,DHL - Singapore Hub,APAC,20,UAT,5119.4,5510.26,3354.27,3071.64,179.2,0.0,814446.18,837976.9,False,2024-08,33,Friday,False,390.86,2024-03-10,2024-09-29,1040919.78,160,204,0.7843
2024-08-17,AMR-003,DHL - Singapore Hub,APAC,20,UAT,5527.02,5583.52,3809.3,3316.21,202.3,0.0,819973.2,843560.42,False,2024-08,33,Saturday,True,56.5,2024-03-10,2024-09-29,1040919.78,161,204,0.7892
2024-08-18,AMR-003,DHL - Singapore Hub,APAC,20,UAT,5120.6,5241.45,3647.63,3072.36,224.9,0.0,825093.8,848801.87,False,2024-08,33,Sunday,True,120.85,2024-03-10,2024-09-29,1040919.78,162,204,0.7941
2024-08-19,AMR-003,DHL - Singapore Hub,APAC,20,UAT,5249.59,4687.01,2612.81,3149.76,217.9,0.0,830343.39,853488.88,False,2024-08,34,Monday,False,-562.58,2024-03-10,2024-09-29,1040919.78,163,204,0.799
2024-08-20,AMR-003,DHL - Singapore Hub,APAC,20,UAT,5361.14,5304.26,2965.04,3216.69,209.9,0.0,835704.53,858793.14,False,2024-08,34,Tuesday,False,-56.88,2024-03-10,2024-09-29,1040919.78,164,204,0.8039
2024-08-21,AMR-003,DHL - Singapore Hub,APAC,20,Go-Live,4537.18,5484.01,3347.48,2722.31,211.4,0.0,840241.71,864277.15,False,2024-08,34,Wednesday,False,946.83,2024-03-10,2024-09-29,1040919.78,165,204,0.8088
2024-08-22,AMR-003,DHL - Singapore Hub,APAC,20,Go-Live,5237.52,6174.53,3934.88,3142.51,192.6,0.0,845479.23,870451.68,False,2024-08,34,Thursday,False,937.01,2024-03-10,2024-09-29,1040919.78,166,204,0.8137
2024-08-23,AMR-003,DHL - Singapore Hub,APAC,20,Go-Live,5259.1,4908.9,3123.82,3155.46,168.6,0.0,850738.33,875360.58,False,2024-08,34,Friday,False,-350.2,2024-03-10,2024-09-29,1040919.78,167,204,0.8186
2024-08-24,AMR-003,DHL - Singapore Hub,APAC,20,Go-Live,5367.07,5504.42,3761.94,3220.24,199.9,0.0,856105.4,880865.0,False,2024-08,34,Saturday,True,137.35,2024-03-10,2024-09-29,1040919.78,168,204,0.8235
2024-08-25,AMR-003,DHL - Singapore Hub,APAC,20,Go-Live,5220.63,5378.88,3547.1,3132.38,164.1,0.0,861326.03,886243.88,False,2024-08,34,Sunday,True,158.25,2024-03-10,2024-09-29,1040919.78,169,204,0.8284
2024-08-26,AMR-003,DHL - Singapore Hub,APAC,20,Go-Live,4799.06,6331.57,3661.81,2879.44,162.1,0.0,866125.09,892575.45,False,2024-08,35,Monday,False,1532.51,2024-03-10,2024-09-29,1040919.78,170,204,0.8333
2024-08-27,AMR-003,DHL - Singapore Hub,APAC,20,Go-Live,5114.19,5584.12,3148.04,3068.51,186.5,0.0,871239.28,898159.57,False,2024-08,35,Tuesday,False,469.93,2024-03-10,2024-09-29,1040919.78,171,204,0.8382
2024-08-28,AMR-003,DHL - Singapore Hub,APAC,20,Go-Live,4691.0,5760.48,3850.25,2814.6,233.3,0.0,875930.28,903920.05,False,2024-08,35,Wednesday,False,1069.48,2024-03-10,2024-09-29,1040919.78,172,204,0.8431
2024-08-29,AMR-003,DHL - Singapore Hub,APAC,20,Go-Live,5130.44,5720.62,3995.5,3078.27,186.9,0.0,881060.72,909640.67,False,2024-08,35,Thursday,False,590.18,2024-03-10,2024-09-29,1040919.78,173,204,0.848
2024-08-30,AMR-003,DHL - Singapore Hub,APAC,20,Go-Live,5013.27,5875.49,3912.36,3007.96,189.2,0.0,886073.99,915516.16,False,2024-08,35,Friday,False,862.22,2024-03-10,2024-09-29,1040919.78,174,204,0.8529
2024-08-31,AMR-003,DHL - Singapore Hub,APAC,20,Go-Live,5212.97,4731.04,2948.69,3127.78,167.8,0.0,891286.96,920247.2,False,2024-08,35,Saturday,True,-481.93,2024-03-10,2024-09-29,1040919.78,175,204,0.8578
2024-09-01,AMR-003,DHL - Singapore Hub,APAC,20,Go-Live,5419.2,4692.54,2860.02,3251.52,223.7,0.0,896706.16,924939.74,False,2024-09,35,Sunday,True,-726.66,2024-03-10,2024-09-29,1040919.78,176,204,0.8627
2024-09-02,AMR-003,DHL - Singapore Hub,APAC,20,Go-Live,5315.74,5682.94,3848.94,3189.45,172.3,0.0,902021.9,930622.68,True,2024-09,36,Monday,False,367.2,2024-03-10,2024-09-29,1040919.78,177,204,0.8676
2024-09-03,AMR-003,DHL - Singapore Hub,APAC,20,Go-Live,5349.84,5778.78,3543.12,3209.91,238.4,0.0,907371.74,936401.46,False,2024-09,36,Tuesday,False,428.94,2024-03-10,2024-09-29,1040919.78,178,204,0.8725
2024-09-04,AMR-003,DHL - Singapore Hub,APAC,20,Go-Live,5080.21,5010.09,3167.75,3048.13,215.7,0.0,912451.95,941411.55,False,2024-09,36,Wednesday,False,-70.12,2024-03-10,2024-09-29,1040919.78,179,204,0.8775
2024-09-05,AMR-003,DHL - Singapore Hub,APAC,20,Go-Live,5158.57,4836.04,2709.86,3095.14,239.3,0.0,917610.52,946247.59,False,2024-09,36,Thursday,False,-322.53,2024-03-10,2024-09-29,1040919.78,180,204,0.8824
2024-09-06,AMR-003,DHL - Singapore Hub,APAC,20,Go-Live,4868.76,5151.9,3118.18,2921.26,219.1,0.0,922479.28,951399.49,False,2024-09,36,Friday,False,283.14,2024-03-10,2024-09-29,1040919.78,181,204,0.8873
2024-09-07,AMR-003,DHL - Singapore Hub,APAC,20,Go-Live,5231.6,5489.86,3720.0,3138.96,216.7,0.0,927710.88,956889.35,False,2024-09,36,Saturday,True,258.26,2024-03-10,2024-09-29,1040919.78,182,204,0.8922
2024-09-08,AMR-003,DHL - Singapore Hub,APAC,20,Go-Live,4980.33,5578.91,3555.97,2988.2,164.8,0.0,932691.21,962468.26,False,2024-09,36,Sunday,True,598.58,2024-03-10,2024-09-29,1040919.78,183,204,0.8971
2024-09-09,AMR-003,DHL - Singapore Hub,APAC,20,Go-Live,5056.13,4869.06,2768.92,3033.68,207.7,0.0,937747.34,967337.32,False,2024-09,37,Monday,False,-187.07,2024-03-10,2024-09-29,1040919.78,184,204,0.902
2024-09-10,AMR-003,DHL - Singapore Hub,APAC,20,Monitoring,5121.37,5171.25,2927.61,3072.82,199.7,0.0,942868.71,972508.57,False,2024-09,37,Tuesday,False,49.88,2024-03-10,2024-09-29,1040919.78,185,204,0.9069
2024-09-11,AMR-003,DHL - Singapore Hub,APAC,20,Monitoring,5265.3,5444.45,3276.9,3159.18,171.0,0.0,948134.01,977953.02,False,2024-09,37,Wednesday,False,179.15,2024-03-10,2024-09-29,1040919.78,186,204,0.9118
2024-09-12,AMR-003,DHL - Singapore Hub,APAC,20,Monitoring,5026.01,5206.8,3389.28,3015.61,209.2,0.0,953160.02,983159.82,False,2024-09,37,Thursday,False,180.79,2024-03-10,2024-09-29,1040919.78,187,204,0.9167
2024-09-13,AMR-003,DHL - Singapore Hub,APAC,20,Monitoring,5741.04,5361.02,2960.55,3444.63,234.6,0.0,958901.06,988520.84,False,2024-09,37,Friday,False,-380.02,2024-03-10,2024-09-29,1040919.78,188,204,0.9216
2024-09-14,AMR-003,DHL - Singapore Hub,APAC,20,Monitoring,4963.67,5632.66,3305.23,2978.2,160.9,0.0,963864.73,994153.5,False,2024-09,37,Saturday,True,668.99,2024-03-10,2024-09-29,1040919.78,189,204,0.9265
2024-09-15,AMR-003,DHL - Singapore Hub,APAC,20,Monitoring,5383.23,5053.84,3276.44,3229.94,217.3,0.0,969247.96,999207.34,False,2024-09,37,Sunday,True,-329.39,2024-03-10,2024-09-29,1040919.78,190,204,0.9314
2024-09-16,AMR-003,DHL - Singapore Hub,APAC,20,Monitoring,4663.66,5780.91,3234.92,2798.2,163.0,0.0,973911.62,1004988.25,False,2024-09,38,Monday,False,1117.25,2024-03-10,2024-09-29,1040919.78,191,204,0.9363
2024-09-17,AMR-003,DHL - Singapore Hub,APAC,20,Monitoring,4978.37,5425.85,3385.0,2987.02,202.4,0.0,978889.99,1010414.1,False,2024-09,38,Tuesday,False,447.48,2024-03-10,2024-09-29,1040919.78,192,204,0.9412
2024-09-18,AMR-003,DHL - Singapore Hub,APAC,20,Monitoring,5287.76,4733.48,2644.27,3172.65,222.5,0.0,984177.75,1015147.58,False,2024-09,38,Wednesday,False,-554.28,2024-03-10,2024-09-29,1040919.78,193,204,0.9461
2024-09-19,AMR-003,DHL - Singapore Hub,APAC,20,Monitoring,5195.97,4836.29,3250.2799999999997,3117.58,203.0,0.0,989373.72,1019983.87,False,2024-09,38,Thursday,False,-359.68,2024-03-10,2024-09-29,1040919.78,194,204,0.951
2024-09-20,AMR-003,DHL - Singapore Hub,APAC,20,Monitoring,5148.04,4522.44,2840.45,3088.82,187.9,0.0,994521.76,1024506.31,False,2024-09,38,Friday,False,-625.6,2024-03-10,2024-09-29,1040919.78,195,204,0.9559
2024-09-21,AMR-003,DHL - Singapore Hub,APAC,20,Monitoring,5046.46,5109.05,3264.4,3027.88,177.5,0.0,999568.22,1029615.36,False,2024-09,38,Saturday,True,62.59,2024-03-10,2024-09-29,1040919.78,196,204,0.9608
2024-09-22,AMR-003,DHL - Singapore Hub,APAC,20,Monitoring,5438.61,5648.43,3585.45,3263.16,208.8,0.0,1005006.83,1035263.79,False,2024-09,38,Sunday,True,209.82,2024-03-10,2024-09-29,1040919.78,197,204,0.9657
2024-09-23,AMR-003,DHL - Singapore Hub,APAC,20,Monitoring,5176.72,5511.63,3553.56,3106.03,161.3,2.0,1010183.55,1040775.42,False,2024-09,39,Monday,False,334.91,2024-03-10,2024-09-29,1040919.78,198,204,0.9706
2024-09-24,AMR-003,DHL - Singapore Hub,APAC,20,Monitoring,4966.06,5268.32,3638.75,2979.64,210.9,0.0,1015149.61,1046043.74,False,2024-09,39,Tuesday,False,302.26,2024-03-10,2024-09-29,1040919.78,199,204,0.9755
2024-09-25,AMR-003,DHL - Singapore Hub,APAC,20,Monitoring,4958.93,5731.64,3787.72,2975.36,232.3,0.0,1020108.54,1051775.38,False,2024-09,39,Wednesday,False,772.71,2024-03-10,2024-09-29,1040919.78,200,204,0.9804
2024-09-26,AMR-003,DHL - Singapore Hub,APAC,20,Monitoring,5281.34,5024.76,3308.41,3168.8,160.3,0.0,1025389.88,1056800.14,False,2024-09,39,Thursday,False,-256.58,2024-03-10,2024-09-29,1040919.78,201,204,0.9853
2024-09-27,AMR-003,DHL - Singapore Hub,APAC,20,Monitoring,5163.88,4766.93,2670.89,3098.33,233.8,0.0,1030553.76,1061567.07,False,2024-09,39,Friday,False,-396.95,2024-03-10,2024-09-29,1040919.78,202,204,0.9902
2024-09-28,AMR-003,DHL - Singapore Hub,APAC,20,Monitoring,5182.09,5529.68,3440.26,3109.25,233.4,0.0,1035735.85,1067096.75,False,2024-09,39,Saturday,True,347.59,2024-03-10,2024-09-29,1040919.78,203,204,0.9951
2024-09-29,AMR-003,DHL - Singapore Hub,APAC,20,Monitoring,5183.93,5256.65,3362.62,3110.36,212.7,0.0,1040919.78,1072353.4,False,2024-09,39,Sunday,True,72.72,2024-03-10,2024-09-29,1040919.78,204,204,1.0
2024-01-20,AMR-004,Bosch - Stuttgart Plant,EMEA,15,Planning,4258.72,5279.68,3669.07,2555.23,156.9,0.0,4258.72,5279.68,False,2024-01,3,Saturday,True,1020.96,2024-01-20,2024-06-29,751750.89,1,162,0.0062
2024-01-21,AMR-004,Bosch - Stuttgart Plant,EMEA,15,Planning,4567.14,4260.5,2927.51,2740.28,144.9,0.0,8825.86,9540.18,False,2024-01,3,Sunday,True,-306.64,2024-01-20,2024-06-29,751750.89,2,162,0.0123
2024-01-22,AMR-004,Bosch - Stuttgart Plant,EMEA,15,Planning,4524.54,4715.38,3239.46,2714.72,135.9,0.0,13350.4,14255.56,False,2024-01,4,Monday,False,190.84,2024-01-20,2024-06-29,751750.89,3,162,0.0185
2024-01-23,AMR-004,Bosch - Stuttgart Plant,EMEA,15,Planning,4475.54,4848.14,2995.02,2685.32,145.5,1.0,17825.94,19103.7,False,2024-01,4,Tuesday,False,372.6,2024-01-20,2024-06-29,751750.89,4,162,0.0247
2024-01-24,AMR-004,Bosch - Stuttgart Plant,EMEA,15,Planning,4626.9,4772.33,3116.64,2776.14,141.8,1.0,22452.84,23876.03,False,2024-01,4,Wednesday,False,145.43,2024-01-20,2024-06-29,751750.89,5,162,0.0309
2024-01-25,AMR-004,Bosch - Stuttgart Plant,EMEA,15,Planning,4637.13,4529.79,3088.82,2782.28,169.0,0.0,27089.97,28405.82,False,2024-01,4,Thursday,False,-107.34,2024-01-20,2024-06-29,751750.89,6,162,0.037
2024-01-26,AMR-004,Bosch - Stuttgart Plant,EMEA,15,Planning,4596.58,4692.01,2877.52,2757.95,145.2,0.0,31686.55,33097.83,False,2024-01,4,Friday,False,95.43,2024-01-20,2024-06-29,751750.89,7,162,0.0432
2024-01-27,AMR-004,Bosch - Stuttgart Plant,EMEA,15,Planning,4799.44,4665.08,2668.52,2879.66,137.9,0.0,36485.99,37762.91,False,2024-01,4,Saturday,True,-134.36,2024-01-20,2024-06-29,751750.89,8,162,0.0494
2024-01-28,AMR-004,Bosch - Stuttgart Plant,EMEA,15,Planning,4715.05,5312.85,3663.58,2829.03,154.5,0.0,41201.04,43075.76,False,2024-01,4,Sunday,True,597.8,2024-01-20,2024-06-29,751750.89,9,162,0.0556
2024-01-29,AMR-004,Bosch - Stuttgart Plant,EMEA,15,Planning,4516.53,4550.61,2628.4,2709.92,178.0,1.0,45717.57,47626.37,False,2024-01,5,Monday,False,34.08,2024-01-20,2024-06-29,751750.89,10,162,0.0617
2024-01-30,AMR-004,Bosch - Stuttgart Plant,EMEA,15,Planning,4274.67,4728.61,3158.08,2564.8,174.5,0.0,49992.24,52354.98,False,2024-01,5,Tuesday,False,453.94,2024-01-20,2024-06-29,751750.89,11,162,0.0679
2024-01-31,AMR-004,Bosch - Stuttgart Plant,EMEA,15,Planning,5171.47,4395.83,2805.76,3102.88,146.0,0.0,55163.71,56750.81,False,2024-01,5,Wednesday,False,-775.64,2024-01-20,2024-06-29,751750.89,12,162,0.0741
2024-02-01,AMR-004,Bosch - Stuttgart Plant,EMEA,15,Planning,4423.58,4705.18,3138.13,2654.15,173.9,0.0,59587.29,61455.99,False,2024-02,5,Thursday,False,281.6,2024-01-20,2024-06-29,751750.89,13,162,0.0802
2024-02-02,AMR-004,Bosch - Stuttgart Plant,EMEA,15,Planning,4799.21,4853.1,3220.73,2879.52,146.3,0.0,64386.5,66309.09,False,2024-02,5,Friday,False,53.89,2024-01-20,2024-06-29,751750.89,14,162,0.0864
2024-02-03,AMR-004,Bosch - Stuttgart Plant,EMEA,15,Planning,4985.67,4183.67,2802.47,2991.4,140.7,0.0,69372.17,70492.76,False,2024-02,5,Saturday,True,-802.0,2024-01-20,2024-06-29,751750.89,15,162,0.0926
2024-02-04,AMR-004,Bosch - Stuttgart Plant,EMEA,15,Planning,4625.49,4795.24,3041.0,2775.29,151.5,0.0,73997.66,75288.0,False,2024-02,5,Sunday,True,169.75,2024-01-20,2024-06-29,751750.89,16,162,0.0988
2024-02-05,AMR-004,Bosch - Stuttgart Plant,EMEA,15,Planning,3961.15,5116.95,3486.69,2376.69,129.8,0.0,77958.81,80404.95,False,2024-02,6,Monday,False,1155.8,2024-01-20,2024-06-29,751750.89,17,162,0.1049
2024-02-06,AMR-004,Bosch - Stuttgart Plant,EMEA,15,Hardware Procurement,5003.64,5615.5,3625.14,3002.18,179.7,0.0,82962.45,86020.45,False,2024-02,6,Tuesday,False,611.86,2024-01-20,2024-06-29,751750.89,18,162,0.1111
2024-02-07,AMR-004,Bosch - Stuttgart Plant,EMEA,15,Hardware Procurement,4761.43,4062.65,2708.8,2856.86,123.2,0.0,87723.88,90083.1,False,2024-02,6,Wednesday,False,-698.78,2024-01-20,2024-06-29,751750.89,19,162,0.1173
2024-02-08,AMR-004,Bosch - Stuttgart Plant,EMEA,15,Hardware Procurement,4270.64,5162.0,2992.52,2562.38,131.1,0.0,91994.52,95245.1,False,2024-02,6,Thursday,False,891.36,2024-01-20,2024-06-29,751750.89,20,162,0.1235
2024-02-09,AMR-004,Bosch - Stuttgart Plant,EMEA,15,Hardware Procurement,4478.92,5080.74,3039.41,2687.35,165.9,0.0,96473.44,100325.84,False,2024-02,6,Friday,False,601.82,2024-01-20,2024-06-29,751750.89,21,162,0.1296
2024-02-10,AMR-004,Bosch - Stuttgart Plant,EMEA,15,Hardware Procurement,4557.04,5070.53,3311.31,2734.23,157.1,0.0,101030.48,105396.37,False,2024-02,6,Saturday,True,513.49,2024-01-20,2024-06-29,751750.89,22,162,0.1358
2024-02-11,AMR-004,Bosch - Stuttgart Plant,EMEA,15,Hardware Procurement,4512.8,5871.48,3299.23,2707.68,157.8,10.0,105543.28,111267.85,True,2024-02,6,Sunday,True,1358.68,2024-01-20,2024-06-29,751750.89,23,162,0.142
2024-02-12,AMR-004,Bosch - Stuttgart Plant,EMEA,15,Hardware Procurement,4552.91,4510.62,2667.01,2731.74,133.7,0.0,110096.19,115778.47,False,2024-02,7,Monday,False,-42.29,2024-01-20,2024-06-29,751750.89,24,162,0.1481
2024-02-13,AMR-004,Bosch - Stuttgart Plant,EMEA,15,Hardware Procurement,4655.62,4238.27,2446.67,2793.37,178.1,0.0,114751.81,120016.74,False,2024-02,7,Tuesday,False,-417.35,2024-01-20,2024-06-29,751750.89,25,162,0.1543
2024-02-14,AMR-004,Bosch - Stuttgart Plant,EMEA,15,Hardware Procurement,4574.27,4717.17,3110.06,2744.56,143.5,0.0,119326.08,124733.91,False,2024-02,7,Wednesday,False,142.9,2024-01-20,2024-06-29,751750.89,26,162,0.1605
2024-02-15,AMR-004,Bosch - Stuttgart Plant,EMEA,15,Hardware Procurement,4641.39,5217.76,3584.5,2784.83,177.6,0.0,123967.47,129951.67,False,2024-02,7,Thursday,False,576.37,2024-01-20,2024-06-29,751750.89,27,162,0.1667
2024-02-16,AMR-004,Bosch - Stuttgart Plant,EMEA,15,Hardware Procurement,4594.27,5478.39,3560.81,2756.56,162.9,0.0,128561.74,135430.06,False,2024-02,7,Friday,False,884.12,2024-01-20,2024-06-29,751750.89,28,162,0.1728
2024-02-17,AMR-004,Bosch - Stuttgart Plant,EMEA,15,Hardware Procurement,4835.25,5362.36,3385.7,2901.15,145.7,0.0,133396.99,140792.42,False,2024-02,7,Saturday,True,527.11,2024-01-20,2024-06-29,751750.89,29,162,0.179
2024-02-18,AMR-004,Bosch - Stuttgart Plant,EMEA,15,Hardware Procurement,4812.61,4841.92,2710.52,2887.57,144.7,0.0,138209.6,145634.34,False,2024-02,7,Sunday,True,29.31,2024-01-20,2024-06-29,751750.89,30,162,0.1852
2024-02-19,AMR-004,Bosch - Stuttgart Plant,EMEA,15,Hardware Procurement,4571.04,4281.66,2736.52,2742.62,157.7,0.0,142780.64,149916.0,False,2024-02,8,Monday,False,-289.38,2024-01-20,2024-06-29,751750.89,31,162,0.1914
2024-02-20,AMR-004,Bosch - Stuttgart Plant,EMEA,15,Hardware Procurement,4759.95,5392.62,3499.57,2855.97,174.9,0.0,147540.59,155308.62,False,2024-02,8,Tuesday,False,632.67,2024-01-20,2024-06-29,751750.89,32,162,0.1975
2024-02-21,AMR-004,Bosch - Stuttgart Plant,EMEA,15,Hardware Procurement,4731.57,5272.29,3447.0,2838.94,172.7,0.0,152272.16,160580.91,False,2024-02,8,Wednesday,False,540.72,2024-01-20,2024-06-29,751750.89,33,162,0.2037
2024-02-22,AMR-004,Bosch - Stuttgart Plant,EMEA,15,Hardware Procurement,4558.47,4774.94,2897.01,2735.08,138.5,0.0,156830.63,165355.85,False,2024-02,8,Thursday,False,216.47,2024-01-20,2024-06-29,751750.89,34,162,0.2099
2024-02-23,AMR-004,Bosch - Stuttgart Plant,EMEA,15,Hardware Procurement,4432.87,5919.5318639202915,3569.55,2659.72,137.9,3.0,161263.5,171275.38,True,2024-02,8,Friday,False,1486.66,2024-01-20,2024-06-29,751750.89,35,162,0.216
2024-02-24,AMR-004,Bosch - Stuttgart Plant,EMEA,15,Hardware Procurement,4487.04,4728.34,2748.32,2692.22,125.3,0.0,165750.54,176003.72,False,2024-02,8,Saturday,True,241.3,2024-01-20,2024-06-29,751750.89,36,162,0.2222
2024-02-25,AMR-004,Bosch - Stuttgart Plant,EMEA,15,Hardware Procurement,4620.99,4519.66,2794.69,2772.6,151.8,0.0,170371.53,180523.38,False,2024-02,8,Sunday,True,-101.33,2024-01-20,2024-06-29,751750.89,37,162,0.2284
2024-02-26,AMR-004,Bosch - Stuttgart Plant,EMEA,15,Hardware Procurement,4563.02,4953.07,2793.75,2737.81,140.7,0.0,174934.55,185476.45,False,2024-02,9,Monday,False,390.05,2024-01-20,2024-06-29,751750.89,38,162,0.2346
2024-02-27,AMR-004,Bosch - Stuttgart Plant,EMEA,15,Hardware Procurement,4423.17,4489.55,2892.1,2653.9,122.9,0.0,179357.72,189966.0,False,2024-02,9,Tuesday,False,66.38,2024-01-20,2024-06-29,751750.89,39,162,0.2407
2024-02-28,AMR-004,Bosch - Stuttgart Plant,EMEA,15,Hardware Procurement,4853.42,5096.88,2949.95,2912.05,146.0,0.0,184211.14,195062.88,False,2024-02,9,Wednesday,False,243.46,2024-01-20,2024-06-29,751750.89,40,162,0.2469
2024-02-29,AMR-004,Bosch - Stuttgart Plant,EMEA,15,Hardware Procurement,5161.89,4127.06,2505.42,3097.13,177.8,0.0,189373.03,199189.94,False,2024-02,9,Thursday,False,-1034.83,2024-01-20,2024-06-29,751750.89,41,162,0.2531
2024-03-01,AMR-004,Bosch - Stuttgart Plant,EMEA,15,Staging & Config,4886.85,4553.61,2998.8,2932.11,174.9,0.0,194259.88,203743.55,False,2024-03,9,Friday,False,-333.24,2024-01-20,2024-06-29,751750.89,42,162,0.2593
2024-03-02,AMR-004,Bosch - Stuttgart Plant,EMEA,15,Staging & Config,4712.13,4840.97,3332.49,2827.28,167.3,0.0,198972.01,208584.52,False,2024-03,9,Saturday,True,128.84,2024-01-20,2024-06-29,751750.89,43,162,0.2654
2024-03-03,AMR-004,Bosch - Stuttgart Plant,EMEA,15,Staging & Config,4696.61,4412.33,2703.88,2817.97,141.7,0.0,203668.62,212996.85,False,2024-03,9,Sunday,True,-284.28,2024-01-20,2024-06-29,751750.89,44,162,0.2716
2024-03-04,AMR-004,Bosch - Stuttgart Plant,EMEA,15,Staging & Config,4596.09,4772.33,2931.6,2757.66,129.6,0.0,208264.71,217769.18,False,2024-03,10,Monday,False,176.24,2024-01-20,2024-06-29,751750.89,45,162,0.2778
2024-03-05,AMR-004,Bosch - Stuttgart Plant,EMEA,15,Staging & Config,4448.69,4634.93,2558.04,2669.22,163.9,0.0,212713.4,222404.11,False,2024-03,10,Tuesday,False,186.24,2024-01-20,2024-06-29,751750.89,46,162,0.284
2024-03-06,AMR-004,Bosch - Stuttgart Plant,EMEA,15,Staging & Config,4356.24,4786.61,3317.78,2613.74,172.7,0.0,217069.64,227190.72,False,2024-03,10,Wednesday,False,430.37,2024-01-20,2024-06-29,751750.89,47,162,0.2901
2024-03-07,AMR-004,Bosch - Stuttgart Plant,EMEA,15,Staging & Config,5058.91,5068.22,3362.37,3035.35,127.2,0.0,222128.55,232258.94,False,2024-03,10,Thursday,False,9.31,2024-01-20,2024-06-29,751750.89,48,162,0.2963
2024-03-08,AMR-004,Bosch - Stuttgart Plant,EMEA,15,Staging & Config,4849.45,4838.19,3157.81,2909.67,134.2,0.0,226978.0,237097.13,False,2024-03,10,Friday,False,-11.26,2024-01-20,2024-06-29,751750.89,49,162,0.3025
2024-03-09,AMR-004,Bosch - Stuttgart Plant,EMEA,15,Staging & Config,4540.98,5040.11,3289.0,2724.59,154.1,0.0,231518.98,242137.24,False,2024-03,10,Saturday,True,499.13,2024-01-20,2024-06-29,751750.89,50,162,0.3086
2024-03-10,AMR-004,Bosch - Stuttgart Plant,EMEA,15,Staging & Config,4231.02,4599.89,2566.82,2538.61,179.7,0.0,235750.0,246737.13,False,2024-03,10,Sunday,True,368.87,2024-01-20,2024-06-29,751750.89,51,162,0.3148
2024-03-11,AMR-004,Bosch - Stuttgart Plant,EMEA,15,Staging & Config,4759.94,5282.71,3438.91,2855.97,146.9,0.0,240509.94,252019.84,False,2024-03,11,Monday,False,522.77,2024-01-20,2024-06-29,751750.89,52,162,0.321
2024-03-12,AMR-004,Bosch - Stuttgart Plant,EMEA,15,Staging & Config,4652.5,4362.55,2829.06,2791.5,126.4,0.0,245162.44,256382.39,False,2024-03,11,Tuesday,False,-289.95,2024-01-20,2024-06-29,751750.89,53,162,0.3272
2024-03-13,AMR-004,Bosch - Stuttgart Plant,EMEA,15,Staging & Config,4417.38,4821.76,3110.23,2650.43,142.4,0.0,249579.82,261204.15,False,2024-03,11,Wednesday,False,404.38,2024-01-20,2024-06-29,751750.89,54,162,0.3333
2024-03-14,AMR-004,Bosch - Stuttgart Plant,EMEA,15,Staging & Config,4905.95,4482.38,2932.68,2943.57,174.9,0.0,254485.77,265686.53,False,2024-03,11,Thursday,False,-423.57,2024-01-20,2024-06-29,751750.89,55,162,0.3395
2024-03-15,AMR-004,Bosch - Stuttgart Plant,EMEA,15,Staging & Config,4925.27,4240.12,2657.86,2955.16,136.5,0.0,259411.04,269926.65,False,2024-03,11,Friday,False,-685.15,2024-01-20,2024-06-29,751750.89,56,162,0.3457
2024-03-16,AMR-004,Bosch - Stuttgart Plant,EMEA,15,Staging & Config,4712.07,4710.64,3116.68,2827.24,153.6,0.0,264123.11,274637.29,False,2024-03,11,Saturday,True,-1.43,2024-01-20,2024-06-29,751750.89,57,162,0.3519
2024-03-17,AMR-004,Bosch - Stuttgart Plant,EMEA,15,Staging & Config,4516.57,5279.09,2936.16,2709.94,165.9,0.0,268639.68,279916.38,False,2024-03,11,Sunday,True,762.52,2024-01-20,2024-06-29,751750.89,58,162,0.358
2024-03-18,AMR-004,Bosch - Stuttgart Plant,EMEA,15,Staging & Config,4358.89,4323.9,2582.45,2615.33,138.7,0.0,272998.57,284240.28,False,2024-03,12,Monday,False,-34.99,2024-01-20,2024-06-29,751750.89,59,162,0.3642
2024-03-19,AMR-004,Bosch - Stuttgart Plant,EMEA,15,Staging & Config,4503.17,4560.47,3182.28,2701.9,139.8,0.0,277501.74,288800.75,False,2024-03,12,Tuesday,False,57.3,2024-01-20,2024-06-29,751750.89,60,162,0.3704
2024-03-20,AMR-004,Bosch - Stuttgart Plant,EMEA,15,Staging & Config,4814.53,4076.64,2567.02,2888.72,167.2,0.0,282316.27,292877.39,False,2024-03,12,Wednesday,False,-737.89,2024-01-20,2024-06-29,751750.89,61,162,0.3765
2024-03-21,AMR-004,Bosch - Stuttgart Plant,EMEA,15,Staging & Config,4740.34,4055.16,2547.49,2844.21,176.4,0.0,287056.61,296932.55,False,2024-03,12,Thursday,False,-685.18,2024-01-20,2024-06-29,751750.89,62,162,0.3827
2024-03-22,AMR-004,Bosch - Stuttgart Plant,EMEA,15,Staging & Config,4622.57,4728.43,3186.15,2773.54,141.1,0.0,291679.18,301660.98,False,2024-03,12,Friday,False,105.86,2024-01-20,2024-06-29,751750.89,63,162,0.3889
2024-03-23,AMR-004,Bosch - Stuttgart Plant,EMEA,15,Staging & Config,4560.94,5115.11,3108.77,2736.57,141.0,0.0,296240.12,306776.09,False,2024-03,12,Saturday,True,554.17,2024-01-20,2024-06-29,751750.89,64,162,0.3951
2024-03-24,AMR-004,Bosch - Stuttgart Plant,EMEA,15,Staging & Config,4663.95,4812.5,3285.8,2798.37,154.7,0.0,300904.07,311588.59,False,2024-03,12,Sunday,True,148.55,2024-01-20,2024-06-29,751750.89,65,162,0.4012
2024-03-25,AMR-004,Bosch - Stuttgart Plant,EMEA,15,Site Installation,4923.37,5032.96,3205.27,2954.02,149.6,0.0,305827.44,316621.55,False,2024-03,13,Monday,False,109.59,2024-01-20,2024-06-29,751750.89,66,162,0.4074
2024-03-26,AMR-004,Bosch - Stuttgart Plant,EMEA,15,Site Installation,4251.16,4585.26,3106.34,2550.7,131.8,0.0,310078.6,321206.81,False,2024-03,13,Tuesday,False,334.1,2024-01-20,2024-06-29,751750.89,67,162,0.4136
2024-03-27,AMR-004,Bosch - Stuttgart Plant,EMEA,15,Site Installation,4424.92,4292.72,2592.56,2654.95,131.3,0.0,314503.52,325499.53,False,2024-03,13,Wednesday,False,-132.2,2024-01-20,2024-06-29,751750.89,68,162,0.4198
2024-03-28,AMR-004,Bosch - Stuttgart Plant,EMEA,15,Site Installation,5004.5,5006.58,3086.17,3002.7,166.8,0.0,319508.02,330506.11,False,2024-03,13,Thursday,False,2.08,2024-01-20,2024-06-29,751750.89,69,162,0.4259
2024-03-29,AMR-004,Bosch - Stuttgart Plant,EMEA,15,Site Installation,4578.96,4365.46,2995.02,2747.38,139.2,0.0,324086.98,334871.57,False,2024-03,13,Friday,False,-213.5,2024-01-20,2024-06-29,751750.89,70,162,0.4321
2024-03-30,AMR-004,Bosch - Stuttgart Plant,EMEA,15,Site Installation,4833.28,4788.65,2640.21,2899.97,151.8,0.0,328920.26,339660.22,False,2024-03,13,Saturday,True,-44.63,2024-01-20,2024-06-29,751750.89,71,162,0.4383
2024-03-31,AMR-004,Bosch - Stuttgart Plant,EMEA,15,Site Installation,4430.35,4317.63,2956.56,2658.21,143.3,0.0,333350.61,343977.85,False,2024-03,13,Sunday,True,-112.72,2024-01-20,2024-06-29,751750.89,72,162,0.4444
2024-04-01,AMR-004,Bosch - Stuttgart Plant,EMEA,15,Site Installation,4901.53,4434.53,2845.6,2940.92,140.1,0.0,338252.14,348412.38,False,2024-04,14,Monday,False,-467.0,2024-01-20,2024-06-29,751750.89,73,162,0.4506
2024-04-02,AMR-004,Bosch - Stuttgart Plant,EMEA,15,Site Installation,4690.46,4814.84,3291.11,2814.27,156.5,0.0,342942.6,353227.22,False,2024-04,14,Tuesday,False,124.38,2024-01-20,2024-06-29,751750.89,74,162,0.4568
2024-04-03,AMR-004,Bosch - Stuttgart Plant,EMEA,15,Site Installation,4946.64,4557.25,3130.62,2967.99,130.6,0.0,347889.24,357784.47,False,2024-04,14,Wednesday,False,-389.39,2024-01-20,2024-06-29,751750.89,75,162,0.463
2024-04-04,AMR-004,Bosch - Stuttgart Plant,EMEA,15,Site Installation,4930.21,4567.79,3117.49,2958.13,123.8,0.0,352819.45,362352.26,False,2024-04,14,Thursday,False,-362.42,2024-01-20,2024-06-29,751750.89,76,162,0.4691
2024-04-05,AMR-004,Bosch - Stuttgart Plant,EMEA,15,Site Installation,4889.98,4762.67,3280.95,2933.99,144.6,0.0,357709.43,367114.93,False,2024-04,14,Friday,False,-127.31,2024-01-20,2024-06-29,751750.89,77,162,0.4753
2024-04-06,AMR-004,Bosch - Stuttgart Plant,EMEA,15,Site Installation,4681.91,4951.74,2988.17,2809.15,176.3,0.0,362391.34,372066.67,False,2024-04,14,Saturday,True,269.83,2024-01-20,2024-06-29,751750.89,78,162,0.4815
2024-04-07,AMR-004,Bosch - Stuttgart Plant,EMEA,15,Site Installation,4589.07,5020.68,2910.93,2753.44,125.4,0.0,366980.41,377087.35,False,2024-04,14,Sunday,True,431.61,2024-01-20,2024-06-29,751750.89,79,162,0.4877
2024-04-08,AMR-004,Bosch - Stuttgart Plant,EMEA,15,Site Installation,4689.01,3971.94,2505.94,2813.41,156.4,0.0,371669.42,381059.29,False,2024-04,15,Monday,False,-717.07,2024-01-20,2024-06-29,751750.89,80,162,0.4938
2024-04-09,AMR-004,Bosch - Stuttgart Plant,EMEA,15,Site Installation,4816.85,5919.5318639202915,3860.7229853094955,2890.11,147.0,0.0,376486.27,386978.82,True,2024-04,15,Tuesday,False,1102.68,2024-01-20,2024-06-29,751750.89,81,162,0.5
2024-04-10,AMR-004,Bosch - Stuttgart Plant,EMEA,15,Site Installation,4692.14,4412.71,2968.95,2815.28,125.1,1.0,381178.41,391391.53,False,2024-04,15,Wednesday,False,-279.43,2024-01-20,2024-06-29,751750.89,82,162,0.5062
2024-04-11,AMR-004,Bosch - Stuttgart Plant,EMEA,15,Site Installation,4720.89,4666.44,2752.65,2832.53,155.0,0.0,385899.3,396057.97,False,2024-04,15,Thursday,False,-54.45,2024-01-20,2024-06-29,751750.89,83,162,0.5123
2024-04-12,AMR-004,Bosch - Stuttgart Plant,EMEA,15,Site Installation,4317.38,4731.06,2952.67,2590.43,157.3,0.0,390216.68,400789.03,False,2024-04,15,Friday,False,413.68,2024-01-20,2024-06-29,751750.89,84,162,0.5185
2024-04-13,AMR-004,Bosch - Stuttgart Plant,EMEA,15,Site Installation,4425.17,5132.99,3102.54,2655.1,121.0,1.0,394641.85,405922.02,False,2024-04,15,Saturday,True,707.82,2024-01-20,2024-06-29,751750.89,85,162,0.5247
2024-04-14,AMR-004,Bosch - Stuttgart Plant,EMEA,15,Site Installation,4907.15,4408.84,2636.4,2944.29,157.9,0.0,399549.0,410330.86,False,2024-04,15,Sunday,True,-498.31,2024-01-20,2024-06-29,751750.89,86,162,0.5309
2024-04-15,AMR-004,Bosch - Stuttgart Plant,EMEA,15,Site Installation,4597.59,4224.01,2861.38,2758.55,143.5,0.0,404146.59,414554.87,False,2024-04,16,Monday,False,-373.58,2024-01-20,2024-06-29,751750.89,87,162,0.537
2024-04-16,AMR-004,Bosch - Stuttgart Plant,EMEA,15,Site Installation,4454.54,4891.32,2994.94,2672.72,169.9,2.0,408601.13,419446.19,False,2024-04,16,Tuesday,False,436.78,2024-01-20,2024-06-29,751750.89,88,162,0.5432
2024-04-17,AMR-004,Bosch - Stuttgart Plant,EMEA,15,Site Installation,4954.1,4348.05,2528.02,2972.46,121.7,0.0,413555.23,423794.24,False,2024-04,16,Wednesday,False,-606.05,2024-01-20,2024-06-29,751750.89,89,162,0.5494
2024-04-18,AMR-004,Bosch - Stuttgart Plant,EMEA,15,Site Installation,4711.22,4449.2,2933.8,2826.73,143.4,0.0,418266.45,428243.44,False,2024-04,16,Thursday,False,-262.02,2024-01-20,2024-06-29,751750.89,90,162,0.5556
2024-04-19,AMR-004,Bosch - Stuttgart Plant,EMEA,15,Site Installation,4475.69,4404.5,3057.75,2685.42,126.4,0.0,422742.14,432647.94,False,2024-04,16,Friday,False,-71.19,2024-01-20,2024-06-29,751750.89,91,162,0.5617
2024-04-20,AMR-004,Bosch - Stuttgart Plant,EMEA,15,Site Installation,4646.83,4225.91,2815.88,2788.1,133.8,0.0,427388.97,436873.85,False,2024-04,16,Saturday,True,-420.92,2024-01-20,2024-06-29,751750.89,92,162,0.5679
2024-04-21,AMR-004,Bosch - Stuttgart Plant,EMEA,15,Site Installation,4768.57,4706.01,3159.56,2861.14,136.1,0.0,432157.54,441579.86,False,2024-04,16,Sunday,True,-62.56,2024-01-20,2024-06-29,751750.89,93,162,0.5741
2024-04-22,AMR-004,Bosch - Stuttgart Plant,EMEA,15,Site Installation,4614.14,4932.59,3313.37,2768.48,144.5,0.0,436771.68,446512.45,False,2024-04,17,Monday,False,318.45,2024-01-20,2024-06-29,751750.89,94,162,0.5802
2024-04-23,AMR-004,Bosch - Stuttgart Plant,EMEA,15,Site Installation,4806.5,5676.27,3817.38,2883.9,178.3,0.0,441578.18,452188.72,False,2024-04,17,Tuesday,False,869.77,2024-01-20,2024-06-29,751750.89,95,162,0.5864
2024-04-24,AMR-004,Bosch - Stuttgart Plant,EMEA,15,Site Installation,4670.49,4929.74,2824.06,2802.29,127.7,0.0,446248.67,457118.46,False,2024-04,17,Wednesday,False,259.25,2024-01-20,2024-06-29,751750.89,96,162,0.5926
2024-04-25,AMR-004,Bosch - Stuttgart Plant,EMEA,15,Site Installation,4258.23,4054.07,2545.89,2554.94,138.7,0.0,450506.9,461172.53,False,2024-04,17,Thursday,False,-204.16,2024-01-20,2024-06-29,751750.89,97,162,0.5988
2024-04-26,AMR-004,Bosch - Stuttgart Plant,EMEA,15,Site Installation,4725.87,4599.7,2758.44,2835.52,163.2,0.0,455232.77,465772.23,False,2024-04,17,Friday,False,-126.17,2024-01-20,2024-06-29,751750.89,98,162,0.6049
2024-04-27,AMR-004,Bosch - Stuttgart Plant,EMEA,15,Site Installation,4982.78,4452.81,3070.6,2989.67,167.4,0.0,460215.55,470225.04,False,2024-04,17,Saturday,True,-529.97,2024-01-20,2024-06-29,751750.89,99,162,0.6111
2024-04-28,AMR-004,Bosch - Stuttgart Plant,EMEA,15,Site Installation,4549.78,5040.92,3003.9,2729.87,139.4,0.0,464765.33,475265.96,False,2024-04,17,Sunday,True,491.14,2024-01-20,2024-06-29,751750.89,100,162,0.6173
2024-04-29,AMR-004,Bosch - Stuttgart Plant,EMEA,15,Site Installation,4919.93,5955.68,3901.82,2951.96,123.8,0.0,469685.26,481221.64,True,2024-04,18,Monday,False,1035.75,2024-01-20,2024-06-29,751750.89,101,162,0.6235
2024-04-30,AMR-004,Bosch - Stuttgart Plant,EMEA,15,Site Installation,4551.8,5398.32,3063.59,2731.08,163.0,0.0,474237.06,486619.96,False,2024-04,18,Tuesday,False,846.52,2024-01-20,2024-06-29,751750.89,102,162,0.6296
2024-05-01,AMR-004,Bosch - Stuttgart Plant,EMEA,15,Site Installation,4626.59,4329.09,2806.62,2775.96,165.2,0.0,478863.65,490949.05,False,2024-05,18,Wednesday,False,-297.5,2024-01-20,2024-06-29,751750.89,103,162,0.6358
2024-05-02,AMR-004,Bosch - Stuttgart Plant,EMEA,15,Site Installation,4515.51,5058.94,3042.26,2709.31,169.1,0.0,483379.16,496007.99,False,2024-05,18,Thursday,False,543.43,2024-01-20,2024-06-29,751750.89,104,162,0.642
2024-05-03,AMR-004,Bosch - Stuttgart Plant,EMEA,15,Site Installation,4471.58,4726.93,3013.72,2682.95,167.4,0.0,487850.74,500734.92,False,2024-05,18,Friday,False,255.35,2024-01-20,2024-06-29,751750.89,105,162,0.6481
2024-05-04,AMR-004,Bosch - Stuttgart Plant,EMEA,15,Site Installation,4620.52,4913.11,2986.46,2772.31,142.4,0.0,492471.26,505648.03,False,2024-05,18,Saturday,True,292.59,2024-01-20,2024-06-29,751750.89,106,162,0.6543
2024-05-05,AMR-004,Bosch - Stuttgart Plant,EMEA,15,UAT,4990.47,4572.98,2863.61,2994.28,130.6,0.0,497461.73,510221.01,False,2024-05,18,Sunday,True,-417.49,2024-01-20,2024-06-29,751750.89,107,162,0.6605
2024-05-06,AMR-004,Bosch - Stuttgart Plant,EMEA,15,UAT,4803.99,4785.31,3018.49,2882.4,121.4,1.0,502265.72,515006.32,False,2024-05,19,Monday,False,-18.68,2024-01-20,2024-06-29,751750.89,108,162,0.6667
2024-05-07,AMR-004,Bosch - Stuttgart Plant,EMEA,15,UAT,4094.82,4858.43,3387.57,2456.89,154.1,0.0,506360.54,519864.75,False,2024-05,19,Tuesday,False,763.61,2024-01-20,2024-06-29,751750.89,109,162,0.6728
2024-05-08,AMR-004,Bosch - Stuttgart Plant,EMEA,15,UAT,4725.92,4651.82,2740.68,2835.55,167.4,0.0,511086.46,524516.57,False,2024-05,19,Wednesday,False,-74.1,2024-01-20,2024-06-29,751750.89,110,162,0.679
2024-05-09,AMR-004,Bosch - Stuttgart Plant,EMEA,15,UAT,4671.39,4227.29,2558.38,2802.83,173.8,1.0,515757.85,528743.86,False,2024-05,19,Thursday,False,-444.1,2024-01-20,2024-06-29,751750.89,111,162,0.6852
2024-05-10,AMR-004,Bosch - Stuttgart Plant,EMEA,15,UAT,4359.11,4977.02,3073.91,2615.47,145.8,0.0,520116.96,533720.88,False,2024-05,19,Friday,False,617.91,2024-01-20,2024-06-29,751750.89,112,162,0.6914
2024-05-11,AMR-004,Bosch - Stuttgart Plant,EMEA,15,UAT,4650.36,4049.54,2788.23,2790.21,137.7,2.0,524767.32,537770.42,False,2024-05,19,Saturday,True,-600.82,2024-01-20,2024-06-29,751750.89,113,162,0.6975
2024-05-12,AMR-004,Bosch - Stuttgart Plant,EMEA,15,UAT,4646.35,4146.79,2364.05,2787.81,150.7,0.0,529413.67,541917.21,False,2024-05,19,Sunday,True,-499.56,2024-01-20,2024-06-29,751750.89,114,162,0.7037
2024-05-13,AMR-004,Bosch - Stuttgart Plant,EMEA,15,UAT,4286.22,4369.96,2728.47,2571.73,178.6,0.0,533699.89,546287.17,False,2024-05,20,Monday,False,83.74,2024-01-20,2024-06-29,751750.89,115,162,0.7099
2024-05-14,AMR-004,Bosch - Stuttgart Plant,EMEA,15,UAT,4711.63,4987.29,2985.83,2826.98,130.8,0.0,538411.52,551274.46,False,2024-05,20,Tuesday,False,275.66,2024-01-20,2024-06-29,751750.89,116,162,0.716
2024-05-15,AMR-004,Bosch - Stuttgart Plant,EMEA,15,UAT,4554.4,5628.33,3904.76,2732.64,129.5,0.0,542965.92,556902.79,False,2024-05,20,Wednesday,False,1073.93,2024-01-20,2024-06-29,751750.89,117,162,0.7222
2024-05-16,AMR-004,Bosch - Stuttgart Plant,EMEA,15,UAT,4782.06,4772.33,2588.79,2869.23,145.1,0.0,547747.98,561675.12,False,2024-05,20,Thursday,False,-9.73,2024-01-20,2024-06-29,751750.89,118,162,0.7284
2024-05-17,AMR-004,Bosch - Stuttgart Plant,EMEA,15,UAT,4557.9,4936.69,2727.98,2734.74,167.8,0.0,552305.88,566611.81,False,2024-05,20,Friday,False,378.79,2024-01-20,2024-06-29,751750.89,119,162,0.7346
2024-05-18,AMR-004,Bosch - Stuttgart Plant,EMEA,15,UAT,5041.97,4772.33,2494.58,3025.18,170.8,0.0,557347.85,571384.14,False,2024-05,20,Saturday,True,-269.64,2024-01-20,2024-06-29,751750.89,120,162,0.7407
2024-05-19,AMR-004,Bosch - Stuttgart Plant,EMEA,15,UAT,4568.03,4612.8,2686.78,2740.82,125.6,0.0,561915.88,575996.94,False,2024-05,20,Sunday,True,44.77,2024-01-20,2024-06-29,751750.89,121,162,0.7469
2024-05-20,AMR-004,Bosch - Stuttgart Plant,EMEA,15,UAT,4674.15,4959.25,2810.71,2804.49,140.6,0.0,566590.03,580956.19,False,2024-05,21,Monday,False,285.1,2024-01-20,2024-06-29,751750.89,122,162,0.7531
2024-05-21,AMR-004,Bosch - Stuttgart Plant,EMEA,15,UAT,4698.52,4656.5,2770.27,2819.11,125.1,0.0,571288.55,585612.69,False,2024-05,21,Tuesday,False,-42.02,2024-01-20,2024-06-29,751750.89,123,162,0.7593
2024-05-22,AMR-004,Bosch - Stuttgart Plant,EMEA,15,UAT,4738.99,5679.76,3727.25,2843.39,138.1,0.0,576027.54,591292.45,False,2024-05,21,Wednesday,False,940.77,2024-01-20,2024-06-29,751750.89,124,162,0.7654
2024-05-23,AMR-004,Bosch - Stuttgart Plant,EMEA,15,UAT,4536.62,4599.07,3066.97,2721.97,153.4,0.0,580564.16,595891.52,False,2024-05,21,Thursday,False,62.45,2024-01-20,2024-06-29,751750.89,125,162,0.7716
2024-05-24,AMR-004,Bosch - Stuttgart Plant,EMEA,15,UAT,4743.93,4713.49,2954.27,2846.36,160.7,0.0,585308.09,600605.01,False,2024-05,21,Friday,False,-30.44,2024-01-20,2024-06-29,751750.89,126,162,0.7778
2024-05-25,AMR-004,Bosch - Stuttgart Plant,EMEA,15,UAT,4608.79,5440.38,3020.45,2765.27,131.2,1.0,589916.88,606045.39,False,2024-05,21,Saturday,True,831.59,2024-01-20,2024-06-29,751750.89,127,162,0.784
2024-05-26,AMR-004,Bosch - Stuttgart Plant,EMEA,15,UAT,4705.61,4105.91,2612.87,2823.37,127.5,0.0,594622.49,610151.3,False,2024-05,21,Sunday,True,-599.7,2024-01-20,2024-06-29,751750.89,128,162,0.7901
2024-05-27,AMR-004,Bosch - Stuttgart Plant,EMEA,15,UAT,4928.35,4829.33,3001.77,2957.01,164.1,0.0,599550.84,614980.63,False,2024-05,22,Monday,False,-99.02,2024-01-20,2024-06-29,751750.89,129,162,0.7963
2024-05-28,AMR-004,Bosch - Stuttgart Plant,EMEA,15,UAT,4859.32,4883.71,3273.46,2915.59,165.5,0.0,604410.16,619864.34,False,2024-05,22,Tuesday,False,24.39,2024-01-20,2024-06-29,751750.89,130,162,0.8025
2024-05-29,AMR-004,Bosch - Stuttgart Plant,EMEA,15,Go-Live,4253.93,5139.57,3240.89,2552.36,125.2,0.0,608664.09,625003.91,False,2024-05,22,Wednesday,False,885.64,2024-01-20,2024-06-29,751750.89,131,162,0.8086
2024-05-30,AMR-004,Bosch - Stuttgart Plant,EMEA,15,Go-Live,4636.23,4392.6,2631.51,2781.74,143.2,0.0,613300.32,629396.51,False,2024-05,22,Thursday,False,-243.63,2024-01-20,2024-06-29,751750.89,132,162,0.8148
2024-05-31,AMR-004,Bosch - Stuttgart Plant,EMEA,15,Go-Live,4509.49,5085.44,3077.29,2705.69,155.4,0.0,617809.81,634481.95,False,2024-05,22,Friday,False,575.95,2024-01-20,2024-06-29,751750.89,133,162,0.821
2024-06-01,AMR-004,Bosch - Stuttgart Plant,EMEA,15,Go-Live,4149.97,5576.95,3680.96,2489.98,151.1,0.0,621959.78,640058.9,False,2024-06,22,Saturday,True,1426.98,2024-01-20,2024-06-29,751750.89,134,162,0.8272
2024-06-02,AMR-004,Bosch - Stuttgart Plant,EMEA,15,Go-Live,4682.76,5493.87,3526.72,2809.65,139.1,0.0,626642.54,645552.77,False,2024-06,22,Sunday,True,811.11,2024-01-20,2024-06-29,751750.89,135,162,0.8333
2024-06-03,AMR-004,Bosch - Stuttgart Plant,EMEA,15,Go-Live,4585.27,5222.36,3599.68,2751.16,166.6,0.0,631227.81,650775.13,False,2024-06,23,Monday,False,637.09,2024-01-20,2024-06-29,751750.89,136,162,0.8395
2024-06-04,AMR-004,Bosch - Stuttgart Plant,EMEA,15,Go-Live,5245.45,4495.48,2838.85,3147.27,150.2,0.0,636473.26,655270.61,False,2024-06,23,Tuesday,False,-749.97,2024-01-20,2024-06-29,751750.89,137,162,0.8457
2024-06-05,AMR-004,Bosch - Stuttgart Plant,EMEA,15,Go-Live,4747.06,4953.07,3109.19,2848.24,173.0,0.0,641220.32,660223.68,False,2024-06,23,Wednesday,False,206.01,2024-01-20,2024-06-29,751750.89,138,162,0.8519
2024-06-06,AMR-004,Bosch - Stuttgart Plant,EMEA,15,Go-Live,4510.47,5598.06,3528.71,2706.28,177.3,0.0,645730.79,665821.74,False,2024-06,23,Thursday,False,1087.59,2024-01-20,2024-06-29,751750.89,139,162,0.858
2024-06-07,AMR-004,Bosch - Stuttgart Plant,EMEA,15,Go-Live,5015.09,5249.65,3015.28,3009.05,157.2,0.0,650745.88,671071.39,False,2024-06,23,Friday,False,234.56,2024-01-20,2024-06-29,751750.89,140,162,0.8642
2024-06-08,AMR-004,Bosch - Stuttgart Plant,EMEA,15,Go-Live,4277.24,4053.73,2637.21,2566.35,136.5,0.0,655023.12,675125.12,False,2024-06,23,Saturday,True,-223.51,2024-01-20,2024-06-29,751750.89,141,162,0.8704
2024-06-09,AMR-004,Bosch - Stuttgart Plant,EMEA,15,Go-Live,4686.05,4993.58,3143.91,2811.63,131.7,0.0,659709.17,680118.7,False,2024-06,23,Sunday,True,307.53,2024-01-20,2024-06-29,751750.89,142,162,0.8765
2024-06-10,AMR-004,Bosch - Stuttgart Plant,EMEA,15,Go-Live,4514.72,5149.57,2862.84,2708.83,124.4,0.0,664223.89,685268.27,False,2024-06,24,Monday,False,634.85,2024-01-20,2024-06-29,751750.89,143,162,0.8827
2024-06-11,AMR-004,Bosch - Stuttgart Plant,EMEA,15,Go-Live,4644.11,4658.05,2959.49,2786.47,174.3,0.0,668868.0,689926.32,False,2024-06,24,Tuesday,False,13.94,2024-01-20,2024-06-29,751750.89,144,162,0.8889
2024-06-12,AMR-004,Bosch - Stuttgart Plant,EMEA,15,Go-Live,4974.84,3970.42,2768.78,2984.91,143.2,0.0,673842.84,693896.74,False,2024-06,24,Wednesday,False,-1004.42,2024-01-20,2024-06-29,751750.89,145,162,0.8951
2024-06-13,AMR-004,Bosch - Stuttgart Plant,EMEA,15,Go-Live,4645.81,4834.04,2709.73,2787.49,173.5,1.0,678488.65,698730.78,False,2024-06,24,Thursday,False,188.23,2024-01-20,2024-06-29,751750.89,146,162,0.9012
2024-06-14,AMR-004,Bosch - Stuttgart Plant,EMEA,15,Monitoring,4611.74,5047.7,2822.84,2767.05,136.6,0.0,683100.39,703778.48,False,2024-06,24,Friday,False,435.96,2024-01-20,2024-06-29,751750.89,147,162,0.9074
2024-06-15,AMR-004,Bosch - Stuttgart Plant,EMEA,15,Monitoring,4414.21,4480.32,2638.03,2648.53,174.8,0.0,687514.6,708258.8,False,2024-06,24,Saturday,True,66.11,2024-01-20,2024-06-29,751750.89,148,162,0.9136
2024-06-16,AMR-004,Bosch - Stuttgart Plant,EMEA,15,Monitoring,4477.15,5224.97,2933.59,2686.29,134.0,0.0,691991.75,713483.77,False,2024-06,24,Sunday,True,747.82,2024-01-20,2024-06-29,751750.89,149,162,0.9198
2024-06-17,AMR-004,Bosch - Stuttgart Plant,EMEA,15,Monitoring,4619.65,5096.58,2941.9,2771.79,172.2,0.0,696611.4,718580.35,False,2024-06,25,Monday,False,476.93,2024-01-20,2024-06-29,751750.89,150,162,0.9259
2024-06-18,AMR-004,Bosch - Stuttgart Plant,EMEA,15,Monitoring,4650.85,5322.17,3065.29,2790.51,138.2,0.0,701262.25,723902.52,False,2024-06,25,Tuesday,False,671.32,2024-01-20,2024-06-29,751750.89,151,162,0.9321
2024-06-19,AMR-004,Bosch - Stuttgart Plant,EMEA,15,Monitoring,4183.14,5640.93,3767.89,2509.88,128.4,0.0,705445.39,729543.45,True,2024-06,25,Wednesday,False,1457.79,2024-01-20,2024-06-29,751750.89,152,162,0.9383
2024-06-20,AMR-004,Bosch - Stuttgart Plant,EMEA,15,Monitoring,4099.13,4678.74,3272.99,2459.48,160.0,0.0,709544.52,734222.19,False,2024-06,25,Thursday,False,579.61,2024-01-20,2024-06-29,751750.89,153,162,0.9444
2024-06-21,AMR-004,Bosch - Stuttgart Plant,EMEA,15,Monitoring,4772.67,4708.53,3283.34,2863.6,161.4,0.0,714317.19,738930.72,False,2024-06,25,Friday,False,-64.14,2024-01-20,2024-06-29,751750.89,154,162,0.9506
2024-06-22,AMR-004,Bosch - Stuttgart Plant,EMEA,15,Monitoring,4719.14,4705.5,3077.79,2831.48,178.6,0.0,719036.33,743636.22,False,2024-06,25,Saturday,True,-13.64,2024-01-20,2024-06-29,751750.89,155,162,0.9568
2024-06-23,AMR-004,Bosch - Stuttgart Plant,EMEA,15,Monitoring,4572.6,5154.95,3213.01,2743.56,130.1,0.0,723608.93,748791.17,False,2024-06,25,Sunday,True,582.35,2024-01-20,2024-06-29,751750.89,156,162,0.963
2024-06-24,AMR-004,Bosch - Stuttgart Plant,EMEA,15,Monitoring,4548.72,4323.02,2546.74,2729.23,160.2,0.0,728157.65,753114.19,False,2024-06,26,Monday,False,-225.7,2024-01-20,2024-06-29,751750.89,157,162,0.9691
2024-06-25,AMR-004,Bosch - Stuttgart Plant,EMEA,15,Monitoring,4566.53,5186.59,3500.71,2739.92,159.2,0.0,732724.18,758300.78,False,2024-06,26,Tuesday,False,620.06,2024-01-20,2024-06-29,751750.89,158,162,0.9753
2024-06-26,AMR-004,Bosch - Stuttgart Plant,EMEA,15,Monitoring,4990.31,5072.97,2909.16,2994.18,178.6,0.0,737714.49,763373.75,False,2024-06,26,Wednesday,False,82.66,2024-01-20,2024-06-29,751750.89,159,162,0.9815
2024-06-27,AMR-004,Bosch - Stuttgart Plant,EMEA,15,Monitoring,4822.95,4773.87,3070.52,2893.77,122.3,0.0,742537.44,768147.62,False,2024-06,26,Thursday,False,-49.08,2024-01-20,2024-06-29,751750.89,160,162,0.9877
2024-06-28,AMR-004,Bosch - Stuttgart Plant,EMEA,15,Monitoring,4900.78,4591.23,3021.29,2940.47,123.9,0.0,747438.22,772738.85,False,2024-06,26,Friday,False,-309.55,2024-01-20,2024-06-29,751750.89,161,162,0.9938
2024-06-29,AMR-004,Bosch - Stuttgart Plant,EMEA,15,Monitoring,4312.67,4383.64,2737.1,2587.6,167.7,0.0,751750.89,777122.49,False,2024-06,26,Saturday,True,70.97,2024-01-20,2024-06-29,751750.89,162,162,1.0
2024-04-01,AMR-005,Amazon - Dallas FC,NORTH AMERICA,30,Planning,6231.4,5482.83,3743.76,3738.84,269.5,0.0,6231.4,5482.83,False,2024-04,14,Monday,False,-748.57,2024-04-01,2024-10-14,1222857.82,1,197,0.0051
2024-04-02,AMR-005,Amazon - Dallas FC,NORTH AMERICA,30,Planning,6633.2,6382.0,3977.85,3979.92,314.0,0.0,12864.6,11864.83,False,2024-04,14,Tuesday,False,-251.2,2024-04-01,2024-10-14,1222857.82,2,197,0.0102
2024-04-03,AMR-005,Amazon - Dallas FC,NORTH AMERICA,30,Planning,6423.73,5838.05,3714.09,3854.24,273.5,0.0,19288.33,17702.88,False,2024-04,14,Wednesday,False,-585.68,2024-04-01,2024-10-14,1222857.82,3,197,0.0152
2024-04-04,AMR-005,Amazon - Dallas FC,NORTH AMERICA,30,Planning,5920.14,5843.44,3313.93,3552.08,353.1,0.0,25208.47,23546.32,False,2024-04,14,Thursday,False,-76.7,2024-04-01,2024-10-14,1222857.82,4,197,0.0203
2024-04-05,AMR-005,Amazon - Dallas FC,NORTH AMERICA,30,Planning,6048.58,6288.07,4120.8,3629.15,324.9,0.0,31257.05,29834.39,False,2024-04,14,Friday,False,239.49,2024-04-01,2024-10-14,1222857.82,5,197,0.0254
2024-04-06,AMR-005,Amazon - Dallas FC,NORTH AMERICA,30,Planning,6078.2,6219.96,3957.84,3646.92,259.8,0.0,37335.25,36054.35,False,2024-04,14,Saturday,True,141.76,2024-04-01,2024-10-14,1222857.82,6,197,0.0305
2024-04-07,AMR-005,Amazon - Dallas FC,NORTH AMERICA,30,Planning,6169.36,6348.6,3528.65,3701.61,303.9,1.0,43504.61,42402.95,False,2024-04,14,Sunday,True,179.24,2024-04-01,2024-10-14,1222857.82,7,197,0.0355
2024-04-08,AMR-005,Amazon - Dallas FC,NORTH AMERICA,30,Planning,6595.41,5449.98,3148.48,3957.25,240.8,0.0,50100.02,47852.93,False,2024-04,15,Monday,False,-1145.43,2024-04-01,2024-10-14,1222857.82,8,197,0.0406
2024-04-09,AMR-005,Amazon - Dallas FC,NORTH AMERICA,30,Planning,6463.88,6303.99,3686.52,3878.33,279.1,0.0,56563.9,54156.92,False,2024-04,15,Tuesday,False,-159.89,2024-04-01,2024-10-14,1222857.82,9,197,0.0457
2024-04-10,AMR-005,Amazon - Dallas FC,NORTH AMERICA,30,Planning,6311.37,6033.85,3749.91,3786.82,321.1,0.0,62875.27,60190.77,False,2024-04,15,Wednesday,False,-277.52,2024-04-01,2024-10-14,1222857.82,10,197,0.0508
2024-04-11,AMR-005,Amazon - Dallas FC,NORTH AMERICA,30,Planning,6205.13,6759.5,4485.45,3723.08,245.6,0.0,69080.4,66950.27,False,2024-04,15,Thursday,False,554.37,2024-04-01,2024-10-14,1222857.82,11,197,0.0558
2024-04-12,AMR-005,Amazon - Dallas FC,NORTH AMERICA,30,Planning,6612.25,6479.96,4389.99,3967.35,242.2,0.0,75692.65,73430.23,False,2024-04,15,Friday,False,-132.29,2024-04-01,2024-10-14,1222857.82,12,197,0.0609
2024-04-13,AMR-005,Amazon - Dallas FC,NORTH AMERICA,30,Planning,5796.76,6174.4,4251.56,3478.06,333.1,0.0,81489.41,79604.63,False,2024-04,15,Saturday,True,377.64,2024-04-01,2024-10-14,1222857.82,13,197,0.066
2024-04-14,AMR-005,Amazon - Dallas FC,NORTH AMERICA,30,Planning,6778.13,7569.13,4272.69,4066.88,337.7,0.0,88267.54,87173.76,False,2024-04,15,Sunday,True,791.0,2024-04-01,2024-10-14,1222857.82,14,197,0.0711
2024-04-15,AMR-005,Amazon - Dallas FC,NORTH AMERICA,30,Planning,6164.72,5386.02,3762.38,3698.83,348.1,0.0,94432.26,92559.78,False,2024-04,16,Monday,False,-778.7,2024-04-01,2024-10-14,1222857.82,15,197,0.0761
2024-04-16,AMR-005,Amazon - Dallas FC,NORTH AMERICA,30,Planning,6119.25,6674.93,4376.6,3671.55,294.1,0.0,100551.51,99234.71,False,2024-04,16,Tuesday,False,555.68,2024-04-01,2024-10-14,1222857.82,16,197,0.0812
2024-04-17,AMR-005,Amazon - Dallas FC,NORTH AMERICA,30,Planning,6192.11,6165.98,3837.74,3715.26,345.8,0.0,106743.62,105400.69,False,2024-04,16,Wednesday,False,-26.13,2024-04-01,2024-10-14,1222857.82,17,197,0.0863
2024-04-18,AMR-005,Amazon - Dallas FC,NORTH AMERICA,30,Planning,6089.76,6041.67,3552.13,3653.85,271.5,0.0,112833.38,111442.36,False,2024-04,16,Thursday,False,-48.09,2024-04-01,2024-10-14,1222857.82,18,197,0.0914
2024-04-19,AMR-005,Amazon - Dallas FC,NORTH AMERICA,30,Planning,5866.11,5809.02,3388.76,3519.66,345.2,0.0,118699.49,117251.38,False,2024-04,16,Friday,False,-57.09,2024-04-01,2024-10-14,1222857.82,19,197,0.0964
2024-04-20,AMR-005,Amazon - Dallas FC,NORTH AMERICA,30,Planning,6119.95,6210.87,4218.8,3671.97,314.6,0.0,124819.44,123462.25,False,2024-04,16,Saturday,True,90.92,2024-04-01,2024-10-14,1222857.82,20,197,0.1015
2024-04-21,AMR-005,Amazon - Dallas FC,NORTH AMERICA,30,Hardware Procurement,5931.11,5641.09,3518.34,3558.67,287.0,0.0,130750.55,129103.34,False,2024-04,16,Sunday,True,-290.02,2024-04-01,2024-10-14,1222857.82,21,197,0.1066
2024-04-22,AMR-005,Amazon - Dallas FC,NORTH AMERICA,30,Hardware Procurement,6168.52,6494.76,3964.23,3701.11,355.6,0.0,136919.07,135598.1,False,2024-04,17,Monday,False,326.24,2024-04-01,2024-10-14,1222857.82,22,197,0.1117
2024-04-23,AMR-005,Amazon - Dallas FC,NORTH AMERICA,30,Hardware Procurement,5958.76,6099.0,3539.5,3575.26,281.9,0.0,142877.83,141697.1,False,2024-04,17,Tuesday,False,140.24,2024-04-01,2024-10-14,1222857.82,23,197,0.1168
2024-04-24,AMR-005,Amazon - Dallas FC,NORTH AMERICA,30,Hardware Procurement,6733.12,5982.5,3328.26,4039.87,350.4,0.0,149610.95,147679.6,False,2024-04,17,Wednesday,False,-750.62,2024-04-01,2024-10-14,1222857.82,24,197,0.1218
2024-04-25,AMR-005,Amazon - Dallas FC,NORTH AMERICA,30,Hardware Procurement,6135.6,7123.6,4626.57,3681.36,285.1,0.0,155746.55,154803.2,False,2024-04,17,Thursday,False,988.0,2024-04-01,2024-10-14,1222857.82,25,197,0.1269
2024-04-26,AMR-005,Amazon - Dallas FC,NORTH AMERICA,30,Hardware Procurement,7252.28,6908.72,4504.19,4351.37,320.7,0.0,162998.83,161711.92,False,2024-04,17,Friday,False,-343.56,2024-04-01,2024-10-14,1222857.82,26,197,0.132
2024-04-27,AMR-005,Amazon - Dallas FC,NORTH AMERICA,30,Hardware Procurement,6325.53,6887.92,4301.97,3795.32,285.8,0.0,169324.36,168599.84,False,2024-04,17,Saturday,True,562.39,2024-04-01,2024-10-14,1222857.82,27,197,0.1371
2024-04-28,AMR-005,Amazon - Dallas FC,NORTH AMERICA,30,Hardware Procurement,6561.25,6473.93,4012.1,3936.75,348.4,0.0,175885.61,175073.77,False,2024-04,17,Sunday,True,-87.32,2024-04-01,2024-10-14,1222857.82,28,197,0.1421
2024-04-29,AMR-005,Amazon - Dallas FC,NORTH AMERICA,30,Hardware Procurement,6786.94,7790.980740243515,5165.9786411168325,4072.17,333.2,0.0,182672.55,182864.75,True,2024-04,18,Monday,False,1004.04,2024-04-01,2024-10-14,1222857.82,29,197,0.1472
2024-04-30,AMR-005,Amazon - Dallas FC,NORTH AMERICA,30,Hardware Procurement,6492.98,6479.91,3987.94,3895.79,332.2,1.0,189165.53,189344.66,False,2024-04,18,Tuesday,False,-13.07,2024-04-01,2024-10-14,1222857.82,30,197,0.1523
2024-05-01,AMR-005,Amazon - Dallas FC,NORTH AMERICA,30,Hardware Procurement,6309.27,6412.51,3714.42,3785.56,316.3,0.0,195474.8,195757.17,False,2024-05,18,Wednesday,False,103.24,2024-04-01,2024-10-14,1222857.82,31,197,0.1574
2024-05-02,AMR-005,Amazon - Dallas FC,NORTH AMERICA,30,Hardware Procurement,5836.99,6415.82,4411.38,3502.19,284.1,0.0,201311.79,202172.99,False,2024-05,18,Thursday,False,578.83,2024-04-01,2024-10-14,1222857.82,32,197,0.1624
2024-05-03,AMR-005,Amazon - Dallas FC,NORTH AMERICA,30,Hardware Procurement,6656.07,5935.66,3538.24,3993.64,310.1,0.0,207967.86,208108.65,False,2024-05,18,Friday,False,-720.41,2024-04-01,2024-10-14,1222857.82,33,197,0.1675
2024-05-04,AMR-005,Amazon - Dallas FC,NORTH AMERICA,30,Hardware Procurement,6063.8,7335.24,4087.98,3638.28,349.1,0.0,214031.66,215443.89,False,2024-05,18,Saturday,True,1271.44,2024-04-01,2024-10-14,1222857.82,34,197,0.1726
2024-05-05,AMR-005,Amazon - Dallas FC,NORTH AMERICA,30,Hardware Procurement,6165.52,5948.41,4156.81,3699.31,268.7,0.0,220197.18,221392.3,False,2024-05,18,Sunday,True,-217.11,2024-04-01,2024-10-14,1222857.82,35,197,0.1777
2024-05-06,AMR-005,Amazon - Dallas FC,NORTH AMERICA,30,Hardware Procurement,6259.02,6283.98,3859.01,3755.41,306.4,0.0,226456.2,227676.28,False,2024-05,19,Monday,False,24.96,2024-04-01,2024-10-14,1222857.82,36,197,0.1827
2024-05-07,AMR-005,Amazon - Dallas FC,NORTH AMERICA,30,Hardware Procurement,6099.93,6910.8,4666.73,3659.96,253.7,1.0,232556.13,234587.08,False,2024-05,19,Tuesday,False,810.87,2024-04-01,2024-10-14,1222857.82,37,197,0.1878
2024-05-08,AMR-005,Amazon - Dallas FC,NORTH AMERICA,30,Hardware Procurement,6282.38,6088.46,3914.6,3769.43,319.0,0.0,238838.51,240675.54,False,2024-05,19,Wednesday,False,-193.92,2024-04-01,2024-10-14,1222857.82,38,197,0.1929
2024-05-09,AMR-005,Amazon - Dallas FC,NORTH AMERICA,30,Hardware Procurement,6160.25,6523.2,4163.33,3696.15,302.9,0.0,244998.76,247198.74,False,2024-05,19,Thursday,False,362.95,2024-04-01,2024-10-14,1222857.82,39,197,0.198
2024-05-10,AMR-005,Amazon - Dallas FC,NORTH AMERICA,30,Hardware Procurement,6057.8,7473.53,4553.21,3634.68,293.7,1.0,251056.56,254672.27,False,2024-05,19,Friday,False,1415.73,2024-04-01,2024-10-14,1222857.82,40,197,0.203
2024-05-11,AMR-005,Amazon - Dallas FC,NORTH AMERICA,30,Hardware Procurement,6456.57,7379.88,4451.06,3873.94,282.3,1.0,257513.13,262052.15,False,2024-05,19,Saturday,True,923.31,2024-04-01,2024-10-14,1222857.82,41,197,0.2081
2024-05-12,AMR-005,Amazon - Dallas FC,NORTH AMERICA,30,Hardware Procurement,6006.25,6647.21,3804.4,3603.75,319.1,0.0,263519.38,268699.36,False,2024-05,19,Sunday,True,640.96,2024-04-01,2024-10-14,1222857.82,42,197,0.2132
2024-05-13,AMR-005,Amazon - Dallas FC,NORTH AMERICA,30,Hardware Procurement,6416.48,6961.97,4342.18,3849.89,321.1,0.0,269935.86,275661.33,False,2024-05,20,Monday,False,545.49,2024-04-01,2024-10-14,1222857.82,43,197,0.2183
2024-05-14,AMR-005,Amazon - Dallas FC,NORTH AMERICA,30,Hardware Procurement,6021.89,6275.85,4375.72,3613.13,278.7,0.0,275957.75,281937.18,False,2024-05,20,Tuesday,False,253.96,2024-04-01,2024-10-14,1222857.82,44,197,0.2234
2024-05-15,AMR-005,Amazon - Dallas FC,NORTH AMERICA,30,Hardware Procurement,6240.1,7147.73,4781.83,3744.06,253.6,0.0,282197.85,289084.91,False,2024-05,20,Wednesday,False,907.63,2024-04-01,2024-10-14,1222857.82,45,197,0.2284
2024-05-16,AMR-005,Amazon - Dallas FC,NORTH AMERICA,30,Hardware Procurement,6720.06,5881.28,3858.11,4032.03,302.4,0.0,288917.91,294966.19,False,2024-05,20,Thursday,False,-838.78,2024-04-01,2024-10-14,1222857.82,46,197,0.2335
2024-05-17,AMR-005,Amazon - Dallas FC,NORTH AMERICA,30,Hardware Procurement,6690.13,6183.89,3772.99,4014.08,349.0,0.0,295608.04,301150.08,False,2024-05,20,Friday,False,-506.24,2024-04-01,2024-10-14,1222857.82,47,197,0.2386
2024-05-18,AMR-005,Amazon - Dallas FC,NORTH AMERICA,30,Hardware Procurement,6290.07,6588.74,4282.19,3774.04,248.2,0.0,301898.11,307738.82,False,2024-05,20,Saturday,True,298.67,2024-04-01,2024-10-14,1222857.82,48,197,0.2437
2024-05-19,AMR-005,Amazon - Dallas FC,NORTH AMERICA,30,Hardware Procurement,5793.66,6448.47,4505.43,3476.2,296.4,0.0,307691.77,314187.29,False,2024-05,20,Sunday,True,654.81,2024-04-01,2024-10-14,1222857.82,49,197,0.2487
2024-05-20,AMR-005,Amazon - Dallas FC,NORTH AMERICA,30,Hardware Procurement,6267.13,5195.01,2996.14,3760.28,314.0,0.0,313958.9,319382.3,False,2024-05,21,Monday,False,-1072.12,2024-04-01,2024-10-14,1222857.82,50,197,0.2538
2024-05-21,AMR-005,Amazon - Dallas FC,NORTH AMERICA,30,Staging & Config,6675.08,7772.88,5044.02,4005.05,318.5,0.0,320633.98,327155.18,False,2024-05,21,Tuesday,False,1097.8,2024-04-01,2024-10-14,1222857.82,51,197,0.2589
2024-05-22,AMR-005,Amazon - Dallas FC,NORTH AMERICA,30,Staging & Config,6101.31,6712.51,4356.34,3660.78,262.9,0.0,326735.29,333867.69,False,2024-05,21,Wednesday,False,611.2,2024-04-01,2024-10-14,1222857.82,52,197,0.264
2024-05-23,AMR-005,Amazon - Dallas FC,NORTH AMERICA,30,Staging & Config,6326.82,5395.81,3112.35,3796.09,297.2,0.0,333062.11,339263.5,False,2024-05,21,Thursday,False,-931.01,2024-04-01,2024-10-14,1222857.82,53,197,0.269
2024-05-24,AMR-005,Amazon - Dallas FC,NORTH AMERICA,30,Staging & Config,6520.99,6888.07,4562.93,3912.59,261.3,0.0,339583.1,346151.57,False,2024-05,21,Friday,False,367.08,2024-04-01,2024-10-14,1222857.82,54,197,0.2741
2024-05-25,AMR-005,Amazon - Dallas FC,NORTH AMERICA,30,Staging & Config,6035.52,6848.88,4638.42,3621.31,318.0,0.0,345618.62,353000.45,False,2024-05,21,Saturday,True,813.36,2024-04-01,2024-10-14,1222857.82,55,197,0.2792
2024-05-26,AMR-005,Amazon - Dallas FC,NORTH AMERICA,30,Staging & Config,6449.01,6506.77,3753.85,3869.41,302.7,0.0,352067.63,359507.22,False,2024-05,21,Sunday,True,57.76,2024-04-01,2024-10-14,1222857.82,56,197,0.2843
2024-05-27,AMR-005,Amazon - Dallas FC,NORTH AMERICA,30,Staging & Config,6002.5,6283.62,3672.27,3601.5,280.2,0.0,358070.13,365790.84,False,2024-05,22,Monday,False,281.12,2024-04-01,2024-10-14,1222857.82,57,197,0.2893
2024-05-28,AMR-005,Amazon - Dallas FC,NORTH AMERICA,30,Staging & Config,6038.81,6427.35,4164.91,3623.29,331.1,0.0,364108.94,372218.19,False,2024-05,22,Tuesday,False,388.54,2024-04-01,2024-10-14,1222857.82,58,197,0.2944
2024-05-29,AMR-005,Amazon - Dallas FC,NORTH AMERICA,30,Staging & Config,6297.42,6355.56,3669.35,3778.45,264.2,0.0,370406.36,378573.75,False,2024-05,22,Wednesday,False,58.14,2024-04-01,2024-10-14,1222857.82,59,197,0.2995
2024-05-30,AMR-005,Amazon - Dallas FC,NORTH AMERICA,30,Staging & Config,6475.53,5811.58,3394.58,3885.32,241.7,0.0,376881.89,384385.33,False,2024-05,22,Thursday,False,-663.95,2024-04-01,2024-10-14,1222857.82,60,197,0.3046
2024-05-31,AMR-005,Amazon - Dallas FC,NORTH AMERICA,30,Staging & Config,6758.13,6061.47,3394.93,4054.88,293.7,0.0,383640.02,390446.8,False,2024-05,22,Friday,False,-696.66,2024-04-01,2024-10-14,1222857.82,61,197,0.3096
2024-06-01,AMR-005,Amazon - Dallas FC,NORTH AMERICA,30,Staging & Config,7112.94,5550.98,3241.14,4267.76,330.2,0.0,390752.96,395997.78,False,2024-06,22,Saturday,True,-1561.96,2024-04-01,2024-10-14,1222857.82,62,197,0.3147
2024-06-02,AMR-005,Amazon - Dallas FC,NORTH AMERICA,30,Staging & Config,6385.93,6234.68,3553.53,3831.56,290.0,2.0,397138.89,402232.46,False,2024-06,22,Sunday,True,-151.25,2024-04-01,2024-10-14,1222857.82,63,197,0.3198
2024-06-03,AMR-005,Amazon - Dallas FC,NORTH AMERICA,30,Staging & Config,5841.98,6007.23,3624.66,3505.19,254.5,0.0,402980.87,408239.69,False,2024-06,23,Monday,False,165.25,2024-04-01,2024-10-14,1222857.82,64,197,0.3249
2024-06-04,AMR-005,Amazon - Dallas FC,NORTH AMERICA,30,Staging & Config,6189.77,7220.89,4755.69,3713.86,259.8,0.0,409170.64,415460.58,False,2024-06,23,Tuesday,False,1031.12,2024-04-01,2024-10-14,1222857.82,65,197,0.3299
2024-06-05,AMR-005,Amazon - Dallas FC,NORTH AMERICA,30,Staging & Config,6092.77,6279.62,4255.37,3655.66,355.9,0.0,415263.41,421740.2,False,2024-06,23,Wednesday,False,186.85,2024-04-01,2024-10-14,1222857.82,66,197,0.335
2024-06-06,AMR-005,Amazon - Dallas FC,NORTH AMERICA,30,Staging & Config,6596.75,6469.76,4513.49,3958.05,295.9,0.0,421860.16,428209.96,False,2024-06,23,Thursday,False,-126.99,2024-04-01,2024-10-14,1222857.82,67,197,0.3401
2024-06-07,AMR-005,Amazon - Dallas FC,NORTH AMERICA,30,Staging & Config,5972.02,7004.61,4056.13,3583.21,265.0,0.0,427832.18,435214.57,False,2024-06,23,Friday,False,1032.59,2024-04-01,2024-10-14,1222857.82,68,197,0.3452
2024-06-08,AMR-005,Amazon - Dallas FC,NORTH AMERICA,30,Staging & Config,6404.07,6104.44,3567.92,3842.44,317.4,0.0,434236.25,441319.01,False,2024-06,23,Saturday,True,-299.63,2024-04-01,2024-10-14,1222857.82,69,197,0.3503
2024-06-09,AMR-005,Amazon - Dallas FC,NORTH AMERICA,30,Staging & Config,6339.13,6001.55,3915.68,3803.48,243.0,0.0,440575.38,447320.56,False,2024-06,23,Sunday,True,-337.58,2024-04-01,2024-10-14,1222857.82,70,197,0.3553
2024-06-10,AMR-005,Amazon - Dallas FC,NORTH AMERICA,30,Staging & Config,6352.39,5986.61,3474.62,3811.43,258.1,0.0,446927.77,453307.17,False,2024-06,24,Monday,False,-365.78,2024-04-01,2024-10-14,1222857.82,71,197,0.3604
2024-06-11,AMR-005,Amazon - Dallas FC,NORTH AMERICA,30,Staging & Config,6184.84,6253.33,4031.04,3710.91,273.9,0.0,453112.61,459560.5,False,2024-06,24,Tuesday,False,68.49,2024-04-01,2024-10-14,1222857.82,72,197,0.3655
2024-06-12,AMR-005,Amazon - Dallas FC,NORTH AMERICA,30,Staging & Config,6552.89,6405.2,3590.01,3931.74,329.7,0.0,459665.5,465965.7,False,2024-06,24,Wednesday,False,-147.69,2024-04-01,2024-10-14,1222857.82,73,197,0.3706
2024-06-13,AMR-005,Amazon - Dallas FC,NORTH AMERICA,30,Staging & Config,5888.03,5996.73,3809.24,3532.82,243.1,0.0,465553.53,471962.43,False,2024-06,24,Thursday,False,108.7,2024-04-01,2024-10-14,1222857.82,74,197,0.3756
2024-06-14,AMR-005,Amazon - Dallas FC,NORTH AMERICA,30,Staging & Config,6302.91,6509.21,3681.51,3781.74,337.8,0.0,471856.44,478471.64,False,2024-06,24,Friday,False,206.3,2024-04-01,2024-10-14,1222857.82,75,197,0.3807
2024-06-15,AMR-005,Amazon - Dallas FC,NORTH AMERICA,30,Staging & Config,6085.59,6353.75,4335.87,3651.35,359.0,0.0,477942.03,484825.39,False,2024-06,24,Saturday,True,268.16,2024-04-01,2024-10-14,1222857.82,76,197,0.3858
2024-06-16,AMR-005,Amazon - Dallas FC,NORTH AMERICA,30,Staging & Config,5656.49,7462.76,4578.16,3393.89,255.7,0.0,483598.52,492288.15,True,2024-06,24,Sunday,True,1806.27,2024-04-01,2024-10-14,1222857.82,77,197,0.3909
2024-06-17,AMR-005,Amazon - Dallas FC,NORTH AMERICA,30,Staging & Config,5934.82,6060.16,3626.76,3560.89,358.4,0.0,489533.34,498348.31,False,2024-06,25,Monday,False,125.34,2024-04-01,2024-10-14,1222857.82,78,197,0.3959
2024-06-18,AMR-005,Amazon - Dallas FC,NORTH AMERICA,30,Staging & Config,6408.0,5903.77,3899.31,3844.8,354.3,0.0,495941.34,504252.08,False,2024-06,25,Tuesday,False,-504.23,2024-04-01,2024-10-14,1222857.82,79,197,0.401
2024-06-19,AMR-005,Amazon - Dallas FC,NORTH AMERICA,30,Site Installation,6142.18,6526.42,4050.75,3685.31,348.6,0.0,502083.52,510778.5,False,2024-06,25,Wednesday,False,384.24,2024-04-01,2024-10-14,1222857.82,80,197,0.4061
2024-06-20,AMR-005,Amazon - Dallas FC,NORTH AMERICA,30,Site Installation,6115.65,6238.02,4337.23,3669.39,323.3,0.0,508199.17,517016.52,False,2024-06,25,Thursday,False,122.37,2024-04-01,2024-10-14,1222857.82,81,197,0.4112
2024-06-21,AMR-005,Amazon - Dallas FC,NORTH AMERICA,30,Site Installation,5917.17,6573.11,3914.02,3550.3,291.5,2.0,514116.34,523589.63,False,2024-06,25,Friday,False,655.94,2024-04-01,2024-10-14,1222857.82,82,197,0.4162
2024-06-22,AMR-005,Amazon - Dallas FC,NORTH AMERICA,30,Site Installation,6374.3,5773.83,4001.39,3824.58,274.3,0.0,520490.64,529363.46,False,2024-06,25,Saturday,True,-600.47,2024-04-01,2024-10-14,1222857.82,83,197,0.4213
2024-06-23,AMR-005,Amazon - Dallas FC,NORTH AMERICA,30,Site Installation,6146.67,6616.77,4475.28,3688.0,321.1,0.0,526637.31,535980.23,False,2024-06,25,Sunday,True,470.1,2024-04-01,2024-10-14,1222857.82,84,197,0.4264
2024-06-24,AMR-005,Amazon - Dallas FC,NORTH AMERICA,30,Site Installation,6055.36,6217.91,4039.33,3633.22,302.2,0.0,532692.67,542198.14,False,2024-06,26,Monday,False,162.55,2024-04-01,2024-10-14,1222857.82,85,197,0.4315
2024-06-25,AMR-005,Amazon - Dallas FC,NORTH AMERICA,30,Site Installation,6275.54,6867.48,3812.96,3765.32,325.3,0.0,538968.21,549065.62,False,2024-06,26,Tuesday,False,591.94,2024-04-01,2024-10-14,1222857.82,86,197,0.4365
2024-06-26,AMR-005,Amazon - Dallas FC,NORTH AMERICA,30,Site Installation,5797.91,6406.31,4204.25,3478.74,252.2,0.0,544766.12,555471.93,False,2024-06,26,Wednesday,False,608.4,2024-04-01,2024-10-14,1222857.82,87,197,0.4416
2024-06-27,AMR-005,Amazon - Dallas FC,NORTH AMERICA,30,Site Installation,7026.95,5625.76,3494.11,4216.17,321.5,0.0,551793.07,561097.69,False,2024-06,26,Thursday,False,-1401.19,2024-04-01,2024-10-14,1222857.82,88,197,0.4467
2024-06-28,AMR-005,Amazon - Dallas FC,NORTH AMERICA,30,Site Installation,5862.29,6901.76,4361.54,3517.38,301.5,0.0,557655.36,567999.45,False,2024-06,26,Friday,False,1039.47,2024-04-01,2024-10-14,1222857.82,89,197,0.4518
2024-06-29,AMR-005,Amazon - Dallas FC,NORTH AMERICA,30,Site Installation,6365.27,6002.08,3834.83,3819.16,330.3,0.0,564020.63,574001.53,False,2024-06,26,Saturday,True,-363.19,2024-04-01,2024-10-14,1222857.82,90,197,0.4569
2024-06-30,AMR-005,Amazon - Dallas FC,NORTH AMERICA,30,Site Installation,6137.21,5448.05,3528.34,3682.32,303.1,0.0,570157.84,579449.58,False,2024-06,26,Sunday,True,-689.16,2024-04-01,2024-10-14,1222857.82,91,197,0.4619
2024-07-01,AMR-005,Amazon - Dallas FC,NORTH AMERICA,30,Site Installation,6118.1,5609.32,3611.94,3670.86,310.7,0.0,576275.94,585058.9,False,2024-07,27,Monday,False,-508.78,2024-04-01,2024-10-14,1222857.82,92,197,0.467
2024-07-02,AMR-005,Amazon - Dallas FC,NORTH AMERICA,30,Site Installation,6226.19,6037.15,3338.05,3735.71,324.5,0.0,582502.13,591096.05,False,2024-07,27,Tuesday,False,-189.04,2024-04-01,2024-10-14,1222857.82,93,197,0.4721
2024-07-03,AMR-005,Amazon - Dallas FC,NORTH AMERICA,30,Site Installation,5879.48,6326.69,3815.19,3527.69,306.0,0.0,588381.61,597422.74,False,2024-07,27,Wednesday,False,447.21,2024-04-01,2024-10-14,1222857.82,94,197,0.4772
2024-07-04,AMR-005,Amazon - Dallas FC,NORTH AMERICA,30,Site Installation,5687.03,6676.0,3722.16,3412.22,301.8,0.0,594068.64,604098.74,False,2024-07,27,Thursday,False,988.97,2024-04-01,2024-10-14,1222857.82,95,197,0.4822
2024-07-05,AMR-005,Amazon - Dallas FC,NORTH AMERICA,30,Site Installation,6414.38,6902.34,4744.11,3848.63,317.1,0.0,600483.02,611001.08,False,2024-07,27,Friday,False,487.96,2024-04-01,2024-10-14,1222857.82,96,197,0.4873
2024-07-06,AMR-005,Amazon - Dallas FC,NORTH AMERICA,30,Site Installation,5773.22,6744.95,4023.74,3463.93,356.7,0.0,606256.24,617746.03,False,2024-07,27,Saturday,True,971.73,2024-04-01,2024-10-14,1222857.82,97,197,0.4924
2024-07-07,AMR-005,Amazon - Dallas FC,NORTH AMERICA,30,Site Installation,5967.91,6647.94,4425.5,3580.75,300.7,0.0,612224.15,624393.97,False,2024-07,27,Sunday,True,680.03,2024-04-01,2024-10-14,1222857.82,98,197,0.4975
2024-07-08,AMR-005,Amazon - Dallas FC,NORTH AMERICA,30,Site Installation,6114.26,5616.49,3893.74,3668.56,336.9,0.0,618338.41,630010.46,False,2024-07,28,Monday,False,-497.77,2024-04-01,2024-10-14,1222857.82,99,197,0.5025
2024-07-09,AMR-005,Amazon - Dallas FC,NORTH AMERICA,30,Site Installation,6407.07,6014.15,4181.73,3844.24,288.5,0.0,624745.48,636024.61,False,2024-07,28,Tuesday,False,-392.92,2024-04-01,2024-10-14,1222857.82,100,197,0.5076
2024-07-10,AMR-005,Amazon - Dallas FC,NORTH AMERICA,30,Site Installation,6096.83,6383.08,4123.01,3658.1,300.7,0.0,630842.31,642407.69,False,2024-07,28,Wednesday,False,286.25,2024-04-01,2024-10-14,1222857.82,101,197,0.5127
2024-07-11,AMR-005,Amazon - Dallas FC,NORTH AMERICA,30,Site Installation,5660.73,6191.48,3440.13,3396.44,290.6,0.0,636503.04,648599.17,False,2024-07,28,Thursday,False,530.75,2024-04-01,2024-10-14,1222857.82,102,197,0.5178
2024-07-12,AMR-005,Amazon - Dallas FC,NORTH AMERICA,30,Site Installation,6576.6,6297.07,3726.97,3945.96,254.9,0.0,643079.64,654896.24,False,2024-07,28,Friday,False,-279.53,2024-04-01,2024-10-14,1222857.82,103,197,0.5228
2024-07-13,AMR-005,Amazon - Dallas FC,NORTH AMERICA,30,Site Installation,6289.27,5910.31,3644.5,3773.56,347.0,1.0,649368.91,660806.55,False,2024-07,28,Saturday,True,-378.96,2024-04-01,2024-10-14,1222857.82,104,197,0.5279
2024-07-14,AMR-005,Amazon - Dallas FC,NORTH AMERICA,30,Site Installation,5744.43,6496.75,4422.45,3446.66,240.7,1.0,655113.34,667303.3,False,2024-07,28,Sunday,True,752.32,2024-04-01,2024-10-14,1222857.82,105,197,0.533
2024-07-15,AMR-005,Amazon - Dallas FC,NORTH AMERICA,30,Site Installation,6197.36,6172.44,3612.85,3718.42,316.3,0.0,661310.7,673475.74,False,2024-07,29,Monday,False,-24.92,2024-04-01,2024-10-14,1222857.82,106,197,0.5381
2024-07-16,AMR-005,Amazon - Dallas FC,NORTH AMERICA,30,Site Installation,6386.78,7484.79,4501.45,3832.07,318.3,0.0,667697.48,680960.53,True,2024-07,29,Tuesday,False,1098.01,2024-04-01,2024-10-14,1222857.82,107,197,0.5431
2024-07-17,AMR-005,Amazon - Dallas FC,NORTH AMERICA,30,Site Installation,6334.86,6920.38,4420.04,3800.92,340.5,0.0,674032.34,687880.91,False,2024-07,29,Wednesday,False,585.52,2024-04-01,2024-10-14,1222857.82,108,197,0.5482
2024-07-18,AMR-005,Amazon - Dallas FC,NORTH AMERICA,30,Site Installation,6248.93,6303.35,3801.59,3749.36,270.1,0.0,680281.27,694184.26,False,2024-07,29,Thursday,False,54.42,2024-04-01,2024-10-14,1222857.82,109,197,0.5533
2024-07-19,AMR-005,Amazon - Dallas FC,NORTH AMERICA,30,Site Installation,6599.06,5804.96,4004.13,3959.43,264.0,1.0,686880.33,699989.22,False,2024-07,29,Friday,False,-794.1,2024-04-01,2024-10-14,1222857.82,110,197,0.5584
2024-07-20,AMR-005,Amazon - Dallas FC,NORTH AMERICA,30,Site Installation,6246.54,6129.09,3507.14,3747.93,352.9,0.0,693126.87,706118.31,False,2024-07,29,Saturday,True,-117.45,2024-04-01,2024-10-14,1222857.82,111,197,0.5635
2024-07-21,AMR-005,Amazon - Dallas FC,NORTH AMERICA,30,Site Installation,6638.88,5746.15,3335.53,3983.33,349.6,0.0,699765.75,711864.46,False,2024-07,29,Sunday,True,-892.73,2024-04-01,2024-10-14,1222857.82,112,197,0.5685
2024-07-22,AMR-005,Amazon - Dallas FC,NORTH AMERICA,30,Site Installation,6863.39,5714.51,3701.16,4118.03,319.4,0.0,706629.14,717578.97,False,2024-07,30,Monday,False,-1148.88,2024-04-01,2024-10-14,1222857.82,113,197,0.5736
2024-07-23,AMR-005,Amazon - Dallas FC,NORTH AMERICA,30,Site Installation,6028.12,6597.56,4219.79,3616.87,288.2,2.0,712657.26,724176.53,False,2024-07,30,Tuesday,False,569.44,2024-04-01,2024-10-14,1222857.82,114,197,0.5787
2024-07-24,AMR-005,Amazon - Dallas FC,NORTH AMERICA,30,Site Installation,5960.96,5903.67,3693.27,3576.58,250.2,0.0,718618.22,730080.2,False,2024-07,30,Wednesday,False,-57.29,2024-04-01,2024-10-14,1222857.82,115,197,0.5838
2024-07-25,AMR-005,Amazon - Dallas FC,NORTH AMERICA,30,Site Installation,6346.65,7003.26,4622.02,3807.99,353.6,0.0,724964.87,737083.46,False,2024-07,30,Thursday,False,656.61,2024-04-01,2024-10-14,1222857.82,116,197,0.5888
2024-07-26,AMR-005,Amazon - Dallas FC,NORTH AMERICA,30,Site Installation,6590.88,5925.79,3882.53,3954.53,356.1,0.0,731555.75,743009.25,False,2024-07,30,Friday,False,-665.09,2024-04-01,2024-10-14,1222857.82,117,197,0.5939
2024-07-27,AMR-005,Amazon - Dallas FC,NORTH AMERICA,30,Site Installation,6202.42,6028.0,3885.94,3721.45,358.6,0.0,737758.17,749037.25,False,2024-07,30,Saturday,True,-174.42,2024-04-01,2024-10-14,1222857.82,118,197,0.599
2024-07-28,AMR-005,Amazon - Dallas FC,NORTH AMERICA,30,Site Installation,5894.99,6673.84,3881.66,3537.0,357.2,0.0,743653.16,755711.09,False,2024-07,30,Sunday,True,778.85,2024-04-01,2024-10-14,1222857.82,119,197,0.6041
2024-07-29,AMR-005,Amazon - Dallas FC,NORTH AMERICA,30,Site Installation,5228.15,6322.44,3679.63,3136.89,317.3,0.0,748881.31,762033.53,False,2024-07,31,Monday,False,1094.29,2024-04-01,2024-10-14,1222857.82,120,197,0.6091
2024-07-30,AMR-005,Amazon - Dallas FC,NORTH AMERICA,30,Site Installation,6170.5,5807.4,3328.79,3702.3,308.8,0.0,755051.81,767840.93,False,2024-07,31,Tuesday,False,-363.1,2024-04-01,2024-10-14,1222857.82,121,197,0.6142
2024-07-31,AMR-005,Amazon - Dallas FC,NORTH AMERICA,30,Site Installation,6337.05,6297.07,3695.8,3802.23,337.0,0.0,761388.86,774138.0,False,2024-07,31,Wednesday,False,-39.98,2024-04-01,2024-10-14,1222857.82,122,197,0.6193
2024-08-01,AMR-005,Amazon - Dallas FC,NORTH AMERICA,30,Site Installation,6081.86,6870.41,4706.98,3649.12,251.3,0.0,767470.72,781008.41,False,2024-08,31,Thursday,False,788.55,2024-04-01,2024-10-14,1222857.82,123,197,0.6244
2024-08-02,AMR-005,Amazon - Dallas FC,NORTH AMERICA,30,Site Installation,5999.61,6612.28,3988.82,3599.76,332.6,0.0,773470.33,787620.69,False,2024-08,31,Friday,False,612.67,2024-04-01,2024-10-14,1222857.82,124,197,0.6294
2024-08-03,AMR-005,Amazon - Dallas FC,NORTH AMERICA,30,Site Installation,5874.55,7790.980740243515,5165.9786411168325,3524.73,278.0,1.0,779344.88,795411.67,True,2024-08,31,Saturday,True,1916.43,2024-04-01,2024-10-14,1222857.82,125,197,0.6345
2024-08-04,AMR-005,Amazon - Dallas FC,NORTH AMERICA,30,Site Installation,5982.77,5842.12,3960.84,3589.66,248.2,0.0,785327.65,801253.79,False,2024-08,31,Sunday,True,-140.65,2024-04-01,2024-10-14,1222857.82,126,197,0.6396
2024-08-05,AMR-005,Amazon - Dallas FC,NORTH AMERICA,30,Site Installation,5889.1,7790.980740243515,5165.9786411168325,3533.46,330.9,0.0,791216.75,809044.77,True,2024-08,32,Monday,False,1901.88,2024-04-01,2024-10-14,1222857.82,127,197,0.6447
2024-08-06,AMR-005,Amazon - Dallas FC,NORTH AMERICA,30,Site Installation,5988.11,6675.82,4543.66,3592.87,356.1,0.0,797204.86,815720.59,False,2024-08,32,Tuesday,False,687.71,2024-04-01,2024-10-14,1222857.82,128,197,0.6497
2024-08-07,AMR-005,Amazon - Dallas FC,NORTH AMERICA,30,Site Installation,5772.77,5922.0,3325.38,3463.66,349.7,0.0,802977.63,821642.59,False,2024-08,32,Wednesday,False,149.23,2024-04-01,2024-10-14,1222857.82,129,197,0.6548
2024-08-08,AMR-005,Amazon - Dallas FC,NORTH AMERICA,30,UAT,5756.09,6846.99,4740.05,3453.65,251.1,0.0,808733.72,828489.58,False,2024-08,32,Thursday,False,1090.9,2024-04-01,2024-10-14,1222857.82,130,197,0.6599
2024-08-09,AMR-005,Amazon - Dallas FC,NORTH AMERICA,30,UAT,6389.06,5485.43,3663.68,3833.44,273.5,0.0,815122.78,833975.01,False,2024-08,32,Friday,False,-903.63,2024-04-01,2024-10-14,1222857.82,131,197,0.665
2024-08-10,AMR-005,Amazon - Dallas FC,NORTH AMERICA,30,UAT,6672.15,6574.55,3642.21,4003.29,279.8,0.0,821794.93,840549.56,False,2024-08,32,Saturday,True,-97.6,2024-04-01,2024-10-14,1222857.82,132,197,0.6701
2024-08-11,AMR-005,Amazon - Dallas FC,NORTH AMERICA,30,UAT,6075.59,6755.86,3907.61,3645.35,281.2,0.0,827870.52,847305.42,False,2024-08,32,Sunday,True,680.27,2024-04-01,2024-10-14,1222857.82,133,197,0.6751
2024-08-12,AMR-005,Amazon - Dallas FC,NORTH AMERICA,30,UAT,5952.2,6486.16,4511.39,3571.32,248.4,0.0,833822.72,853791.58,False,2024-08,33,Monday,False,533.96,2024-04-01,2024-10-14,1222857.82,134,197,0.6802
2024-08-13,AMR-005,Amazon - Dallas FC,NORTH AMERICA,30,UAT,5873.79,6297.07,4021.02,3524.27,265.8,0.0,839696.51,860088.65,False,2024-08,33,Tuesday,False,423.28,2024-04-01,2024-10-14,1222857.82,135,197,0.6853
2024-08-14,AMR-005,Amazon - Dallas FC,NORTH AMERICA,30,UAT,6204.78,5706.55,3820.06,3722.87,331.8,0.0,845901.29,865795.2,False,2024-08,33,Wednesday,False,-498.23,2024-04-01,2024-10-14,1222857.82,136,197,0.6904
2024-08-15,AMR-005,Amazon - Dallas FC,NORTH AMERICA,30,UAT,6679.35,6400.97,4107.95,4007.61,359.9,0.0,852580.64,872196.17,False,2024-08,33,Thursday,False,-278.38,2024-04-01,2024-10-14,1222857.82,137,197,0.6954
2024-08-16,AMR-005,Amazon - Dallas FC,NORTH AMERICA,30,UAT,6283.57,6279.06,4284.55,3770.14,356.4,0.0,858864.21,878475.23,False,2024-08,33,Friday,False,-4.51,2024-04-01,2024-10-14,1222857.82,138,197,0.7005
2024-08-17,AMR-005,Amazon - Dallas FC,NORTH AMERICA,30,UAT,6418.51,6111.34,3541.32,3851.1,295.7,0.0,865282.72,884586.57,False,2024-08,33,Saturday,True,-307.17,2024-04-01,2024-10-14,1222857.82,139,197,0.7056
2024-08-18,AMR-005,Amazon - Dallas FC,NORTH AMERICA,30,UAT,6051.51,6420.72,3896.65,3630.91,351.3,0.0,871334.23,891007.29,False,2024-08,33,Sunday,True,369.21,2024-04-01,2024-10-14,1222857.82,140,197,0.7107
2024-08-19,AMR-005,Amazon - Dallas FC,NORTH AMERICA,30,UAT,6184.06,6735.81,4217.71,3710.44,269.3,0.0,877518.29,897743.1,False,2024-08,34,Monday,False,551.75,2024-04-01,2024-10-14,1222857.82,141,197,0.7157
2024-08-20,AMR-005,Amazon - Dallas FC,NORTH AMERICA,30,UAT,6103.82,5830.57,3477.63,3662.29,330.8,0.0,883622.11,903573.67,False,2024-08,34,Tuesday,False,-273.25,2024-04-01,2024-10-14,1222857.82,142,197,0.7208
2024-08-21,AMR-005,Amazon - Dallas FC,NORTH AMERICA,30,UAT,6311.39,5342.23,3281.71,3786.84,335.8,0.0,889933.5,908915.9,False,2024-08,34,Wednesday,False,-969.16,2024-04-01,2024-10-14,1222857.82,143,197,0.7259
2024-08-22,AMR-005,Amazon - Dallas FC,NORTH AMERICA,30,UAT,5783.82,6202.77,3565.98,3470.29,303.4,0.0,895717.32,915118.67,False,2024-08,34,Thursday,False,418.95,2024-04-01,2024-10-14,1222857.82,144,197,0.731
2024-08-23,AMR-005,Amazon - Dallas FC,NORTH AMERICA,30,UAT,6545.45,6543.96,4070.95,3927.27,313.8,0.0,902262.77,921662.63,False,2024-08,34,Friday,False,-1.49,2024-04-01,2024-10-14,1222857.82,145,197,0.736
2024-08-24,AMR-005,Amazon - Dallas FC,NORTH AMERICA,30,UAT,5934.35,7607.56,4337.57,3560.61,317.6,0.0,908197.12,929270.19,True,2024-08,34,Saturday,True,1673.21,2024-04-01,2024-10-14,1222857.82,146,197,0.7411
2024-08-25,AMR-005,Amazon - Dallas FC,NORTH AMERICA,30,UAT,5569.08,6051.33,3672.17,3341.45,288.0,0.0,913766.2,935321.52,False,2024-08,34,Sunday,True,482.25,2024-04-01,2024-10-14,1222857.82,147,197,0.7462
2024-08-26,AMR-005,Amazon - Dallas FC,NORTH AMERICA,30,UAT,5865.58,6438.1,4021.72,3519.35,292.1,0.0,919631.78,941759.62,False,2024-08,35,Monday,False,572.52,2024-04-01,2024-10-14,1222857.82,148,197,0.7513
2024-08-27,AMR-005,Amazon - Dallas FC,NORTH AMERICA,30,UAT,6453.38,7145.24,4620.18,3872.03,295.1,0.0,926085.16,948904.86,False,2024-08,35,Tuesday,False,691.86,2024-04-01,2024-10-14,1222857.82,149,197,0.7563
2024-08-28,AMR-005,Amazon - Dallas FC,NORTH AMERICA,30,UAT,5782.33,5509.31,3301.83,3469.4,261.6,2.0,931867.49,954414.17,False,2024-08,35,Wednesday,False,-273.02,2024-04-01,2024-10-14,1222857.82,150,197,0.7614
2024-08-29,AMR-005,Amazon - Dallas FC,NORTH AMERICA,30,UAT,5974.31,6922.52,3915.14,3584.59,335.1,0.0,937841.8,961336.69,False,2024-08,35,Thursday,False,948.21,2024-04-01,2024-10-14,1222857.82,151,197,0.7665
2024-08-30,AMR-005,Amazon - Dallas FC,NORTH AMERICA,30,UAT,5984.74,6615.36,4421.95,3590.84,284.3,0.0,943826.54,967952.05,False,2024-08,35,Friday,False,630.62,2024-04-01,2024-10-14,1222857.82,152,197,0.7716
2024-08-31,AMR-005,Amazon - Dallas FC,NORTH AMERICA,30,UAT,6261.15,6260.45,4327.61,3756.69,283.4,0.0,950087.69,974212.5,False,2024-08,35,Saturday,True,-0.7,2024-04-01,2024-10-14,1222857.82,153,197,0.7766
2024-09-01,AMR-005,Amazon - Dallas FC,NORTH AMERICA,30,UAT,5776.03,6366.47,3905.21,3465.62,349.2,0.0,955863.72,980578.97,False,2024-09,35,Sunday,True,590.44,2024-04-01,2024-10-14,1222857.82,154,197,0.7817
2024-09-02,AMR-005,Amazon - Dallas FC,NORTH AMERICA,30,UAT,6771.68,7467.42,4989.53,4063.01,259.5,0.0,962635.4,988046.39,False,2024-09,36,Monday,False,695.74,2024-04-01,2024-10-14,1222857.82,155,197,0.7868
2024-09-03,AMR-005,Amazon - Dallas FC,NORTH AMERICA,30,UAT,6104.11,5763.0,3903.11,3662.46,314.9,2.0,968739.51,993809.39,False,2024-09,36,Tuesday,False,-341.11,2024-04-01,2024-10-14,1222857.82,156,197,0.7919
2024-09-04,AMR-005,Amazon - Dallas FC,NORTH AMERICA,30,UAT,5860.98,6511.48,3708.28,3516.59,282.4,1.0,974600.49,1000320.87,False,2024-09,36,Wednesday,False,650.5,2024-04-01,2024-10-14,1222857.82,157,197,0.797
2024-09-05,AMR-005,Amazon - Dallas FC,NORTH AMERICA,30,UAT,5995.51,6628.52,4208.53,3597.31,330.7,0.0,980596.0,1006949.39,False,2024-09,36,Thursday,False,633.01,2024-04-01,2024-10-14,1222857.82,158,197,0.802
2024-09-06,AMR-005,Amazon - Dallas FC,NORTH AMERICA,30,Go-Live,6153.49,5608.23,3752.87,3692.09,309.4,0.0,986749.49,1012557.62,False,2024-09,36,Friday,False,-545.26,2024-04-01,2024-10-14,1222857.82,159,197,0.8071
2024-09-07,AMR-005,Amazon - Dallas FC,NORTH AMERICA,30,Go-Live,6318.07,6197.6,4219.01,3790.84,283.3,0.0,993067.56,1018755.22,False,2024-09,36,Saturday,True,-120.47,2024-04-01,2024-10-14,1222857.82,160,197,0.8122
2024-09-08,AMR-005,Amazon - Dallas FC,NORTH AMERICA,30,Go-Live,5963.51,6169.27,3486.28,3578.11,268.3,0.0,999031.07,1024924.49,False,2024-09,36,Sunday,True,205.76,2024-04-01,2024-10-14,1222857.82,161,197,0.8173
2024-09-09,AMR-005,Amazon - Dallas FC,NORTH AMERICA,30,Go-Live,6621.48,5874.62,3393.99,3972.89,245.5,2.0,1005652.55,1030799.11,False,2024-09,37,Monday,False,-746.86,2024-04-01,2024-10-14,1222857.82,162,197,0.8223
2024-09-10,AMR-005,Amazon - Dallas FC,NORTH AMERICA,30,Go-Live,5924.1,6801.95,4234.09,3554.46,300.9,0.0,1011576.65,1037601.06,False,2024-09,37,Tuesday,False,877.85,2024-04-01,2024-10-14,1222857.82,163,197,0.8274
2024-09-11,AMR-005,Amazon - Dallas FC,NORTH AMERICA,30,Go-Live,7046.31,6238.03,3853.88,4227.78,327.6,0.0,1018622.96,1043839.09,False,2024-09,37,Wednesday,False,-808.28,2024-04-01,2024-10-14,1222857.82,164,197,0.8325
2024-09-12,AMR-005,Amazon - Dallas FC,NORTH AMERICA,30,Go-Live,6186.21,5685.41,3665.78,3711.73,253.1,0.0,1024809.17,1049524.5,False,2024-09,37,Thursday,False,-500.8,2024-04-01,2024-10-14,1222857.82,165,197,0.8376
2024-09-13,AMR-005,Amazon - Dallas FC,NORTH AMERICA,30,Go-Live,6331.72,6201.5,4200.56,3799.03,258.2,0.0,1031140.89,1055726.0,False,2024-09,37,Friday,False,-130.22,2024-04-01,2024-10-14,1222857.82,166,197,0.8426
2024-09-14,AMR-005,Amazon - Dallas FC,NORTH AMERICA,30,Go-Live,6355.13,6290.08,3626.36,3813.08,304.4,0.0,1037496.02,1062016.08,False,2024-09,37,Saturday,True,-65.05,2024-04-01,2024-10-14,1222857.82,167,197,0.8477
2024-09-15,AMR-005,Amazon - Dallas FC,NORTH AMERICA,30,Go-Live,6286.04,5791.69,3905.68,3771.63,288.7,0.0,1043782.06,1067807.77,False,2024-09,37,Sunday,True,-494.35,2024-04-01,2024-10-14,1222857.82,168,197,0.8528
2024-09-16,AMR-005,Amazon - Dallas FC,NORTH AMERICA,30,Go-Live,5916.25,6365.96,3525.26,3549.75,251.0,0.0,1049698.31,1074173.73,False,2024-09,38,Monday,False,449.71,2024-04-01,2024-10-14,1222857.82,169,197,0.8579
2024-09-17,AMR-005,Amazon - Dallas FC,NORTH AMERICA,30,Go-Live,6100.02,6038.02,4128.33,3660.01,278.7,0.0,1055798.33,1080211.75,False,2024-09,38,Tuesday,False,-62.0,2024-04-01,2024-10-14,1222857.82,170,197,0.8629
2024-09-18,AMR-005,Amazon - Dallas FC,NORTH AMERICA,30,Go-Live,6026.35,6410.35,4301.5,3615.81,251.6,1.0,1061824.68,1086622.1,False,2024-09,38,Wednesday,False,384.0,2024-04-01,2024-10-14,1222857.82,171,197,0.868
2024-09-19,AMR-005,Amazon - Dallas FC,NORTH AMERICA,30,Go-Live,6255.46,5921.37,3823.79,3753.28,354.1,0.0,1068080.14,1092543.47,False,2024-09,38,Thursday,False,-334.09,2024-04-01,2024-10-14,1222857.82,172,197,0.8731
2024-09-20,AMR-005,Amazon - Dallas FC,NORTH AMERICA,30,Go-Live,6410.71,5655.6,3472.49,3846.42,273.5,0.0,1074490.85,1098199.07,False,2024-09,38,Friday,False,-755.11,2024-04-01,2024-10-14,1222857.82,173,197,0.8782
2024-09-21,AMR-005,Amazon - Dallas FC,NORTH AMERICA,30,Go-Live,6721.51,5827.31,3729.25,4032.91,293.0,0.0,1081212.36,1104026.38,False,2024-09,38,Saturday,True,-894.2,2024-04-01,2024-10-14,1222857.82,174,197,0.8832
2024-09-22,AMR-005,Amazon - Dallas FC,NORTH AMERICA,30,Go-Live,5610.12,6752.44,3794.78,3366.07,349.9,0.0,1086822.48,1110778.82,False,2024-09,38,Sunday,True,1142.32,2024-04-01,2024-10-14,1222857.82,175,197,0.8883
2024-09-23,AMR-005,Amazon - Dallas FC,NORTH AMERICA,30,Go-Live,6446.31,6132.63,4230.32,3867.78,350.7,0.0,1093268.79,1116911.45,False,2024-09,39,Monday,False,-313.68,2024-04-01,2024-10-14,1222857.82,176,197,0.8934
2024-09-24,AMR-005,Amazon - Dallas FC,NORTH AMERICA,30,Go-Live,6197.99,5799.99,3815.3,3718.79,342.7,0.0,1099466.78,1122711.44,False,2024-09,39,Tuesday,False,-398.0,2024-04-01,2024-10-14,1222857.82,177,197,0.8985
2024-09-25,AMR-005,Amazon - Dallas FC,NORTH AMERICA,30,Go-Live,6227.11,6311.54,4306.69,3736.27,340.8,0.0,1105693.89,1129022.98,False,2024-09,39,Wednesday,False,84.43,2024-04-01,2024-10-14,1222857.82,178,197,0.9036
2024-09-26,AMR-005,Amazon - Dallas FC,NORTH AMERICA,30,Monitoring,5900.8,5765.47,3433.42,3540.48,350.1,0.0,1111594.69,1134788.45,False,2024-09,39,Thursday,False,-135.33,2024-04-01,2024-10-14,1222857.82,179,197,0.9086
2024-09-27,AMR-005,Amazon - Dallas FC,NORTH AMERICA,30,Monitoring,6410.73,5991.48,3978.28,3846.44,260.7,0.0,1118005.42,1140779.93,False,2024-09,39,Friday,False,-419.25,2024-04-01,2024-10-14,1222857.82,180,197,0.9137
2024-09-28,AMR-005,Amazon - Dallas FC,NORTH AMERICA,30,Monitoring,5920.16,6481.37,3966.9,3552.1,313.2,0.0,1123925.58,1147261.3,False,2024-09,39,Saturday,True,561.21,2024-04-01,2024-10-14,1222857.82,181,197,0.9188
2024-09-29,AMR-005,Amazon - Dallas FC,NORTH AMERICA,30,Monitoring,6226.25,6441.78,3964.06,3735.75,303.4,0.0,1130151.83,1153703.08,False,2024-09,39,Sunday,True,215.53,2024-04-01,2024-10-14,1222857.82,182,197,0.9239
2024-09-30,AMR-005,Amazon - Dallas FC,NORTH AMERICA,30,Monitoring,6035.94,6280.02,3567.61,3621.56,352.4,0.0,1136187.77,1159983.1,False,2024-09,40,Monday,False,244.08,2024-04-01,2024-10-14,1222857.82,183,197,0.9289
2024-10-01,AMR-005,Amazon - Dallas FC,NORTH AMERICA,30,Monitoring,6251.79,5989.31,3448.2,3751.07,248.1,0.0,1142439.56,1165972.41,False,2024-10,40,Tuesday,False,-262.48,2024-04-01,2024-10-14,1222857.82,184,197,0.934
2024-10-02,AMR-005,Amazon - Dallas FC,NORTH AMERICA,30,Monitoring,5800.7,6703.51,4165.84,3480.42,249.2,0.0,1148240.26,1172675.92,False,2024-10,40,Wednesday,False,902.81,2024-04-01,2024-10-14,1222857.82,185,197,0.9391
2024-10-03,AMR-005,Amazon - Dallas FC,NORTH AMERICA,30,Monitoring,6019.04,6217.54,3512.83,3611.42,299.2,1.0,1154259.3,1178893.46,False,2024-10,40,Thursday,False,198.5,2024-04-01,2024-10-14,1222857.82,186,197,0.9442
2024-10-04,AMR-005,Amazon - Dallas FC,NORTH AMERICA,30,Monitoring,6843.25,6710.76,3912.32,4105.95,290.6,0.0,1161102.55,1185604.22,False,2024-10,40,Friday,False,-132.49,2024-04-01,2024-10-14,1222857.82,187,197,0.9492
2024-10-05,AMR-005,Amazon - Dallas FC,NORTH AMERICA,30,Monitoring,5808.28,7130.12,4506.18,3484.97,322.5,0.0,1166910.83,1192734.34,False,2024-10,40,Saturday,True,1321.84,2024-04-01,2024-10-14,1222857.82,188,197,0.9543
2024-10-06,AMR-005,Amazon - Dallas FC,NORTH AMERICA,30,Monitoring,5690.23,6003.83,4139.1,3414.14,271.3,0.0,1172601.06,1198738.17,False,2024-10,40,Sunday,True,313.6,2024-04-01,2024-10-14,1222857.82,189,197,0.9594
2024-10-07,AMR-005,Amazon - Dallas FC,NORTH AMERICA,30,Monitoring,6546.7,6353.95,4353.32,3928.02,250.0,1.0,1179147.76,1205092.12,False,2024-10,41,Monday,False,-192.75,2024-04-01,2024-10-14,1222857.82,190,197,0.9645
2024-10-08,AMR-005,Amazon - Dallas FC,NORTH AMERICA,30,Monitoring,6522.91,6739.89,4108.6,3913.75,280.9,0.0,1185670.67,1211832.01,False,2024-10,41,Tuesday,False,216.98,2024-04-01,2024-10-14,1222857.82,191,197,0.9695
2024-10-09,AMR-005,Amazon - Dallas FC,NORTH AMERICA,30,Monitoring,6467.59,6213.81,4101.74,3880.56,291.7,0.0,1192138.26,1218045.82,False,2024-10,41,Wednesday,False,-253.78,2024-04-01,2024-10-14,1222857.82,192,197,0.9746
2024-10-10,AMR-005,Amazon - Dallas FC,NORTH AMERICA,30,Monitoring,6750.23,6138.91,3716.8,4050.14,317.0,0.0,1198888.49,1224184.73,False,2024-10,41,Thursday,False,-611.32,2024-04-01,2024-10-14,1222857.82,193,197,0.9797
2024-10-11,AMR-005,Amazon - Dallas FC,NORTH AMERICA,30,Monitoring,6067.78,7243.07,4507.46,3640.67,249.1,0.0,1204956.27,1231427.8,False,2024-10,41,Friday,False,1175.29,2024-04-01,2024-10-14,1222857.82,194,197,0.9848
2024-10-12,AMR-005,Amazon - Dallas FC,NORTH AMERICA,30,Monitoring,5745.73,5881.12,3947.6,3447.44,268.5,0.0,1210702.0,1237308.92,False,2024-10,41,Saturday,True,135.39,2024-04-01,2024-10-14,1222857.82,195,197,0.9898
2024-10-13,AMR-005,Amazon - Dallas FC,NORTH AMERICA,30,Monitoring,6090.09,6338.2,3854.39,3654.05,302.29999999999995,0.0,1216792.09,1243647.12,False,2024-10,41,Sunday,True,248.11,2024-04-01,2024-10-14,1222857.82,196,197,0.9949
2024-10-14,AMR-005,Amazon - Dallas FC,NORTH AMERICA,30,Monitoring,6065.73,6726.12,4345.51,3639.44,282.4,0.0,1222857.82,1250373.24,False,2024-10,42,Monday,False,660.39,2024-04-01,2024-10-14,1222857.82,197,197,1.0
2024-02-15,AMR-006,Unilever - Rotterdam DC,EMEA,10,Planning,3814.06,3714.91,2113.18,2288.44,87.5,1.0,3814.06,3714.91,False,2024-02,7,Thursday,False,-99.15,2024-02-15,2024-08-30,696161.78,1,198,0.0051
2024-02-16,AMR-006,Unilever - Rotterdam DC,EMEA,10,Planning,3140.59,3429.84,2141.35,1884.35,88.8,0.0,6954.65,7144.75,False,2024-02,7,Friday,False,289.25,2024-02-15,2024-08-30,696161.78,2,198,0.0101
2024-02-17,AMR-006,Unilever - Rotterdam DC,EMEA,10,Planning,3624.26,3374.96,2242.645,2174.55,109.6,0.0,10578.91,10519.71,False,2024-02,7,Saturday,True,-249.3,2024-02-15,2024-08-30,696161.78,3,198,0.0152
2024-02-18,AMR-006,Unilever - Rotterdam DC,EMEA,10,Planning,3686.46,3433.32,2300.7,2211.87,89.2,0.0,14265.37,13953.03,False,2024-02,7,Sunday,True,-253.14,2024-02-15,2024-08-30,696161.78,4,198,0.0202
2024-02-19,AMR-006,Unilever - Rotterdam DC,EMEA,10,Planning,3640.85,4093.07,2735.02,2184.51,108.6,0.0,17906.22,18046.1,False,2024-02,8,Monday,False,452.22,2024-02-15,2024-08-30,696161.78,5,198,0.0253
2024-02-20,AMR-006,Unilever - Rotterdam DC,EMEA,10,Planning,3399.43,3416.87,2069.32,2039.66,98.0,0.0,21305.65,21462.97,False,2024-02,8,Tuesday,False,17.44,2024-02-15,2024-08-30,696161.78,6,198,0.0303
2024-02-21,AMR-006,Unilever - Rotterdam DC,EMEA,10,Planning,3444.16,3456.42,2404.95,2066.49,119.4,2.0,24749.81,24919.39,False,2024-02,8,Wednesday,False,12.26,2024-02-15,2024-08-30,696161.78,7,198,0.0354
2024-02-22,AMR-006,Unilever - Rotterdam DC,EMEA,10,Planning,3463.99,3354.88,1864.18,2078.4,99.5,0.0,28213.8,28274.27,False,2024-02,8,Thursday,False,-109.11,2024-02-15,2024-08-30,696161.78,8,198,0.0404
2024-02-23,AMR-006,Unilever - Rotterdam DC,EMEA,10,Planning,3014.56,3629.57,2533.22,1808.74,119.5,0.0,31228.36,31903.84,False,2024-02,8,Friday,False,615.01,2024-02-15,2024-08-30,696161.78,9,198,0.0455
2024-02-24,AMR-006,Unilever - Rotterdam DC,EMEA,10,Planning,3337.89,3385.31,2198.8,2002.74,117.9,0.0,34566.25,35289.15,False,2024-02,8,Saturday,True,47.42,2024-02-15,2024-08-30,696161.78,10,198,0.0505
2024-02-25,AMR-006,Unilever - Rotterdam DC,EMEA,10,Planning,3500.76,3584.58,2481.05,2100.46,112.4,0.0,38067.01,38873.73,False,2024-02,8,Sunday,True,83.82,2024-02-15,2024-08-30,696161.78,11,198,0.0556
2024-02-26,AMR-006,Unilever - Rotterdam DC,EMEA,10,Planning,3665.67,3218.84,2217.94,2199.4,81.7,0.0,41732.68,42092.57,False,2024-02,9,Monday,False,-446.83,2024-02-15,2024-08-30,696161.78,12,198,0.0606
2024-02-27,AMR-006,Unilever - Rotterdam DC,EMEA,10,Planning,3575.8,2804.92,1698.51,2145.48,87.9,0.0,45308.48,44897.49,False,2024-02,9,Tuesday,False,-770.88,2024-02-15,2024-08-30,696161.78,13,198,0.0657
2024-02-28,AMR-006,Unilever - Rotterdam DC,EMEA,10,Planning,3753.56,3328.22,2226.32,2252.14,91.8,0.0,49062.04,48225.71,False,2024-02,9,Wednesday,False,-425.34,2024-02-15,2024-08-30,696161.78,14,198,0.0707
2024-02-29,AMR-006,Unilever - Rotterdam DC,EMEA,10,Planning,3573.47,3667.43,2286.96,2144.08,111.4,0.0,52635.51,51893.14,False,2024-02,9,Thursday,False,93.96,2024-02-15,2024-08-30,696161.78,15,198,0.0758
2024-03-01,AMR-006,Unilever - Rotterdam DC,EMEA,10,Planning,3531.29,3699.34,2052.29,2118.78,90.5,0.0,56166.8,55592.48,False,2024-03,9,Friday,False,168.05,2024-02-15,2024-08-30,696161.78,16,198,0.0808
2024-03-02,AMR-006,Unilever - Rotterdam DC,EMEA,10,Planning,3010.06,3877.67,2535.35,1806.03,94.3,0.0,59176.86,59470.15,False,2024-03,9,Saturday,True,867.61,2024-02-15,2024-08-30,696161.78,17,198,0.0859
2024-03-03,AMR-006,Unilever - Rotterdam DC,EMEA,10,Planning,3971.23,3524.45,2411.22,2382.74,92.4,0.0,63148.09,62994.6,False,2024-03,9,Sunday,True,-446.78,2024-02-15,2024-08-30,696161.78,18,198,0.0909
2024-03-04,AMR-006,Unilever - Rotterdam DC,EMEA,10,Planning,3290.22,3071.21,2057.09,1974.13,85.1,0.0,66438.31,66065.81,False,2024-03,10,Monday,False,-219.01,2024-02-15,2024-08-30,696161.78,19,198,0.096
2024-03-05,AMR-006,Unilever - Rotterdam DC,EMEA,10,Planning,3557.47,3634.92,2298.69,2134.48,115.2,0.0,69995.78,69700.73,False,2024-03,10,Tuesday,False,77.45,2024-02-15,2024-08-30,696161.78,20,198,0.101
2024-03-06,AMR-006,Unilever - Rotterdam DC,EMEA,10,Hardware Procurement,3674.23,4148.97,2540.86,2204.54,107.6,0.0,73670.01,73849.7,False,2024-03,10,Wednesday,False,474.74,2024-02-15,2024-08-30,696161.78,21,198,0.1061
2024-03-07,AMR-006,Unilever - Rotterdam DC,EMEA,10,Hardware Procurement,3221.8,4124.65,2733.5,1933.08,113.0,0.0,76891.81,77974.35,False,2024-03,10,Thursday,False,902.85,2024-02-15,2024-08-30,696161.78,22,198,0.1111
2024-03-08,AMR-006,Unilever - Rotterdam DC,EMEA,10,Hardware Procurement,3907.47,3296.75,2133.32,2344.48,103.9,0.0,80799.28,81271.1,False,2024-03,10,Friday,False,-610.72,2024-02-15,2024-08-30,696161.78,23,198,0.1162
2024-03-09,AMR-006,Unilever - Rotterdam DC,EMEA,10,Hardware Procurement,3459.64,3914.78,2449.84,2075.79,92.2,0.0,84258.92,85185.88,False,2024-03,10,Saturday,True,455.14,2024-02-15,2024-08-30,696161.78,24,198,0.1212
2024-03-10,AMR-006,Unilever - Rotterdam DC,EMEA,10,Hardware Procurement,3502.47,3505.16,2116.39,2101.48,80.6,0.0,87761.39,88691.04,False,2024-03,10,Sunday,True,2.69,2024-02-15,2024-08-30,696161.78,25,198,0.1263
2024-03-11,AMR-006,Unilever - Rotterdam DC,EMEA,10,Hardware Procurement,3567.75,3590.74,2090.56,2140.65,106.4,0.0,91329.14,92281.78,False,2024-03,11,Monday,False,22.99,2024-02-15,2024-08-30,696161.78,26,198,0.1313
2024-03-12,AMR-006,Unilever - Rotterdam DC,EMEA,10,Hardware Procurement,3539.21,3753.82,2419.11,2123.52,117.7,0.0,94868.35,96035.6,False,2024-03,11,Tuesday,False,214.61,2024-02-15,2024-08-30,696161.78,27,198,0.1364
2024-03-13,AMR-006,Unilever - Rotterdam DC,EMEA,10,Hardware Procurement,3444.46,3777.74,2556.12,2066.68,84.7,0.0,98312.81,99813.34,False,2024-03,11,Wednesday,False,333.28,2024-02-15,2024-08-30,696161.78,28,198,0.1414
2024-03-14,AMR-006,Unilever - Rotterdam DC,EMEA,10,Hardware Procurement,3505.2,3513.7,2250.82,2103.12,93.7,0.0,101818.01,103327.04,False,2024-03,11,Thursday,False,8.5,2024-02-15,2024-08-30,696161.78,29,198,0.1465
2024-03-15,AMR-006,Unilever - Rotterdam DC,EMEA,10,Hardware Procurement,3377.05,3702.44,2335.55,2026.23,102.5,0.0,105195.06,107029.48,False,2024-03,11,Friday,False,325.39,2024-02-15,2024-08-30,696161.78,30,198,0.1515
2024-03-16,AMR-006,Unilever - Rotterdam DC,EMEA,10,Hardware Procurement,3622.89,3623.64,2491.25,2173.73,85.9,0.0,108817.95,110653.12,False,2024-03,11,Saturday,True,0.75,2024-02-15,2024-08-30,696161.78,31,198,0.1566
2024-03-17,AMR-006,Unilever - Rotterdam DC,EMEA,10,Hardware Procurement,3627.91,3196.68,2089.35,2176.75,99.4,0.0,112445.86,113849.8,False,2024-03,11,Sunday,True,-431.23,2024-02-15,2024-08-30,696161.78,32,198,0.1616
2024-03-18,AMR-006,Unilever - Rotterdam DC,EMEA,10,Hardware Procurement,3485.66,4099.42,2366.03,2091.39,80.8,0.0,115931.52,117949.22,False,2024-03,12,Monday,False,613.76,2024-02-15,2024-08-30,696161.78,33,198,0.1667
2024-03-19,AMR-006,Unilever - Rotterdam DC,EMEA,10,Hardware Procurement,3133.86,3868.92,2212.0,1880.32,119.8,0.0,119065.38,121818.14,False,2024-03,12,Tuesday,False,735.06,2024-02-15,2024-08-30,696161.78,34,198,0.1717
2024-03-20,AMR-006,Unilever - Rotterdam DC,EMEA,10,Hardware Procurement,3325.96,4297.88,2524.38,1995.58,101.6,0.0,122391.34,126116.02,False,2024-03,12,Wednesday,False,971.92,2024-02-15,2024-08-30,696161.78,35,198,0.1768
2024-03-21,AMR-006,Unilever - Rotterdam DC,EMEA,10,Hardware Procurement,3700.2,3970.05,2548.47,2220.12,85.6,0.0,126091.54,130086.07,False,2024-03,12,Thursday,False,269.85,2024-02-15,2024-08-30,696161.78,36,198,0.1818
2024-03-22,AMR-006,Unilever - Rotterdam DC,EMEA,10,Hardware Procurement,3525.44,3448.08,2174.78,2115.26,86.1,0.0,129616.98,133534.15,False,2024-03,12,Friday,False,-77.36,2024-02-15,2024-08-30,696161.78,37,198,0.1869
2024-03-23,AMR-006,Unilever - Rotterdam DC,EMEA,10,Hardware Procurement,3581.92,3728.14,2109.88,2149.15,104.7,0.0,133198.9,137262.29,False,2024-03,12,Saturday,True,146.22,2024-02-15,2024-08-30,696161.78,38,198,0.1919
2024-03-24,AMR-006,Unilever - Rotterdam DC,EMEA,10,Hardware Procurement,3637.95,3914.34,2721.71,2182.77,87.9,0.0,136836.85,141176.63,False,2024-03,12,Sunday,True,276.39,2024-02-15,2024-08-30,696161.78,39,198,0.197
2024-03-25,AMR-006,Unilever - Rotterdam DC,EMEA,10,Hardware Procurement,3571.93,3185.87,2129.92,2143.16,92.9,0.0,140408.78,144362.5,False,2024-03,13,Monday,False,-386.06,2024-02-15,2024-08-30,696161.78,40,198,0.202
2024-03-26,AMR-006,Unilever - Rotterdam DC,EMEA,10,Hardware Procurement,3834.15,3054.87,2076.46,2300.49,113.4,0.0,144242.93,147417.37,False,2024-03,13,Tuesday,False,-779.28,2024-02-15,2024-08-30,696161.78,41,198,0.2071
2024-03-27,AMR-006,Unilever - Rotterdam DC,EMEA,10,Hardware Procurement,3771.03,3802.29,2226.44,2262.62,105.8,0.0,148013.96,151219.66,False,2024-03,13,Wednesday,False,31.26,2024-02-15,2024-08-30,696161.78,42,198,0.2121
2024-03-28,AMR-006,Unilever - Rotterdam DC,EMEA,10,Hardware Procurement,3729.78,3271.97,2221.46,2237.87,84.9,0.0,151743.74,154491.63,False,2024-03,13,Thursday,False,-457.81,2024-02-15,2024-08-30,696161.78,43,198,0.2172
2024-03-29,AMR-006,Unilever - Rotterdam DC,EMEA,10,Hardware Procurement,3622.2,3192.38,1786.54,2173.32,100.4,0.0,155365.94,157684.01,False,2024-03,13,Friday,False,-429.82,2024-02-15,2024-08-30,696161.78,44,198,0.2222
2024-03-30,AMR-006,Unilever - Rotterdam DC,EMEA,10,Hardware Procurement,3610.23,3767.84,2177.92,2166.14,90.3,0.0,158976.17,161451.85,False,2024-03,13,Saturday,True,157.61,2024-02-15,2024-08-30,696161.78,45,198,0.2273
2024-03-31,AMR-006,Unilever - Rotterdam DC,EMEA,10,Hardware Procurement,3271.77,3723.48,2517.42,1963.06,113.9,0.0,162247.94,165175.33,False,2024-03,13,Sunday,True,451.71,2024-02-15,2024-08-30,696161.78,46,198,0.2323
2024-04-01,AMR-006,Unilever - Rotterdam DC,EMEA,10,Hardware Procurement,3208.19,3393.74,2226.28,1924.91,88.8,0.0,165456.13,168569.07,False,2024-04,14,Monday,False,185.55,2024-02-15,2024-08-30,696161.78,47,198,0.2374
2024-04-02,AMR-006,Unilever - Rotterdam DC,EMEA,10,Hardware Procurement,3263.32,4143.37,2800.4,1957.99,110.7,14.0,168719.45,172712.44,True,2024-04,14,Tuesday,False,880.05,2024-02-15,2024-08-30,696161.78,48,198,0.2424
2024-04-03,AMR-006,Unilever - Rotterdam DC,EMEA,10,Hardware Procurement,3556.49,3790.05,2305.01,2133.89,110.1,0.0,172275.94,176502.49,False,2024-04,14,Wednesday,False,233.56,2024-02-15,2024-08-30,696161.78,49,198,0.2475
2024-04-04,AMR-006,Unilever - Rotterdam DC,EMEA,10,Hardware Procurement,3335.34,3294.7,1857.27,2001.21,100.2,0.0,175611.28,179797.19,False,2024-04,14,Thursday,False,-40.64,2024-02-15,2024-08-30,696161.78,50,198,0.2525
2024-04-05,AMR-006,Unilever - Rotterdam DC,EMEA,10,Staging & Config,3435.08,3366.3,2342.79,2061.05,109.9,0.0,179046.36,183163.49,False,2024-04,14,Friday,False,-68.78,2024-02-15,2024-08-30,696161.78,51,198,0.2576
2024-04-06,AMR-006,Unilever - Rotterdam DC,EMEA,10,Staging & Config,3559.15,3332.09,1917.93,2135.49,89.7,2.0,182605.51,186495.58,False,2024-04,14,Saturday,True,-227.06,2024-02-15,2024-08-30,696161.78,52,198,0.2626
2024-04-07,AMR-006,Unilever - Rotterdam DC,EMEA,10,Staging & Config,3504.25,3577.51,2407.35,2102.55,111.7,0.0,186109.76,190073.09,False,2024-04,14,Sunday,True,73.26,2024-02-15,2024-08-30,696161.78,53,198,0.2677
2024-04-08,AMR-006,Unilever - Rotterdam DC,EMEA,10,Staging & Config,3337.24,3751.1,2217.66,2002.35,94.9,1.0,189447.0,193824.19,False,2024-04,15,Monday,False,413.86,2024-02-15,2024-08-30,696161.78,54,198,0.2727
2024-04-09,AMR-006,Unilever - Rotterdam DC,EMEA,10,Staging & Config,3491.3,3451.55,2108.81,2094.78,89.2,0.0,192938.3,197275.74,False,2024-04,15,Tuesday,False,-39.75,2024-02-15,2024-08-30,696161.78,55,198,0.2778
2024-04-10,AMR-006,Unilever - Rotterdam DC,EMEA,10,Staging & Config,3472.45,3816.46,2454.42,2083.47,89.0,0.0,196410.75,201092.2,False,2024-04,15,Wednesday,False,344.01,2024-02-15,2024-08-30,696161.78,56,198,0.2828
2024-04-11,AMR-006,Unilever - Rotterdam DC,EMEA,10,Staging & Config,3694.61,3299.35,2285.24,2216.76,86.8,0.0,200105.36,204391.55,False,2024-04,15,Thursday,False,-395.26,2024-02-15,2024-08-30,696161.78,57,198,0.2879
2024-04-12,AMR-006,Unilever - Rotterdam DC,EMEA,10,Staging & Config,3664.81,3674.82,2520.43,2198.89,97.5,0.0,203770.17,208066.37,False,2024-04,15,Friday,False,10.01,2024-02-15,2024-08-30,696161.78,58,198,0.2929
2024-04-13,AMR-006,Unilever - Rotterdam DC,EMEA,10,Staging & Config,3704.78,3615.47,2183.82,2222.87,95.3,0.0,207474.95,211681.84,False,2024-04,15,Saturday,True,-89.31,2024-02-15,2024-08-30,696161.78,59,198,0.298
2024-04-14,AMR-006,Unilever - Rotterdam DC,EMEA,10,Staging & Config,3545.7,3690.27,2254.87,2127.42,115.9,0.0,211020.65,215372.11,False,2024-04,15,Sunday,True,144.57,2024-02-15,2024-08-30,696161.78,60,198,0.303
2024-04-15,AMR-006,Unilever - Rotterdam DC,EMEA,10,Staging & Config,3443.73,3263.27,2069.24,2066.24,110.3,0.0,214464.38,218635.38,False,2024-04,16,Monday,False,-180.46,2024-02-15,2024-08-30,696161.78,61,198,0.3081
2024-04-16,AMR-006,Unilever - Rotterdam DC,EMEA,10,Staging & Config,3246.77,3781.47,2528.85,1948.06,85.5,0.0,217711.15,222416.85,False,2024-04,16,Tuesday,False,534.7,2024-02-15,2024-08-30,696161.78,62,198,0.3131
2024-04-17,AMR-006,Unilever - Rotterdam DC,EMEA,10,Staging & Config,3194.08,3367.99,1876.11,1916.45,107.8,0.0,220905.23,225784.84,False,2024-04,16,Wednesday,False,173.91,2024-02-15,2024-08-30,696161.78,63,198,0.3182
2024-04-18,AMR-006,Unilever - Rotterdam DC,EMEA,10,Staging & Config,3153.21,3238.32,1781.65,1891.92,80.6,0.0,224058.44,229023.16,False,2024-04,16,Thursday,False,85.11,2024-02-15,2024-08-30,696161.78,64,198,0.3232
2024-04-19,AMR-006,Unilever - Rotterdam DC,EMEA,10,Staging & Config,3668.93,3235.38,2002.89,2201.36,117.0,0.0,227727.37,232258.54,False,2024-04,16,Friday,False,-433.55,2024-02-15,2024-08-30,696161.78,65,198,0.3283
2024-04-20,AMR-006,Unilever - Rotterdam DC,EMEA,10,Staging & Config,3389.19,3734.44,2280.88,2033.51,97.0,0.0,231116.56,235992.98,False,2024-04,16,Saturday,True,345.25,2024-02-15,2024-08-30,696161.78,66,198,0.3333
2024-04-21,AMR-006,Unilever - Rotterdam DC,EMEA,10,Staging & Config,3806.08,3106.82,1955.25,2283.65,117.0,0.0,234922.64,239099.8,False,2024-04,16,Sunday,True,-699.26,2024-02-15,2024-08-30,696161.78,67,198,0.3384
2024-04-22,AMR-006,Unilever - Rotterdam DC,EMEA,10,Staging & Config,3230.65,3807.65,2123.72,1938.39,95.8,0.0,238153.29,242907.45,False,2024-04,17,Monday,False,577.0,2024-02-15,2024-08-30,696161.78,68,198,0.3434
2024-04-23,AMR-006,Unilever - Rotterdam DC,EMEA,10,Staging & Config,3458.29,3176.13,1764.16,2074.98,80.7,0.0,241611.58,246083.58,False,2024-04,17,Tuesday,False,-282.16,2024-02-15,2024-08-30,696161.78,69,198,0.3485
2024-04-24,AMR-006,Unilever - Rotterdam DC,EMEA,10,Staging & Config,3390.64,3470.94,2063.25,2034.38,98.2,0.0,245002.22,249554.52,False,2024-04,17,Wednesday,False,80.3,2024-02-15,2024-08-30,696161.78,70,198,0.3535
2024-04-25,AMR-006,Unilever - Rotterdam DC,EMEA,10,Staging & Config,3488.53,3366.97,1939.71,2093.12,108.6,0.0,248490.75,252921.49,False,2024-04,17,Thursday,False,-121.56,2024-02-15,2024-08-30,696161.78,71,198,0.3586
2024-04-26,AMR-006,Unilever - Rotterdam DC,EMEA,10,Staging & Config,3653.91,3608.96,2025.84,2192.35,93.9,0.0,252144.66,256530.45,False,2024-04,17,Friday,False,-44.95,2024-02-15,2024-08-30,696161.78,72,198,0.3636
2024-04-27,AMR-006,Unilever - Rotterdam DC,EMEA,10,Staging & Config,3549.49,3526.18,2419.97,2129.69,115.3,0.0,255694.15,260056.63,False,2024-04,17,Saturday,True,-23.31,2024-02-15,2024-08-30,696161.78,73,198,0.3687
2024-04-28,AMR-006,Unilever - Rotterdam DC,EMEA,10,Staging & Config,3460.9,3356.88,2072.51,2076.54,114.2,0.0,259155.05,263413.51,False,2024-04,17,Sunday,True,-104.02,2024-02-15,2024-08-30,696161.78,74,198,0.3737
2024-04-29,AMR-006,Unilever - Rotterdam DC,EMEA,10,Staging & Config,3883.53,3812.97,2628.69,2330.12,87.4,0.0,263038.58,267226.48,False,2024-04,18,Monday,False,-70.56,2024-02-15,2024-08-30,696161.78,75,198,0.3788
2024-04-30,AMR-006,Unilever - Rotterdam DC,EMEA,10,Staging & Config,3480.07,3725.53,2521.14,2088.04,113.3,2.0,266518.65,270952.01,False,2024-04,18,Tuesday,False,245.46,2024-02-15,2024-08-30,696161.78,76,198,0.3838
2024-05-01,AMR-006,Unilever - Rotterdam DC,EMEA,10,Staging & Config,3668.65,3664.37,2349.19,2201.19,103.7,0.0,270187.3,274616.38,False,2024-05,18,Wednesday,False,-4.28,2024-02-15,2024-08-30,696161.78,77,198,0.3889
2024-05-02,AMR-006,Unilever - Rotterdam DC,EMEA,10,Staging & Config,3841.78,3892.82,2315.44,2305.07,118.2,0.0,274029.08,278509.2,False,2024-05,18,Thursday,False,51.04,2024-02-15,2024-08-30,696161.78,78,198,0.3939
2024-05-03,AMR-006,Unilever - Rotterdam DC,EMEA,10,Staging & Config,3197.09,3748.22,2335.55,1918.25,89.5,0.0,277226.17,282257.42,False,2024-05,18,Friday,False,551.13,2024-02-15,2024-08-30,696161.78,79,198,0.399
2024-05-04,AMR-006,Unilever - Rotterdam DC,EMEA,10,Staging & Config,3425.53,3451.62,2162.0,2055.32,116.1,0.0,280651.7,285709.04,False,2024-05,18,Saturday,True,26.09,2024-02-15,2024-08-30,696161.78,80,198,0.404
2024-05-05,AMR-006,Unilever - Rotterdam DC,EMEA,10,Site Installation,3496.88,3956.75,2652.54,2098.13,100.1,0.0,284148.58,289665.79,False,2024-05,18,Sunday,True,459.87,2024-02-15,2024-08-30,696161.78,81,198,0.4091
2024-05-06,AMR-006,Unilever - Rotterdam DC,EMEA,10,Site Installation,3646.5,3316.62,1844.0,2187.9,91.9,0.0,287795.08,292982.41,False,2024-05,19,Monday,False,-329.88,2024-02-15,2024-08-30,696161.78,82,198,0.4141
2024-05-07,AMR-006,Unilever - Rotterdam DC,EMEA,10,Site Installation,3442.12,3607.97,2163.9,2065.27,93.3,0.0,291237.2,296590.38,False,2024-05,19,Tuesday,False,165.85,2024-02-15,2024-08-30,696161.78,83,198,0.4192
2024-05-08,AMR-006,Unilever - Rotterdam DC,EMEA,10,Site Installation,3613.22,3364.9,2185.62,2167.93,97.6,0.0,294850.42,299955.28,False,2024-05,19,Wednesday,False,-248.32,2024-02-15,2024-08-30,696161.78,84,198,0.4242
2024-05-09,AMR-006,Unilever - Rotterdam DC,EMEA,10,Site Installation,3533.84,3164.55,1864.74,2120.31,94.7,0.0,298384.26,303119.83,False,2024-05,19,Thursday,False,-369.29,2024-02-15,2024-08-30,696161.78,85,198,0.4293
2024-05-10,AMR-006,Unilever - Rotterdam DC,EMEA,10,Site Installation,3518.09,3834.79,2259.78,2110.85,104.5,0.0,301902.35,306954.62,False,2024-05,19,Friday,False,316.7,2024-02-15,2024-08-30,696161.78,86,198,0.4343
2024-05-11,AMR-006,Unilever - Rotterdam DC,EMEA,10,Site Installation,3265.99,3390.35,1993.95,1959.59,81.2,0.0,305168.34,310344.97,False,2024-05,19,Saturday,True,124.36,2024-02-15,2024-08-30,696161.78,87,198,0.4394
2024-05-12,AMR-006,Unilever - Rotterdam DC,EMEA,10,Site Installation,3402.11,3770.66,2584.84,2041.27,98.5,0.0,308570.45,314115.63,False,2024-05,19,Sunday,True,368.55,2024-02-15,2024-08-30,696161.78,88,198,0.4444
2024-05-13,AMR-006,Unilever - Rotterdam DC,EMEA,10,Site Installation,3395.78,3737.65,2138.82,2037.47,102.8,0.0,311966.23,317853.28,False,2024-05,20,Monday,False,341.87,2024-02-15,2024-08-30,696161.78,89,198,0.4495
2024-05-14,AMR-006,Unilever - Rotterdam DC,EMEA,10,Site Installation,3844.72,2747.32,1602.72,2306.83,86.9,2.0,315810.95,320600.6,False,2024-05,20,Tuesday,False,-1097.4,2024-02-15,2024-08-30,696161.78,90,198,0.4545
2024-05-15,AMR-006,Unilever - Rotterdam DC,EMEA,10,Site Installation,3571.69,3333.54,1973.94,2143.01,96.9,0.0,319382.64,323934.14,False,2024-05,20,Wednesday,False,-238.15,2024-02-15,2024-08-30,696161.78,91,198,0.4596
2024-05-16,AMR-006,Unilever - Rotterdam DC,EMEA,10,Site Installation,3602.84,3528.1,2019.85,2161.7,87.5,0.0,322985.48,327462.24,False,2024-05,20,Thursday,False,-74.74,2024-02-15,2024-08-30,696161.78,92,198,0.4646
2024-05-17,AMR-006,Unilever - Rotterdam DC,EMEA,10,Site Installation,3689.7,3620.22,2114.2,2213.82,101.2,0.0,326675.18,331082.46,False,2024-05,20,Friday,False,-69.48,2024-02-15,2024-08-30,696161.78,93,198,0.4697
2024-05-18,AMR-006,Unilever - Rotterdam DC,EMEA,10,Site Installation,3904.51,3740.5,2257.44,2342.71,103.0,0.0,330579.69,334822.96,False,2024-05,20,Saturday,True,-164.01,2024-02-15,2024-08-30,696161.78,94,198,0.4747
2024-05-19,AMR-006,Unilever - Rotterdam DC,EMEA,10,Site Installation,3791.92,3708.89,2424.36,2275.15,84.5,0.0,334371.61,338531.85,False,2024-05,20,Sunday,True,-83.03,2024-02-15,2024-08-30,696161.78,95,198,0.4798
2024-05-20,AMR-006,Unilever - Rotterdam DC,EMEA,10,Site Installation,3468.46,3154.72,1967.63,2081.07,111.8,0.0,337840.07,341686.57,False,2024-05,21,Monday,False,-313.74,2024-02-15,2024-08-30,696161.78,96,198,0.4848
2024-05-21,AMR-006,Unilever - Rotterdam DC,EMEA,10,Site Installation,3162.23,3265.34,2140.44,1897.34,110.9,0.0,341002.3,344951.91,False,2024-05,21,Tuesday,False,103.11,2024-02-15,2024-08-30,696161.78,97,198,0.4899
2024-05-22,AMR-006,Unilever - Rotterdam DC,EMEA,10,Site Installation,3683.11,3459.15,1988.46,2209.87,119.2,0.0,344685.41,348411.06,False,2024-05,21,Wednesday,False,-223.96,2024-02-15,2024-08-30,696161.78,98,198,0.4949
2024-05-23,AMR-006,Unilever - Rotterdam DC,EMEA,10,Site Installation,3540.22,4067.25,2734.34,2124.13,91.6,0.0,348225.63,352478.31,False,2024-05,21,Thursday,False,527.03,2024-02-15,2024-08-30,696161.78,99,198,0.5
2024-05-24,AMR-006,Unilever - Rotterdam DC,EMEA,10,Site Installation,3536.84,4349.533989506892,2884.662759542438,2122.11,99.4,0.0,351762.47,356827.84,True,2024-05,21,Friday,False,812.69,2024-02-15,2024-08-30,696161.78,100,198,0.5051
2024-05-25,AMR-006,Unilever - Rotterdam DC,EMEA,10,Site Installation,3442.61,3624.65,2507.84,2065.56,101.3,0.0,355205.08,360452.49,False,2024-05,21,Saturday,True,182.04,2024-02-15,2024-08-30,696161.78,101,198,0.5101
2024-05-26,AMR-006,Unilever - Rotterdam DC,EMEA,10,Site Installation,3416.32,3286.15,2139.11,2049.79,81.0,0.0,358621.4,363738.64,False,2024-05,21,Sunday,True,-130.17,2024-02-15,2024-08-30,696161.78,102,198,0.5152
2024-05-27,AMR-006,Unilever - Rotterdam DC,EMEA,10,Site Installation,3154.42,3586.13,2063.62,1892.65,96.6,0.0,361775.82,367324.77,False,2024-05,22,Monday,False,431.71,2024-02-15,2024-08-30,696161.78,103,198,0.5202
2024-05-28,AMR-006,Unilever - Rotterdam DC,EMEA,10,Site Installation,3522.41,4036.88,2705.4,2113.45,82.5,0.0,365298.23,371361.65,True,2024-05,22,Tuesday,False,514.47,2024-02-15,2024-08-30,696161.78,104,198,0.5253
2024-05-29,AMR-006,Unilever - Rotterdam DC,EMEA,10,Site Installation,3581.71,3675.03,2397.47,2149.03,114.3,0.0,368879.94,375036.68,False,2024-05,22,Wednesday,False,93.32,2024-02-15,2024-08-30,696161.78,105,198,0.5303
2024-05-30,AMR-006,Unilever - Rotterdam DC,EMEA,10,Site Installation,3603.72,3906.29,2379.69,2162.23,111.3,0.0,372483.66,378942.97,False,2024-05,22,Thursday,False,302.57,2024-02-15,2024-08-30,696161.78,106,198,0.5354
2024-05-31,AMR-006,Unilever - Rotterdam DC,EMEA,10,Site Installation,3318.22,4477.76,2989.08,1990.93,96.2,0.0,375801.88,383420.73,True,2024-05,22,Friday,False,1159.54,2024-02-15,2024-08-30,696161.78,107,198,0.5404
2024-06-01,AMR-006,Unilever - Rotterdam DC,EMEA,10,Site Installation,3252.47,3330.05,1864.47,1951.48,103.2,0.0,379054.35,386750.78,False,2024-06,22,Saturday,True,77.58,2024-02-15,2024-08-30,696161.78,108,198,0.5455
2024-06-02,AMR-006,Unilever - Rotterdam DC,EMEA,10,Site Installation,3761.24,4027.08,2719.31,2256.75,91.0,0.0,382815.59,390777.86,False,2024-06,22,Sunday,True,265.84,2024-02-15,2024-08-30,696161.78,109,198,0.5505
2024-06-03,AMR-006,Unilever - Rotterdam DC,EMEA,10,Site Installation,3439.35,4265.47,2370.32,2063.61,89.8,0.0,386254.94,395043.33,False,2024-06,23,Monday,False,826.12,2024-02-15,2024-08-30,696161.78,110,198,0.5556
2024-06-04,AMR-006,Unilever - Rotterdam DC,EMEA,10,Site Installation,3704.3,3381.9,2149.11,2222.58,80.5,1.0,389959.24,398425.23,False,2024-06,23,Tuesday,False,-322.4,2024-02-15,2024-08-30,696161.78,111,198,0.5606
2024-06-05,AMR-006,Unilever - Rotterdam DC,EMEA,10,Site Installation,3736.21,3506.67,2364.2,2241.72,80.3,1.0,393695.45,401931.9,False,2024-06,23,Wednesday,False,-229.54,2024-02-15,2024-08-30,696161.78,112,198,0.5657
2024-06-06,AMR-006,Unilever - Rotterdam DC,EMEA,10,Site Installation,3403.82,3112.97,2104.56,2042.29,88.5,0.0,397099.27,405044.87,False,2024-06,23,Thursday,False,-290.85,2024-02-15,2024-08-30,696161.78,113,198,0.5707
2024-06-07,AMR-006,Unilever - Rotterdam DC,EMEA,10,Site Installation,3428.73,3435.93,2242.83,2057.24,101.6,0.0,400528.0,408480.8,False,2024-06,23,Friday,False,7.2,2024-02-15,2024-08-30,696161.78,114,198,0.5758
2024-06-08,AMR-006,Unilever - Rotterdam DC,EMEA,10,Site Installation,3804.94,3459.96,1961.1,2282.96,82.7,0.0,404332.94,411940.76,False,2024-06,23,Saturday,True,-344.98,2024-02-15,2024-08-30,696161.78,115,198,0.5808
2024-06-09,AMR-006,Unilever - Rotterdam DC,EMEA,10,Site Installation,3668.29,3792.29,2242.645,2200.97,103.2,0.0,408001.23,415733.05,False,2024-06,23,Sunday,True,124.0,2024-02-15,2024-08-30,696161.78,116,198,0.5859
2024-06-10,AMR-006,Unilever - Rotterdam DC,EMEA,10,Site Installation,3762.84,3403.39,1898.65,2257.71,93.9,0.0,411764.07,419136.44,False,2024-06,24,Monday,False,-359.45,2024-02-15,2024-08-30,696161.78,117,198,0.5909
2024-06-11,AMR-006,Unilever - Rotterdam DC,EMEA,10,Site Installation,3384.02,3929.85,2468.4,2030.41,84.4,0.0,415148.09,423066.29,False,2024-06,24,Tuesday,False,545.83,2024-02-15,2024-08-30,696161.78,118,198,0.596
2024-06-12,AMR-006,Unilever - Rotterdam DC,EMEA,10,Site Installation,3288.3,4024.47,2747.02,1972.98,98.8,0.0,418436.39,427090.76,False,2024-06,24,Wednesday,False,736.17,2024-02-15,2024-08-30,696161.78,119,198,0.601
2024-06-13,AMR-006,Unilever - Rotterdam DC,EMEA,10,Site Installation,3335.17,3764.4,2439.32,2001.1,105.0,0.0,421771.56,430855.16,False,2024-06,24,Thursday,False,429.23,2024-02-15,2024-08-30,696161.78,120,198,0.6061
2024-06-14,AMR-006,Unilever - Rotterdam DC,EMEA,10,Site Installation,3705.97,3325.21,2001.38,2223.58,109.7,0.0,425477.53,434180.37,False,2024-06,24,Friday,False,-380.76,2024-02-15,2024-08-30,696161.78,121,198,0.6111
2024-06-15,AMR-006,Unilever - Rotterdam DC,EMEA,10,Site Installation,3406.99,3796.7,2553.64,2044.19,106.8,0.0,428884.52,437977.07,False,2024-06,24,Saturday,True,389.71,2024-02-15,2024-08-30,696161.78,122,198,0.6162
2024-06-16,AMR-006,Unilever - Rotterdam DC,EMEA,10,Site Installation,3263.72,3606.4,2387.21,1958.23,87.4,0.0,432148.24,441583.47,False,2024-06,24,Sunday,True,342.68,2024-02-15,2024-08-30,696161.78,123,198,0.6212
2024-06-17,AMR-006,Unilever - Rotterdam DC,EMEA,10,Site Installation,3406.6,4220.54,2544.02,2043.96,102.8,0.0,435554.84,445804.01,False,2024-06,25,Monday,False,813.94,2024-02-15,2024-08-30,696161.78,124,198,0.6263
2024-06-18,AMR-006,Unilever - Rotterdam DC,EMEA,10,Site Installation,3796.92,3555.45,2293.54,2278.15,84.4,0.0,439351.76,449359.46,False,2024-06,25,Tuesday,False,-241.47,2024-02-15,2024-08-30,696161.78,125,198,0.6313
2024-06-19,AMR-006,Unilever - Rotterdam DC,EMEA,10,Site Installation,3741.81,3483.67,2305.56,2245.08,87.4,0.0,443093.57,452843.13,False,2024-06,25,Wednesday,False,-258.14,2024-02-15,2024-08-30,696161.78,126,198,0.6364
2024-06-20,AMR-006,Unilever - Rotterdam DC,EMEA,10,Site Installation,3507.43,3423.77,2108.92,2104.46,93.1,0.0,446601.0,456266.9,False,2024-06,25,Thursday,False,-83.66,2024-02-15,2024-08-30,696161.78,127,198,0.6414
2024-06-21,AMR-006,Unilever - Rotterdam DC,EMEA,10,Site Installation,3476.07,3396.64,2294.59,2085.64,89.2,0.0,450077.07,459663.54,False,2024-06,25,Friday,False,-79.43,2024-02-15,2024-08-30,696161.78,128,198,0.6465
2024-06-22,AMR-006,Unilever - Rotterdam DC,EMEA,10,Site Installation,3478.46,3683.46,2453.26,2087.07,84.1,0.0,453555.53,463347.0,False,2024-06,25,Saturday,True,205.0,2024-02-15,2024-08-30,696161.78,129,198,0.6515
2024-06-23,AMR-006,Unilever - Rotterdam DC,EMEA,10,UAT,3461.18,3322.53,2252.61,2076.71,119.8,2.0,457016.71,466669.53,False,2024-06,25,Sunday,True,-138.65,2024-02-15,2024-08-30,696161.78,130,198,0.6566
2024-06-24,AMR-006,Unilever - Rotterdam DC,EMEA,10,UAT,3679.74,3785.02,2590.25,2207.85,82.0,2.0,460696.45,470454.55,False,2024-06,26,Monday,False,105.28,2024-02-15,2024-08-30,696161.78,131,198,0.6616
2024-06-25,AMR-006,Unilever - Rotterdam DC,EMEA,10,UAT,3391.85,3558.08,2323.37,2035.11,112.3,0.0,464088.3,474012.63,False,2024-06,26,Tuesday,False,166.23,2024-02-15,2024-08-30,696161.78,132,198,0.6667
2024-06-26,AMR-006,Unilever - Rotterdam DC,EMEA,10,UAT,3788.68,4273.92,2798.6,2273.21,86.6,0.0,467876.98,478286.55,False,2024-06,26,Wednesday,False,485.24,2024-02-15,2024-08-30,696161.78,133,198,0.6717
2024-06-27,AMR-006,Unilever - Rotterdam DC,EMEA,10,UAT,3699.48,3582.95,2469.84,2219.69,118.3,1.0,471576.46,481869.5,False,2024-06,26,Thursday,False,-116.53,2024-02-15,2024-08-30,696161.78,134,198,0.6768
2024-06-28,AMR-006,Unilever - Rotterdam DC,EMEA,10,UAT,3467.2,3660.6,2290.46,2080.32,108.7,0.0,475043.66,485530.1,False,2024-06,26,Friday,False,193.4,2024-02-15,2024-08-30,696161.78,135,198,0.6818
2024-06-29,AMR-006,Unilever - Rotterdam DC,EMEA,10,UAT,3599.17,3798.59,2302.41,2159.5,110.9,0.0,478642.83,489328.69,False,2024-06,26,Saturday,True,199.42,2024-02-15,2024-08-30,696161.78,136,198,0.6869
2024-06-30,AMR-006,Unilever - Rotterdam DC,EMEA,10,UAT,3382.9,3120.15,1869.7,2029.74,99.9,0.0,482025.73,492448.84,False,2024-06,26,Sunday,True,-262.75,2024-02-15,2024-08-30,696161.78,137,198,0.6919
2024-07-01,AMR-006,Unilever - Rotterdam DC,EMEA,10,UAT,3600.42,4136.83,2890.66,2160.25,106.6,2.0,485626.15,496585.67,False,2024-07,27,Monday,False,536.41,2024-02-15,2024-08-30,696161.78,138,198,0.697
2024-07-02,AMR-006,Unilever - Rotterdam DC,EMEA,10,UAT,3478.3,3242.62,2209.49,2086.98,93.8,0.0,489104.45,499828.29,False,2024-07,27,Tuesday,False,-235.68,2024-02-15,2024-08-30,696161.78,139,198,0.702
2024-07-03,AMR-006,Unilever - Rotterdam DC,EMEA,10,UAT,3299.13,3339.45,2104.37,1979.48,93.7,0.0,492403.58,503167.74,False,2024-07,27,Wednesday,False,40.32,2024-02-15,2024-08-30,696161.78,140,198,0.7071
2024-07-04,AMR-006,Unilever - Rotterdam DC,EMEA,10,UAT,3361.52,3433.72,2361.41,2016.91,102.2,0.0,495765.1,506601.46,False,2024-07,27,Thursday,False,72.2,2024-02-15,2024-08-30,696161.78,141,198,0.7121
2024-07-05,AMR-006,Unilever - Rotterdam DC,EMEA,10,UAT,3220.22,3298.98,2030.03,1932.13,105.3,0.0,498985.32,509900.44,False,2024-07,27,Friday,False,78.76,2024-02-15,2024-08-30,696161.78,142,198,0.7172
2024-07-06,AMR-006,Unilever - Rotterdam DC,EMEA,10,UAT,3442.95,3959.54,2491.19,2065.77,84.3,0.0,502428.27,513859.98,False,2024-07,27,Saturday,True,516.59,2024-02-15,2024-08-30,696161.78,143,198,0.7222
2024-07-07,AMR-006,Unilever - Rotterdam DC,EMEA,10,UAT,3574.48,3682.29,2358.7,2144.69,84.8,0.0,506002.75,517542.27,False,2024-07,27,Sunday,True,107.81,2024-02-15,2024-08-30,696161.78,144,198,0.7273
2024-07-08,AMR-006,Unilever - Rotterdam DC,EMEA,10,UAT,3527.48,3955.76,2274.27,2116.49,92.4,0.0,509530.23,521498.03,False,2024-07,28,Monday,False,428.28,2024-02-15,2024-08-30,696161.78,145,198,0.7323
2024-07-09,AMR-006,Unilever - Rotterdam DC,EMEA,10,UAT,3770.58,3549.23,2467.83,2262.35,99.2,0.0,513300.81,525047.26,False,2024-07,28,Tuesday,False,-221.35,2024-02-15,2024-08-30,696161.78,146,198,0.7374
2024-07-10,AMR-006,Unilever - Rotterdam DC,EMEA,10,UAT,3688.74,3477.31,2313.0,2213.25,114.7,1.0,516989.55,528524.57,False,2024-07,28,Wednesday,False,-211.43,2024-02-15,2024-08-30,696161.78,147,198,0.7424
2024-07-11,AMR-006,Unilever - Rotterdam DC,EMEA,10,UAT,3438.2,3647.62,2385.41,2062.92,84.5,0.0,520427.75,532172.19,False,2024-07,28,Thursday,False,209.42,2024-02-15,2024-08-30,696161.78,148,198,0.7475
2024-07-12,AMR-006,Unilever - Rotterdam DC,EMEA,10,UAT,3337.79,3625.14,2472.01,2002.68,86.6,0.0,523765.54,535797.33,False,2024-07,28,Friday,False,287.35,2024-02-15,2024-08-30,696161.78,149,198,0.7525
2024-07-13,AMR-006,Unilever - Rotterdam DC,EMEA,10,UAT,3240.58,3600.14,2382.7,1944.35,110.9,0.0,527006.12,539397.47,False,2024-07,28,Saturday,True,359.56,2024-02-15,2024-08-30,696161.78,150,198,0.7576
2024-07-14,AMR-006,Unilever - Rotterdam DC,EMEA,10,UAT,3526.1,4077.74,2318.7,2115.66,101.2,0.0,530532.22,543475.21,False,2024-07,28,Sunday,True,551.64,2024-02-15,2024-08-30,696161.78,151,198,0.7626
2024-07-15,AMR-006,Unilever - Rotterdam DC,EMEA,10,UAT,3215.01,3380.15,1944.45,1929.01,83.8,0.0,533747.23,546855.36,False,2024-07,29,Monday,False,165.14,2024-02-15,2024-08-30,696161.78,152,198,0.7677
2024-07-16,AMR-006,Unilever - Rotterdam DC,EMEA,10,UAT,3675.33,3503.43,2382.3,2205.2,84.9,0.0,537422.56,550358.79,False,2024-07,29,Tuesday,False,-171.9,2024-02-15,2024-08-30,696161.78,153,198,0.7727
2024-07-17,AMR-006,Unilever - Rotterdam DC,EMEA,10,UAT,3386.52,3657.7,2184.52,2031.91,106.6,0.0,540809.08,554016.49,False,2024-07,29,Wednesday,False,271.18,2024-02-15,2024-08-30,696161.78,154,198,0.7778
2024-07-18,AMR-006,Unilever - Rotterdam DC,EMEA,10,UAT,3454.11,3486.5,2213.54,2072.47,110.3,0.0,544263.19,557502.99,False,2024-07,29,Thursday,False,32.39,2024-02-15,2024-08-30,696161.78,155,198,0.7828
2024-07-19,AMR-006,Unilever - Rotterdam DC,EMEA,10,UAT,3378.19,3501.78,2422.3,2026.92,101.1,0.0,547641.38,561004.77,False,2024-07,29,Friday,False,123.59,2024-02-15,2024-08-30,696161.78,156,198,0.7879
2024-07-20,AMR-006,Unilever - Rotterdam DC,EMEA,10,UAT,3650.04,3528.05,2385.29,2190.03,92.3,0.0,551291.42,564532.82,False,2024-07,29,Saturday,True,-121.99,2024-02-15,2024-08-30,696161.78,157,198,0.7929
2024-07-21,AMR-006,Unilever - Rotterdam DC,EMEA,10,UAT,3166.96,3166.71,1969.21,1900.18,114.8,0.0,554458.38,567699.53,False,2024-07,29,Sunday,True,-0.25,2024-02-15,2024-08-30,696161.78,158,198,0.798
2024-07-22,AMR-006,Unilever - Rotterdam DC,EMEA,10,UAT,3429.86,3411.4,2161.87,2057.91,96.5,0.0,557888.24,571110.93,False,2024-07,30,Monday,False,-18.46,2024-02-15,2024-08-30,696161.78,159,198,0.803
2024-07-23,AMR-006,Unilever - Rotterdam DC,EMEA,10,Go-Live,3805.8,3128.43,2043.38,2283.48,116.0,0.0,561694.04,574239.36,False,2024-07,30,Tuesday,False,-677.37,2024-02-15,2024-08-30,696161.78,160,198,0.8081
2024-07-24,AMR-006,Unilever - Rotterdam DC,EMEA,10,Go-Live,3296.08,3581.01,2035.56,1977.65,101.0,0.0,564990.12,577820.37,False,2024-07,30,Wednesday,False,284.93,2024-02-15,2024-08-30,696161.78,161,198,0.8131
2024-07-25,AMR-006,Unilever - Rotterdam DC,EMEA,10,Go-Live,3594.56,3849.88,2295.83,2156.73,106.4,0.0,568584.68,581670.25,False,2024-07,30,Thursday,False,255.32,2024-02-15,2024-08-30,696161.78,162,198,0.8182
2024-07-26,AMR-006,Unilever - Rotterdam DC,EMEA,10,Go-Live,3710.14,3382.52,1974.84,2226.08,99.4,0.0,572294.82,585052.77,False,2024-07,30,Friday,False,-327.62,2024-02-15,2024-08-30,696161.78,163,198,0.8232
2024-07-27,AMR-006,Unilever - Rotterdam DC,EMEA,10,Go-Live,3672.7,3605.93,2031.93,2203.62,94.3,0.0,575967.52,588658.7,False,2024-07,30,Saturday,True,-66.77,2024-02-15,2024-08-30,696161.78,164,198,0.8283
2024-07-28,AMR-006,Unilever - Rotterdam DC,EMEA,10,Go-Live,3662.42,3590.44,2012.8,2197.45,104.7,0.0,579629.94,592249.14,False,2024-07,30,Sunday,True,-71.98,2024-02-15,2024-08-30,696161.78,165,198,0.8333
2024-07-29,AMR-006,Unilever - Rotterdam DC,EMEA,10,Go-Live,3747.55,3668.85,2500.44,2248.53,104.9,0.0,583377.49,595917.99,False,2024-07,31,Monday,False,-78.7,2024-02-15,2024-08-30,696161.78,166,198,0.8384
2024-07-30,AMR-006,Unilever - Rotterdam DC,EMEA,10,Go-Live,3768.78,3568.09,2355.28,2261.27,110.4,0.0,587146.27,599486.08,False,2024-07,31,Tuesday,False,-200.69,2024-02-15,2024-08-30,696161.78,167,198,0.8434
2024-07-31,AMR-006,Unilever - Rotterdam DC,EMEA,10,Go-Live,3363.28,3782.46,2481.12,2017.97,117.9,0.0,590509.55,603268.54,True,2024-07,31,Wednesday,False,419.18,2024-02-15,2024-08-30,696161.78,168,198,0.8485
2024-08-01,AMR-006,Unilever - Rotterdam DC,EMEA,10,Go-Live,3788.2,3542.05,2112.8,2272.92,99.5,0.0,594297.75,606810.59,False,2024-08,31,Thursday,False,-246.15,2024-02-15,2024-08-30,696161.78,169,198,0.8535
2024-08-02,AMR-006,Unilever - Rotterdam DC,EMEA,10,Go-Live,3557.23,3548.91,2132.55,2134.34,113.2,0.0,597854.98,610359.5,False,2024-08,31,Friday,False,-8.32,2024-02-15,2024-08-30,696161.78,170,198,0.8586
2024-08-03,AMR-006,Unilever - Rotterdam DC,EMEA,10,Go-Live,3979.68,3503.27,1935.22,2387.81,110.5,0.0,601834.66,613862.77,False,2024-08,31,Saturday,True,-476.41,2024-02-15,2024-08-30,696161.78,171,198,0.8636
2024-08-04,AMR-006,Unilever - Rotterdam DC,EMEA,10,Go-Live,3538.4,3711.46,2136.44,2123.04,114.8,1.0,605373.06,617574.23,False,2024-08,31,Sunday,True,173.06,2024-02-15,2024-08-30,696161.78,172,198,0.8687
2024-08-05,AMR-006,Unilever - Rotterdam DC,EMEA,10,Go-Live,3418.7,3458.15,2165.28,2051.22,110.0,0.0,608791.76,621032.38,False,2024-08,32,Monday,False,39.45,2024-02-15,2024-08-30,696161.78,173,198,0.8737
2024-08-06,AMR-006,Unilever - Rotterdam DC,EMEA,10,Go-Live,3212.92,3803.02,2397.2,1927.75,115.7,0.0,612004.68,624835.4,False,2024-08,32,Tuesday,False,590.1,2024-02-15,2024-08-30,696161.78,174,198,0.8788
2024-08-07,AMR-006,Unilever - Rotterdam DC,EMEA,10,Go-Live,3211.07,3228.12,2165.75,1926.64,80.2,0.0,615215.75,628063.52,False,2024-08,32,Wednesday,False,17.05,2024-02-15,2024-08-30,696161.78,175,198,0.8838
2024-08-08,AMR-006,Unilever - Rotterdam DC,EMEA,10,Go-Live,3388.93,3100.55,2104.45,2033.36,105.9,0.0,618604.68,631164.07,False,2024-08,32,Thursday,False,-288.38,2024-02-15,2024-08-30,696161.78,176,198,0.8889
2024-08-09,AMR-006,Unilever - Rotterdam DC,EMEA,10,Go-Live,3429.38,3474.73,2006.28,2057.63,102.7,0.0,622034.06,634638.8,False,2024-08,32,Friday,False,45.35,2024-02-15,2024-08-30,696161.78,177,198,0.8939
2024-08-10,AMR-006,Unilever - Rotterdam DC,EMEA,10,Go-Live,3620.68,3540.73,2279.86,2172.41,83.9,0.0,625654.74,638179.53,False,2024-08,32,Saturday,True,-79.95,2024-02-15,2024-08-30,696161.78,178,198,0.899
2024-08-11,AMR-006,Unilever - Rotterdam DC,EMEA,10,Go-Live,3931.82,4095.73,2345.76,2359.09,90.9,0.0,629586.56,642275.26,False,2024-08,32,Sunday,True,163.91,2024-02-15,2024-08-30,696161.78,179,198,0.904
2024-08-12,AMR-006,Unilever - Rotterdam DC,EMEA,10,Monitoring,3380.39,3631.22,2080.39,2028.23,101.6,0.0,632966.95,645906.48,False,2024-08,33,Monday,False,250.83,2024-02-15,2024-08-30,696161.78,180,198,0.9091
2024-08-13,AMR-006,Unilever - Rotterdam DC,EMEA,10,Monitoring,3432.15,3775.65,2123.09,2059.29,115.8,0.0,636399.1,649682.13,False,2024-08,33,Tuesday,False,343.5,2024-02-15,2024-08-30,696161.78,181,198,0.9141
2024-08-14,AMR-006,Unilever - Rotterdam DC,EMEA,10,Monitoring,3210.81,3613.86,2262.58,1926.48,102.2,0.0,639609.91,653295.99,False,2024-08,33,Wednesday,False,403.05,2024-02-15,2024-08-30,696161.78,182,198,0.9192
2024-08-15,AMR-006,Unilever - Rotterdam DC,EMEA,10,Monitoring,3542.9,3582.95,2468.04,2125.74,114.3,1.0,643152.81,656878.94,False,2024-08,33,Thursday,False,40.05,2024-02-15,2024-08-30,696161.78,183,198,0.9242
2024-08-16,AMR-006,Unilever - Rotterdam DC,EMEA,10,Monitoring,3590.9,3392.34,2202.31,2154.54,109.3,0.0,646743.71,660271.28,False,2024-08,33,Friday,False,-198.56,2024-02-15,2024-08-30,696161.78,184,198,0.9293
2024-08-17,AMR-006,Unilever - Rotterdam DC,EMEA,10,Monitoring,3819.03,3782.63,2242.46,2291.42,95.7,0.0,650562.74,664053.91,False,2024-08,33,Saturday,True,-36.4,2024-02-15,2024-08-30,696161.78,185,198,0.9343
2024-08-18,AMR-006,Unilever - Rotterdam DC,EMEA,10,Monitoring,3627.28,3506.42,2100.8,2176.37,106.3,0.0,654190.02,667560.33,False,2024-08,33,Sunday,True,-120.86,2024-02-15,2024-08-30,696161.78,186,198,0.9394
2024-08-19,AMR-006,Unilever - Rotterdam DC,EMEA,10,Monitoring,3412.5,3933.65,2504.43,2047.5,81.9,0.0,657602.52,671493.98,False,2024-08,34,Monday,False,521.15,2024-02-15,2024-08-30,696161.78,187,198,0.9444
2024-08-20,AMR-006,Unilever - Rotterdam DC,EMEA,10,Monitoring,3548.0,3185.81,1897.34,2128.8,93.5,0.0,661150.52,674679.79,False,2024-08,34,Tuesday,False,-362.19,2024-02-15,2024-08-30,696161.78,188,198,0.9495
2024-08-21,AMR-006,Unilever - Rotterdam DC,EMEA,10,Monitoring,3717.41,3376.58,2050.75,2230.45,97.5,0.0,664867.93,678056.37,False,2024-08,34,Wednesday,False,-340.83,2024-02-15,2024-08-30,696161.78,189,198,0.9545
2024-08-22,AMR-006,Unilever - Rotterdam DC,EMEA,10,Monitoring,3324.21,3723.27,2226.71,1994.53,98.7,0.0,668192.14,681779.64,False,2024-08,34,Thursday,False,399.06,2024-02-15,2024-08-30,696161.78,190,198,0.9596
2024-08-23,AMR-006,Unilever - Rotterdam DC,EMEA,10,Monitoring,3526.46,3784.56,2158.38,2115.87,99.3,0.0,671718.6,685564.2,False,2024-08,34,Friday,False,258.1,2024-02-15,2024-08-30,696161.78,191,198,0.9646
2024-08-24,AMR-006,Unilever - Rotterdam DC,EMEA,10,Monitoring,3559.95,3506.9,1945.61,2135.97,84.0,0.0,675278.55,689071.1,False,2024-08,34,Saturday,True,-53.05,2024-02-15,2024-08-30,696161.78,192,198,0.9697
2024-08-25,AMR-006,Unilever - Rotterdam DC,EMEA,10,Monitoring,3366.26,3486.91,2164.9,2019.76,109.6,0.0,678644.81,692558.01,False,2024-08,34,Sunday,True,120.65,2024-02-15,2024-08-30,696161.78,193,198,0.9747
2024-08-26,AMR-006,Unilever - Rotterdam DC,EMEA,10,Monitoring,3602.16,3211.7,1998.17,2161.3,104.1,0.0,682246.97,695769.71,False,2024-08,35,Monday,False,-390.46,2024-02-15,2024-08-30,696161.78,194,198,0.9798
2024-08-27,AMR-006,Unilever - Rotterdam DC,EMEA,10,Monitoring,3551.42,4322.05,2635.52,2130.85,102.9,0.0,685798.39,700091.76,True,2024-08,35,Tuesday,False,770.63,2024-02-15,2024-08-30,696161.78,195,198,0.9848
2024-08-28,AMR-006,Unilever - Rotterdam DC,EMEA,10,Monitoring,3494.08,3927.14,2386.21,2096.45,88.3,0.0,689292.47,704018.9,False,2024-08,35,Wednesday,False,433.06,2024-02-15,2024-08-30,696161.78,196,198,0.9899
2024-08-29,AMR-006,Unilever - Rotterdam DC,EMEA,10,Monitoring,3494.94,4024.51,2734.01,2096.96,99.4,0.0,692787.41,708043.41,False,2024-08,35,Thursday,False,529.57,2024-02-15,2024-08-30,696161.78,197,198,0.9949
2024-08-30,AMR-006,Unilever - Rotterdam DC,EMEA,10,Monitoring,3374.37,3185.61,2073.15,2024.62,96.7,0.0,696161.78,711229.02,False,2024-08,35,Friday,False,-188.76,2024-02-15,2024-08-30,696161.78,198,198,1.0
2024-05-01,AMR-007,Foxconn - Shenzhen Assembly,APAC,25,Planning,5773.82,6482.04,4406.69,3464.29,214.3,0.0,5773.82,6482.04,False,2024-05,18,Wednesday,False,708.22,2024-05-01,2024-12-30,1412459.52,1,244,0.0041
2024-05-02,AMR-007,Foxconn - Shenzhen Assembly,APAC,25,Planning,5783.14,5278.48,3059.83,3469.89,232.4,0.0,11556.96,11760.52,False,2024-05,18,Thursday,False,-504.66,2024-05-01,2024-12-30,1412459.52,2,244,0.0082
2024-05-03,AMR-007,Foxconn - Shenzhen Assembly,APAC,25,Planning,5787.04,6389.19,3938.92,3472.22,262.1,0.0,17344.0,18149.71,False,2024-05,18,Friday,False,602.15,2024-05-01,2024-12-30,1412459.52,3,244,0.0123
2024-05-04,AMR-007,Foxconn - Shenzhen Assembly,APAC,25,Planning,5716.53,5713.37,3627.41,3429.92,299.3,0.0,23060.53,23863.08,False,2024-05,18,Saturday,True,-3.16,2024-05-01,2024-12-30,1412459.52,4,244,0.0164
2024-05-05,AMR-007,Foxconn - Shenzhen Assembly,APAC,25,Planning,5995.22,6733.62,4138.06,3597.13,295.2,0.0,29055.75,30596.7,False,2024-05,18,Sunday,True,738.4,2024-05-01,2024-12-30,1412459.52,5,244,0.0205
2024-05-06,AMR-007,Foxconn - Shenzhen Assembly,APAC,25,Planning,5306.81,5801.02,3260.64,3184.09,238.9,0.0,34362.56,36397.72,False,2024-05,19,Monday,False,494.21,2024-05-01,2024-12-30,1412459.52,6,244,0.0246
2024-05-07,AMR-007,Foxconn - Shenzhen Assembly,APAC,25,Planning,5658.77,6295.61,4351.7,3395.26,231.1,0.0,40021.33,42693.33,False,2024-05,19,Tuesday,False,636.84,2024-05-01,2024-12-30,1412459.52,7,244,0.0287
2024-05-08,AMR-007,Foxconn - Shenzhen Assembly,APAC,25,Planning,5831.01,5989.47,3608.24,3498.61,219.8,0.0,45852.34,48682.8,False,2024-05,19,Wednesday,False,158.46,2024-05-01,2024-12-30,1412459.52,8,244,0.0328
2024-05-09,AMR-007,Foxconn - Shenzhen Assembly,APAC,25,Planning,6256.37,6090.28,3959.7,3753.82,235.2,0.0,52108.71,54773.08,False,2024-05,19,Thursday,False,-166.09,2024-05-01,2024-12-30,1412459.52,9,244,0.0369
2024-05-10,AMR-007,Foxconn - Shenzhen Assembly,APAC,25,Planning,5860.44,6545.74,4493.15,3516.26,252.4,0.0,57969.15,61318.82,False,2024-05,19,Friday,False,685.3,2024-05-01,2024-12-30,1412459.52,10,244,0.041
2024-05-11,AMR-007,Foxconn - Shenzhen Assembly,APAC,25,Planning,5583.08,5657.6,3276.74,3349.85,283.6,0.0,63552.23,66976.42,False,2024-05,19,Saturday,True,74.52,2024-05-01,2024-12-30,1412459.52,11,244,0.0451
2024-05-12,AMR-007,Foxconn - Shenzhen Assembly,APAC,25,Planning,5761.56,5816.57,3913.86,3456.94,276.8,1.0,69313.79,72792.99,False,2024-05,19,Sunday,True,55.01,2024-05-01,2024-12-30,1412459.52,12,244,0.0492
2024-05-13,AMR-007,Foxconn - Shenzhen Assembly,APAC,25,Planning,5257.47,5600.07,3919.98,3154.48,282.1,0.0,74571.26,78393.06,False,2024-05,20,Monday,False,342.6,2024-05-01,2024-12-30,1412459.52,13,244,0.0533
2024-05-14,AMR-007,Foxconn - Shenzhen Assembly,APAC,25,Planning,5679.89,5891.57,3976.83,3407.93,230.0,0.0,80251.15,84284.63,False,2024-05,20,Tuesday,False,211.68,2024-05-01,2024-12-30,1412459.52,14,244,0.0574
2024-05-15,AMR-007,Foxconn - Shenzhen Assembly,APAC,25,Planning,5321.85,6450.54,4284.06,3193.11,294.0,0.0,85573.0,90735.17,False,2024-05,20,Wednesday,False,1128.69,2024-05-01,2024-12-30,1412459.52,15,244,0.0615
2024-05-16,AMR-007,Foxconn - Shenzhen Assembly,APAC,25,Planning,5645.18,7036.49,4441.24,3387.11,270.5,0.0,91218.18,97771.66,False,2024-05,20,Thursday,False,1391.31,2024-05-01,2024-12-30,1412459.52,16,244,0.0656
2024-05-17,AMR-007,Foxconn - Shenzhen Assembly,APAC,25,Planning,5619.31,5789.65,3887.37,3371.59,274.9,0.0,96837.49,103561.31,False,2024-05,20,Friday,False,170.34,2024-05-01,2024-12-30,1412459.52,17,244,0.0697
2024-05-18,AMR-007,Foxconn - Shenzhen Assembly,APAC,25,Planning,5900.39,6099.0,4048.11,3540.24,201.1,0.0,102737.88,109660.31,False,2024-05,20,Saturday,True,198.61,2024-05-01,2024-12-30,1412459.52,18,244,0.0738
2024-05-19,AMR-007,Foxconn - Shenzhen Assembly,APAC,25,Planning,5499.28,5741.07,3425.55,3299.57,232.7,0.0,108237.16,115401.38,False,2024-05,20,Sunday,True,241.79,2024-05-01,2024-12-30,1412459.52,19,244,0.0779
2024-05-20,AMR-007,Foxconn - Shenzhen Assembly,APAC,25,Planning,5922.79,5014.3,2864.65,3553.67,246.6,0.0,114159.95,120415.68,False,2024-05,21,Monday,False,-908.49,2024-05-01,2024-12-30,1412459.52,20,244,0.082
2024-05-21,AMR-007,Foxconn - Shenzhen Assembly,APAC,25,Planning,5842.35,6904.87,3835.99,3505.41,293.7,0.0,120002.3,127320.55,False,2024-05,21,Tuesday,False,1062.52,2024-05-01,2024-12-30,1412459.52,21,244,0.0861
2024-05-22,AMR-007,Foxconn - Shenzhen Assembly,APAC,25,Planning,6271.63,5959.08,3304.6,3762.98,292.6,0.0,126273.93,133279.63,False,2024-05,21,Wednesday,False,-312.55,2024-05-01,2024-12-30,1412459.52,22,244,0.0902
2024-05-23,AMR-007,Foxconn - Shenzhen Assembly,APAC,25,Planning,6026.62,5481.75,3399.91,3615.97,248.0,0.0,132300.55,138761.38,False,2024-05,21,Thursday,False,-544.87,2024-05-01,2024-12-30,1412459.52,23,244,0.0943
2024-05-24,AMR-007,Foxconn - Shenzhen Assembly,APAC,25,Planning,5555.58,5907.77,3881.2,3333.35,233.3,0.0,137856.13,144669.15,False,2024-05,21,Friday,False,352.19,2024-05-01,2024-12-30,1412459.52,24,244,0.0984
2024-05-25,AMR-007,Foxconn - Shenzhen Assembly,APAC,25,Planning,5532.72,5951.47,3890.24,3319.63,235.0,0.0,143388.85,150620.62,False,2024-05,21,Saturday,True,418.75,2024-05-01,2024-12-30,1412459.52,25,244,0.1025
2024-05-26,AMR-007,Foxconn - Shenzhen Assembly,APAC,25,Hardware Procurement,5525.97,6076.72,3665.57,3315.58,247.1,0.0,148914.82,156697.34,False,2024-05,21,Sunday,True,550.75,2024-05-01,2024-12-30,1412459.52,26,244,0.1066
2024-05-27,AMR-007,Foxconn - Shenzhen Assembly,APAC,25,Hardware Procurement,6051.36,5825.29,3686.75,3630.82,249.0,0.0,154966.18,162522.63,False,2024-05,22,Monday,False,-226.07,2024-05-01,2024-12-30,1412459.52,27,244,0.1107
2024-05-28,AMR-007,Foxconn - Shenzhen Assembly,APAC,25,Hardware Procurement,5706.84,6088.71,3974.99,3424.11,228.5,0.0,160673.02,168611.34,False,2024-05,22,Tuesday,False,381.87,2024-05-01,2024-12-30,1412459.52,28,244,0.1148
2024-05-29,AMR-007,Foxconn - Shenzhen Assembly,APAC,25,Hardware Procurement,5539.45,5844.72,3917.59,3323.67,200.9,0.0,166212.47,174456.06,False,2024-05,22,Wednesday,False,305.27,2024-05-01,2024-12-30,1412459.52,29,244,0.1189
2024-05-30,AMR-007,Foxconn - Shenzhen Assembly,APAC,25,Hardware Procurement,5932.1,6005.37,3913.1,3559.26,207.6,0.0,172144.57,180461.43,False,2024-05,22,Thursday,False,73.27,2024-05-01,2024-12-30,1412459.52,30,244,0.123
2024-05-31,AMR-007,Foxconn - Shenzhen Assembly,APAC,25,Hardware Procurement,6096.13,5977.92,3516.23,3657.68,206.4,0.0,178240.7,186439.35,False,2024-05,22,Friday,False,-118.21,2024-05-01,2024-12-30,1412459.52,31,244,0.127
2024-06-01,AMR-007,Foxconn - Shenzhen Assembly,APAC,25,Hardware Procurement,5828.21,5976.76,3964.29,3496.93,230.7,0.0,184068.91,192416.11,False,2024-06,22,Saturday,True,148.55,2024-05-01,2024-12-30,1412459.52,32,244,0.1311
2024-06-02,AMR-007,Foxconn - Shenzhen Assembly,APAC,25,Hardware Procurement,5866.29,6197.56,4174.9,3519.77,248.5,0.0,189935.2,198613.67,False,2024-06,22,Sunday,True,331.27,2024-05-01,2024-12-30,1412459.52,33,244,0.1352
2024-06-03,AMR-007,Foxconn - Shenzhen Assembly,APAC,25,Hardware Procurement,5846.7,6345.7,4134.39,3508.02,243.6,0.0,195781.9,204959.37,False,2024-06,23,Monday,False,499.0,2024-05-01,2024-12-30,1412459.52,34,244,0.1393
2024-06-04,AMR-007,Foxconn - Shenzhen Assembly,APAC,25,Hardware Procurement,6024.96,5474.98,3655.95,3614.97,259.6,0.0,201806.86,210434.35,False,2024-06,23,Tuesday,False,-549.98,2024-05-01,2024-12-30,1412459.52,35,244,0.1434
2024-06-05,AMR-007,Foxconn - Shenzhen Assembly,APAC,25,Hardware Procurement,5876.91,5076.24,2873.05,3526.14,228.4,0.0,207683.77,215510.59,False,2024-06,23,Wednesday,False,-800.67,2024-05-01,2024-12-30,1412459.52,36,244,0.1475
2024-06-06,AMR-007,Foxconn - Shenzhen Assembly,APAC,25,Hardware Procurement,5248.73,7315.61,4806.09,3149.24,232.7,3.0,212932.5,222826.2,True,2024-06,23,Thursday,False,2066.88,2024-05-01,2024-12-30,1412459.52,37,244,0.1516
2024-06-07,AMR-007,Foxconn - Shenzhen Assembly,APAC,25,Hardware Procurement,6038.02,6284.97,4386.8,3622.81,218.3,0.0,218970.52,229111.17,False,2024-06,23,Friday,False,246.95,2024-05-01,2024-12-30,1412459.52,38,244,0.1557
2024-06-08,AMR-007,Foxconn - Shenzhen Assembly,APAC,25,Hardware Procurement,5423.48,5880.24,3820.87,3254.09,291.1,0.0,224394.0,234991.41,False,2024-06,23,Saturday,True,456.76,2024-05-01,2024-12-30,1412459.52,39,244,0.1598
2024-06-09,AMR-007,Foxconn - Shenzhen Assembly,APAC,25,Hardware Procurement,5786.18,6176.48,3879.93,3471.71,240.1,0.0,230180.18,241167.89,False,2024-06,23,Sunday,True,390.3,2024-05-01,2024-12-30,1412459.52,40,244,0.1639
2024-06-10,AMR-007,Foxconn - Shenzhen Assembly,APAC,25,Hardware Procurement,5804.16,5655.49,3267.77,3482.5,279.1,0.0,235984.34,246823.38,False,2024-06,24,Monday,False,-148.67,2024-05-01,2024-12-30,1412459.52,41,244,0.168
2024-06-11,AMR-007,Foxconn - Shenzhen Assembly,APAC,25,Hardware Procurement,5985.59,5648.7,3266.97,3591.35,266.0,0.0,241969.93,252472.08,False,2024-06,24,Tuesday,False,-336.89,2024-05-01,2024-12-30,1412459.52,42,244,0.1721
2024-06-12,AMR-007,Foxconn - Shenzhen Assembly,APAC,25,Hardware Procurement,5425.55,5635.64,3905.36,3255.33,242.4,0.0,247395.48,258107.72,False,2024-06,24,Wednesday,False,210.09,2024-05-01,2024-12-30,1412459.52,43,244,0.1762
2024-06-13,AMR-007,Foxconn - Shenzhen Assembly,APAC,25,Hardware Procurement,5961.87,5265.1,3501.14,3577.12,283.1,0.0,253357.35,263372.82,False,2024-06,24,Thursday,False,-696.77,2024-05-01,2024-12-30,1412459.52,44,244,0.1803
2024-06-14,AMR-007,Foxconn - Shenzhen Assembly,APAC,25,Hardware Procurement,5611.45,6185.81,4173.08,3366.87,293.9,0.0,258968.8,269558.63,False,2024-06,24,Friday,False,574.36,2024-05-01,2024-12-30,1412459.52,45,244,0.1844
2024-06-15,AMR-007,Foxconn - Shenzhen Assembly,APAC,25,Hardware Procurement,6202.93,5353.94,3688.25,3721.76,227.8,0.0,265171.73,274912.57,False,2024-06,24,Saturday,True,-848.99,2024-05-01,2024-12-30,1412459.52,46,244,0.1885
2024-06-16,AMR-007,Foxconn - Shenzhen Assembly,APAC,25,Hardware Procurement,6223.25,5656.64,3512.39,3733.95,223.4,0.0,271394.98,280569.21,False,2024-06,24,Sunday,True,-566.61,2024-05-01,2024-12-30,1412459.52,47,244,0.1926
2024-06-17,AMR-007,Foxconn - Shenzhen Assembly,APAC,25,Hardware Procurement,5717.72,6102.74,4243.62,3430.63,296.1,0.0,277112.7,286671.95,False,2024-06,25,Monday,False,385.02,2024-05-01,2024-12-30,1412459.52,48,244,0.1967
2024-06-18,AMR-007,Foxconn - Shenzhen Assembly,APAC,25,Hardware Procurement,5739.62,5144.16,2861.81,3443.77,272.9,0.0,282852.32,291816.11,False,2024-06,25,Tuesday,False,-595.46,2024-05-01,2024-12-30,1412459.52,49,244,0.2008
2024-06-19,AMR-007,Foxconn - Shenzhen Assembly,APAC,25,Hardware Procurement,5435.64,6078.79,4209.02,3261.38,200.0,0.0,288287.96,297894.9,False,2024-06,25,Wednesday,False,643.15,2024-05-01,2024-12-30,1412459.52,50,244,0.2049
2024-06-20,AMR-007,Foxconn - Shenzhen Assembly,APAC,25,Hardware Procurement,5304.14,5573.92,3279.71,3182.49,217.2,0.0,293592.1,303468.82,False,2024-06,25,Thursday,False,269.78,2024-05-01,2024-12-30,1412459.52,51,244,0.209
2024-06-21,AMR-007,Foxconn - Shenzhen Assembly,APAC,25,Hardware Procurement,5813.88,6018.12,3780.15,3488.33,218.7,0.0,299405.98,309486.94,False,2024-06,25,Friday,False,204.24,2024-05-01,2024-12-30,1412459.52,52,244,0.2131
2024-06-22,AMR-007,Foxconn - Shenzhen Assembly,APAC,25,Hardware Procurement,5554.04,6186.55,4165.38,3332.42,265.4,0.0,304960.02,315673.49,False,2024-06,25,Saturday,True,632.51,2024-05-01,2024-12-30,1412459.52,53,244,0.2172
2024-06-23,AMR-007,Foxconn - Shenzhen Assembly,APAC,25,Hardware Procurement,5691.16,6283.22,4042.91,3414.7,203.5,0.0,310651.18,321956.71,False,2024-06,25,Sunday,True,592.06,2024-05-01,2024-12-30,1412459.52,54,244,0.2213
2024-06-24,AMR-007,Foxconn - Shenzhen Assembly,APAC,25,Hardware Procurement,5849.43,6277.98,3812.94,3509.66,242.4,0.0,316500.61,328234.69,False,2024-06,26,Monday,False,428.55,2024-05-01,2024-12-30,1412459.52,55,244,0.2254
2024-06-25,AMR-007,Foxconn - Shenzhen Assembly,APAC,25,Hardware Procurement,5685.99,5405.83,3631.58,3411.59,225.6,0.0,322186.6,333640.52,False,2024-06,26,Tuesday,False,-280.16,2024-05-01,2024-12-30,1412459.52,56,244,0.2295
2024-06-26,AMR-007,Foxconn - Shenzhen Assembly,APAC,25,Hardware Procurement,5863.17,5474.33,3593.92,3517.9,277.5,0.0,328049.77,339114.85,False,2024-06,26,Wednesday,False,-388.84,2024-05-01,2024-12-30,1412459.52,57,244,0.2336
2024-06-27,AMR-007,Foxconn - Shenzhen Assembly,APAC,25,Hardware Procurement,5564.62,6332.31,4219.53,3338.77,269.2,0.0,333614.39,345447.16,False,2024-06,26,Thursday,False,767.69,2024-05-01,2024-12-30,1412459.52,58,244,0.2377
2024-06-28,AMR-007,Foxconn - Shenzhen Assembly,APAC,25,Hardware Procurement,5576.39,6086.76,3522.5,3345.83,245.7,0.0,339190.78,351533.92,False,2024-06,26,Friday,False,510.37,2024-05-01,2024-12-30,1412459.52,59,244,0.2418
2024-06-29,AMR-007,Foxconn - Shenzhen Assembly,APAC,25,Hardware Procurement,5958.36,7268.202020393298,4718.62,3575.02,250.3,5.0,345149.14,358802.12,True,2024-06,26,Saturday,True,1309.84,2024-05-01,2024-12-30,1412459.52,60,244,0.2459
2024-06-30,AMR-007,Foxconn - Shenzhen Assembly,APAC,25,Hardware Procurement,5245.56,6241.13,4355.19,3147.33,267.3,0.0,350394.7,365043.25,False,2024-06,26,Sunday,True,995.57,2024-05-01,2024-12-30,1412459.52,61,244,0.25
2024-07-01,AMR-007,Foxconn - Shenzhen Assembly,APAC,25,Staging & Config,6016.9,6054.21,3834.98,3610.14,202.6,0.0,356411.6,371097.46,False,2024-07,27,Monday,False,37.31,2024-05-01,2024-12-30,1412459.52,62,244,0.2541
2024-07-02,AMR-007,Foxconn - Shenzhen Assembly,APAC,25,Staging & Config,6031.43,5961.13,3886.37,3618.86,283.9,0.0,362443.03,377058.59,False,2024-07,27,Tuesday,False,-70.3,2024-05-01,2024-12-30,1412459.52,63,244,0.2582
2024-07-03,AMR-007,Foxconn - Shenzhen Assembly,APAC,25,Staging & Config,6026.75,5936.78,3590.75,3616.05,289.0,0.0,368469.78,382995.37,False,2024-07,27,Wednesday,False,-89.97,2024-05-01,2024-12-30,1412459.52,64,244,0.2623
2024-07-04,AMR-007,Foxconn - Shenzhen Assembly,APAC,25,Staging & Config,5285.09,5265.43,3524.17,3171.05,200.3,0.0,373754.87,388260.8,True,2024-07,27,Thursday,False,-19.66,2024-05-01,2024-12-30,1412459.52,65,244,0.2664
2024-07-05,AMR-007,Foxconn - Shenzhen Assembly,APAC,25,Staging & Config,6125.33,5605.32,3130.44,3675.2,290.9,0.0,379880.2,393866.12,False,2024-07,27,Friday,False,-520.01,2024-05-01,2024-12-30,1412459.52,66,244,0.2705
2024-07-06,AMR-007,Foxconn - Shenzhen Assembly,APAC,25,Staging & Config,6114.55,5322.75,3252.85,3668.73,246.4,0.0,385994.75,399188.87,False,2024-07,27,Saturday,True,-791.8,2024-05-01,2024-12-30,1412459.52,67,244,0.2746
2024-07-07,AMR-007,Foxconn - Shenzhen Assembly,APAC,25,Staging & Config,6082.95,5959.66,3868.48,3649.77,252.8,0.0,392077.7,405148.53,False,2024-07,27,Sunday,True,-123.29,2024-05-01,2024-12-30,1412459.52,68,244,0.2787
2024-07-08,AMR-007,Foxconn - Shenzhen Assembly,APAC,25,Staging & Config,5498.1,6167.52,3936.66,3298.86,249.0,0.0,397575.8,411316.05,False,2024-07,28,Monday,False,669.42,2024-05-01,2024-12-30,1412459.52,69,244,0.2828
2024-07-09,AMR-007,Foxconn - Shenzhen Assembly,APAC,25,Staging & Config,5797.95,6099.32,3830.58,3478.77,274.3,0.0,403373.75,417415.37,False,2024-07,28,Tuesday,False,301.37,2024-05-01,2024-12-30,1412459.52,70,244,0.2869
2024-07-10,AMR-007,Foxconn - Shenzhen Assembly,APAC,25,Staging & Config,5694.0,5969.92,3838.81,3416.4,221.7,0.0,409067.75,423385.29,False,2024-07,28,Wednesday,False,275.92,2024-05-01,2024-12-30,1412459.52,71,244,0.291
2024-07-11,AMR-007,Foxconn - Shenzhen Assembly,APAC,25,Staging & Config,6005.25,6650.7,3826.83,3603.15,246.4,0.0,415073.0,430035.99,False,2024-07,28,Thursday,False,645.45,2024-05-01,2024-12-30,1412459.52,72,244,0.2951
2024-07-12,AMR-007,Foxconn - Shenzhen Assembly,APAC,25,Staging & Config,6154.5,6470.93,4483.36,3692.7,290.2,0.0,421227.5,436506.92,False,2024-07,28,Friday,False,316.43,2024-05-01,2024-12-30,1412459.52,73,244,0.2992
2024-07-13,AMR-007,Foxconn - Shenzhen Assembly,APAC,25,Staging & Config,6237.11,5718.9,3349.57,3742.27,203.6,0.0,427464.61,442225.82,False,2024-07,28,Saturday,True,-518.21,2024-05-01,2024-12-30,1412459.52,74,244,0.3033
2024-07-14,AMR-007,Foxconn - Shenzhen Assembly,APAC,25,Staging & Config,5447.37,5742.3,3917.06,3268.42,231.8,0.0,432911.98,447968.12,False,2024-07,28,Sunday,True,294.93,2024-05-01,2024-12-30,1412459.52,75,244,0.3074
2024-07-15,AMR-007,Foxconn - Shenzhen Assembly,APAC,25,Staging & Config,5835.4,5555.72,3887.56,3501.24,201.0,0.0,438747.38,453523.84,False,2024-07,29,Monday,False,-279.68,2024-05-01,2024-12-30,1412459.52,76,244,0.3115
2024-07-16,AMR-007,Foxconn - Shenzhen Assembly,APAC,25,Staging & Config,5935.42,5573.83,3516.26,3561.25,286.6,0.0,444682.8,459097.67,False,2024-07,29,Tuesday,False,-361.59,2024-05-01,2024-12-30,1412459.52,77,244,0.3156
2024-07-17,AMR-007,Foxconn - Shenzhen Assembly,APAC,25,Staging & Config,6152.4,6627.55,4075.9,3691.44,262.1,0.0,450835.2,465725.22,False,2024-07,29,Wednesday,False,475.15,2024-05-01,2024-12-30,1412459.52,78,244,0.3197
2024-07-18,AMR-007,Foxconn - Shenzhen Assembly,APAC,25,Staging & Config,5977.08,6146.15,3555.53,3586.25,214.4,0.0,456812.28,471871.37,False,2024-07,29,Thursday,False,169.07,2024-05-01,2024-12-30,1412459.52,79,244,0.3238
2024-07-19,AMR-007,Foxconn - Shenzhen Assembly,APAC,25,Staging & Config,5762.7,6135.28,3509.78,3457.62,208.2,0.0,462574.98,478006.65,False,2024-07,29,Friday,False,372.58,2024-05-01,2024-12-30,1412459.52,80,244,0.3279
2024-07-20,AMR-007,Foxconn - Shenzhen Assembly,APAC,25,Staging & Config,5887.73,5200.18,3069.76,3532.64,224.7,0.0,468462.71,483206.83,False,2024-07,29,Saturday,True,-687.55,2024-05-01,2024-12-30,1412459.52,81,244,0.332
2024-07-21,AMR-007,Foxconn - Shenzhen Assembly,APAC,25,Staging & Config,5588.01,7019.41,4872.06,3352.81,239.8,0.0,474050.72,490226.24,False,2024-07,29,Sunday,True,1431.4,2024-05-01,2024-12-30,1412459.52,82,244,0.3361
2024-07-22,AMR-007,Foxconn - Shenzhen Assembly,APAC,25,Staging & Config,6128.74,6306.39,4352.41,3677.24,299.5,0.0,480179.46,496532.63,False,2024-07,30,Monday,False,177.65,2024-05-01,2024-12-30,1412459.52,83,244,0.3402
2024-07-23,AMR-007,Foxconn - Shenzhen Assembly,APAC,25,Staging & Config,5462.18,5637.14,3621.85,3277.31,209.3,0.0,485641.64,502169.77,False,2024-07,30,Tuesday,False,174.96,2024-05-01,2024-12-30,1412459.52,84,244,0.3443
2024-07-24,AMR-007,Foxconn - Shenzhen Assembly,APAC,25,Staging & Config,5160.41,5264.19,2989.98,3096.25,261.4,0.0,490802.05,507433.96,False,2024-07,30,Wednesday,False,103.78,2024-05-01,2024-12-30,1412459.52,85,244,0.3484
2024-07-25,AMR-007,Foxconn - Shenzhen Assembly,APAC,25,Staging & Config,5504.98,5458.69,3167.8,3302.99,288.1,0.0,496307.03,512892.65,False,2024-07,30,Thursday,False,-46.29,2024-05-01,2024-12-30,1412459.52,86,244,0.3525
2024-07-26,AMR-007,Foxconn - Shenzhen Assembly,APAC,25,Staging & Config,5840.12,6051.13,3995.13,3504.07,267.5,0.0,502147.15,518943.78,False,2024-07,30,Friday,False,211.01,2024-05-01,2024-12-30,1412459.52,87,244,0.3566
2024-07-27,AMR-007,Foxconn - Shenzhen Assembly,APAC,25,Staging & Config,6008.13,5827.25,3264.59,3604.88,293.9,0.0,508155.28,524771.03,False,2024-07,30,Saturday,True,-180.88,2024-05-01,2024-12-30,1412459.52,88,244,0.3607
2024-07-28,AMR-007,Foxconn - Shenzhen Assembly,APAC,25,Staging & Config,5656.77,5909.71,3728.63,3394.06,216.3,0.0,513812.05,530680.74,False,2024-07,30,Sunday,True,252.94,2024-05-01,2024-12-30,1412459.52,89,244,0.3648
2024-07-29,AMR-007,Foxconn - Shenzhen Assembly,APAC,25,Staging & Config,5459.16,5626.07,3573.51,3275.5,237.3,0.0,519271.21,536306.81,False,2024-07,31,Monday,False,166.91,2024-05-01,2024-12-30,1412459.52,90,244,0.3689
2024-07-30,AMR-007,Foxconn - Shenzhen Assembly,APAC,25,Staging & Config,5562.38,5880.61,3704.05,3337.43,232.2,0.0,524833.59,542187.42,False,2024-07,31,Tuesday,False,318.23,2024-05-01,2024-12-30,1412459.52,91,244,0.373
2024-07-31,AMR-007,Foxconn - Shenzhen Assembly,APAC,25,Staging & Config,5670.25,5879.86,3272.38,3402.15,290.5,0.0,530503.84,548067.28,False,2024-07,31,Wednesday,False,209.61,2024-05-01,2024-12-30,1412459.52,92,244,0.377
2024-08-01,AMR-007,Foxconn - Shenzhen Assembly,APAC,25,Staging & Config,5959.48,5926.02,3680.23,3575.69,229.2,0.0,536463.32,553993.3,False,2024-08,31,Thursday,False,-33.46,2024-05-01,2024-12-30,1412459.52,93,244,0.3811
2024-08-02,AMR-007,Foxconn - Shenzhen Assembly,APAC,25,Staging & Config,5260.45,6187.96,3425.31,3156.27,273.8,2.0,541723.77,560181.26,False,2024-08,31,Friday,False,927.51,2024-05-01,2024-12-30,1412459.52,94,244,0.3852
2024-08-03,AMR-007,Foxconn - Shenzhen Assembly,APAC,25,Staging & Config,5819.67,5498.11,3269.14,3491.8,258.7,0.0,547543.44,565679.37,False,2024-08,31,Saturday,True,-321.56,2024-05-01,2024-12-30,1412459.52,95,244,0.3893
2024-08-04,AMR-007,Foxconn - Shenzhen Assembly,APAC,25,Staging & Config,5635.57,4978.27,3311.2,3381.34,256.5,0.0,553179.01,570657.64,False,2024-08,31,Sunday,True,-657.3,2024-05-01,2024-12-30,1412459.52,96,244,0.3934
2024-08-05,AMR-007,Foxconn - Shenzhen Assembly,APAC,25,Staging & Config,5609.93,5793.42,3222.19,3365.96,245.4,0.0,558788.94,576451.06,False,2024-08,32,Monday,False,183.49,2024-05-01,2024-12-30,1412459.52,97,244,0.3975
2024-08-06,AMR-007,Foxconn - Shenzhen Assembly,APAC,25,Staging & Config,5528.18,6051.0,3864.69,3316.91,249.8,0.0,564317.12,582502.06,False,2024-08,32,Tuesday,False,522.82,2024-05-01,2024-12-30,1412459.52,98,244,0.4016
2024-08-07,AMR-007,Foxconn - Shenzhen Assembly,APAC,25,Site Installation,5281.67,6069.65,3527.21,3169.0,222.0,0.0,569598.79,588571.71,False,2024-08,32,Wednesday,False,787.98,2024-05-01,2024-12-30,1412459.52,99,244,0.4057
2024-08-08,AMR-007,Foxconn - Shenzhen Assembly,APAC,25,Site Installation,5705.46,6035.63,3662.29,3423.28,200.4,1.0,575304.25,594607.34,False,2024-08,32,Thursday,False,330.17,2024-05-01,2024-12-30,1412459.52,100,244,0.4098
2024-08-09,AMR-007,Foxconn - Shenzhen Assembly,APAC,25,Site Installation,6007.1,6355.72,3735.41,3604.26,243.5,0.0,581311.35,600963.06,False,2024-08,32,Friday,False,348.62,2024-05-01,2024-12-30,1412459.52,101,244,0.4139
2024-08-10,AMR-007,Foxconn - Shenzhen Assembly,APAC,25,Site Installation,6083.95,6466.21,3849.25,3650.37,268.4,0.0,587395.3,607429.27,False,2024-08,32,Saturday,True,382.26,2024-05-01,2024-12-30,1412459.52,102,244,0.418
2024-08-11,AMR-007,Foxconn - Shenzhen Assembly,APAC,25,Site Installation,5524.6,6238.3,3678.35,3314.76,290.8,0.0,592919.9,613667.57,False,2024-08,32,Sunday,True,713.7,2024-05-01,2024-12-30,1412459.52,103,244,0.4221
2024-08-12,AMR-007,Foxconn - Shenzhen Assembly,APAC,25,Site Installation,5618.74,5573.24,3896.87,3371.24,226.7,0.0,598538.64,619240.81,False,2024-08,33,Monday,False,-45.5,2024-05-01,2024-12-30,1412459.52,104,244,0.4262
2024-08-13,AMR-007,Foxconn - Shenzhen Assembly,APAC,25,Site Installation,5789.16,5961.71,4126.29,3473.49,220.6,0.0,604327.8,625202.52,False,2024-08,33,Tuesday,False,172.55,2024-05-01,2024-12-30,1412459.52,105,244,0.4303
2024-08-14,AMR-007,Foxconn - Shenzhen Assembly,APAC,25,Site Installation,5960.66,6153.83,4106.95,3576.4,262.4,0.0,610288.46,631356.35,False,2024-08,33,Wednesday,False,193.17,2024-05-01,2024-12-30,1412459.52,106,244,0.4344
2024-08-15,AMR-007,Foxconn - Shenzhen Assembly,APAC,25,Site Installation,5941.08,5287.38,3390.24,3564.65,232.6,0.0,616229.54,636643.73,False,2024-08,33,Thursday,False,-653.7,2024-05-01,2024-12-30,1412459.52,107,244,0.4385
2024-08-16,AMR-007,Foxconn - Shenzhen Assembly,APAC,25,Site Installation,5658.23,6446.08,3999.05,3394.94,221.0,0.0,621887.77,643089.81,False,2024-08,33,Friday,False,787.85,2024-05-01,2024-12-30,1412459.52,108,244,0.4426
2024-08-17,AMR-007,Foxconn - Shenzhen Assembly,APAC,25,Site Installation,5370.14,6248.2,4082.57,3222.08,216.9,0.0,627257.91,649338.01,False,2024-08,33,Saturday,True,878.06,2024-05-01,2024-12-30,1412459.52,109,244,0.4467
2024-08-18,AMR-007,Foxconn - Shenzhen Assembly,APAC,25,Site Installation,5294.56,5365.58,3269.97,3176.74,204.7,0.0,632552.47,654703.59,False,2024-08,33,Sunday,True,71.02,2024-05-01,2024-12-30,1412459.52,110,244,0.4508
2024-08-19,AMR-007,Foxconn - Shenzhen Assembly,APAC,25,Site Installation,5886.8,5616.63,3633.04,3532.08,283.3,0.0,638439.27,660320.22,False,2024-08,34,Monday,False,-270.17,2024-05-01,2024-12-30,1412459.52,111,244,0.4549
2024-08-20,AMR-007,Foxconn - Shenzhen Assembly,APAC,25,Site Installation,5723.28,7303.26,4318.55,3433.97,234.0,0.0,644162.55,667623.48,True,2024-08,34,Tuesday,False,1579.98,2024-05-01,2024-12-30,1412459.52,112,244,0.459
2024-08-21,AMR-007,Foxconn - Shenzhen Assembly,APAC,25,Site Installation,5746.81,5350.8,3690.29,3448.08,219.9,1.0,649909.36,672974.28,False,2024-08,34,Wednesday,False,-396.01,2024-05-01,2024-12-30,1412459.52,113,244,0.4631
2024-08-22,AMR-007,Foxconn - Shenzhen Assembly,APAC,25,Site Installation,5982.53,5982.5,3571.83,3589.52,235.0,0.0,655891.89,678956.78,False,2024-08,34,Thursday,False,-0.03,2024-05-01,2024-12-30,1412459.52,114,244,0.4672
2024-08-23,AMR-007,Foxconn - Shenzhen Assembly,APAC,25,Site Installation,6028.44,7268.202020393298,4794.71,3617.06,290.2,0.0,661920.33,686224.98,True,2024-08,34,Friday,False,1239.76,2024-05-01,2024-12-30,1412459.52,115,244,0.4713
2024-08-24,AMR-007,Foxconn - Shenzhen Assembly,APAC,25,Site Installation,5722.02,6234.79,4025.52,3433.21,266.6,0.0,667642.35,692459.77,False,2024-08,34,Saturday,True,512.77,2024-05-01,2024-12-30,1412459.52,116,244,0.4754
2024-08-25,AMR-007,Foxconn - Shenzhen Assembly,APAC,25,Site Installation,5574.99,6190.27,4271.38,3345.0,260.8,1.0,673217.34,698650.04,False,2024-08,34,Sunday,True,615.28,2024-05-01,2024-12-30,1412459.52,117,244,0.4795
2024-08-26,AMR-007,Foxconn - Shenzhen Assembly,APAC,25,Site Installation,5797.15,5675.65,3876.4,3478.29,273.1,0.0,679014.49,704325.69,False,2024-08,35,Monday,False,-121.5,2024-05-01,2024-12-30,1412459.52,118,244,0.4836
2024-08-27,AMR-007,Foxconn - Shenzhen Assembly,APAC,25,Site Installation,5239.59,6674.58,4395.35,3143.75,236.9,0.0,684254.08,711000.27,False,2024-08,35,Tuesday,False,1434.99,2024-05-01,2024-12-30,1412459.52,119,244,0.4877
2024-08-28,AMR-007,Foxconn - Shenzhen Assembly,APAC,25,Site Installation,5567.73,6091.4,4223.91,3340.64,296.2,0.0,689821.81,717091.67,False,2024-08,35,Wednesday,False,523.67,2024-05-01,2024-12-30,1412459.52,120,244,0.4918
2024-08-29,AMR-007,Foxconn - Shenzhen Assembly,APAC,25,Site Installation,5848.78,6568.5,4486.18,3509.27,282.2,0.0,695670.59,723660.17,False,2024-08,35,Thursday,False,719.72,2024-05-01,2024-12-30,1412459.52,121,244,0.4959
2024-08-30,AMR-007,Foxconn - Shenzhen Assembly,APAC,25,Site Installation,5886.12,6149.73,4179.99,3531.67,269.4,0.0,701556.71,729809.9,False,2024-08,35,Friday,False,263.61,2024-05-01,2024-12-30,1412459.52,122,244,0.5
2024-08-31,AMR-007,Foxconn - Shenzhen Assembly,APAC,25,Site Installation,5731.74,5993.82,3336.66,3439.05,281.3,0.0,707288.45,735803.72,False,2024-08,35,Saturday,True,262.08,2024-05-01,2024-12-30,1412459.52,123,244,0.5041
2024-09-01,AMR-007,Foxconn - Shenzhen Assembly,APAC,25,Site Installation,5647.57,5635.61,3703.48,3388.54,286.4,0.0,712936.02,741439.33,False,2024-09,35,Sunday,True,-11.96,2024-05-01,2024-12-30,1412459.52,124,244,0.5082
2024-09-02,AMR-007,Foxconn - Shenzhen Assembly,APAC,25,Site Installation,6213.97,6008.15,3735.41,3728.38,282.0,0.0,719149.99,747447.48,False,2024-09,36,Monday,False,-205.82,2024-05-01,2024-12-30,1412459.52,125,244,0.5123
2024-09-03,AMR-007,Foxconn - Shenzhen Assembly,APAC,25,Site Installation,6064.82,5427.63,3358.68,3638.89,258.5,0.0,725214.81,752875.11,False,2024-09,36,Tuesday,False,-637.19,2024-05-01,2024-12-30,1412459.52,126,244,0.5164
2024-09-04,AMR-007,Foxconn - Shenzhen Assembly,APAC,25,Site Installation,5573.13,5485.44,3571.96,3343.88,283.2,0.0,730787.94,758360.55,False,2024-09,36,Wednesday,False,-87.69,2024-05-01,2024-12-30,1412459.52,127,244,0.5205
2024-09-05,AMR-007,Foxconn - Shenzhen Assembly,APAC,25,Site Installation,5720.74,5594.87,3324.43,3432.44,213.6,0.0,736508.68,763955.42,False,2024-09,36,Thursday,False,-125.87,2024-05-01,2024-12-30,1412459.52,128,244,0.5246
2024-09-06,AMR-007,Foxconn - Shenzhen Assembly,APAC,25,Site Installation,5687.84,5545.22,3866.63,3412.7,298.5,1.0,742196.52,769500.64,False,2024-09,36,Friday,False,-142.62,2024-05-01,2024-12-30,1412459.52,129,244,0.5287
2024-09-07,AMR-007,Foxconn - Shenzhen Assembly,APAC,25,Site Installation,5580.88,4947.76,3459.45,3348.53,250.1,0.0,747777.4,774448.4,False,2024-09,36,Saturday,True,-633.12,2024-05-01,2024-12-30,1412459.52,130,244,0.5328
2024-09-08,AMR-007,Foxconn - Shenzhen Assembly,APAC,25,Site Installation,5670.98,5501.0,3829.96,3402.59,282.3,0.0,753448.38,779949.4,False,2024-09,36,Sunday,True,-169.98,2024-05-01,2024-12-30,1412459.52,131,244,0.5369
2024-09-09,AMR-007,Foxconn - Shenzhen Assembly,APAC,25,Site Installation,5828.8,6402.83,3609.9,3497.28,236.0,0.0,759277.18,786352.23,False,2024-09,37,Monday,False,574.03,2024-05-01,2024-12-30,1412459.52,132,244,0.541
2024-09-10,AMR-007,Foxconn - Shenzhen Assembly,APAC,25,Site Installation,6027.84,5786.05,3293.84,3616.7,248.8,2.0,765305.02,792138.28,False,2024-09,37,Tuesday,False,-241.79,2024-05-01,2024-12-30,1412459.52,133,244,0.5451
2024-09-11,AMR-007,Foxconn - Shenzhen Assembly,APAC,25,Site Installation,5854.2,5712.24,3661.84,3512.52,298.0,0.0,771159.22,797850.52,False,2024-09,37,Wednesday,False,-141.96,2024-05-01,2024-12-30,1412459.52,134,244,0.5492
2024-09-12,AMR-007,Foxconn - Shenzhen Assembly,APAC,25,Site Installation,6116.98,6336.26,3803.88,3670.19,285.3,0.0,777276.2,804186.78,False,2024-09,37,Thursday,False,219.28,2024-05-01,2024-12-30,1412459.52,135,244,0.5533
2024-09-13,AMR-007,Foxconn - Shenzhen Assembly,APAC,25,Site Installation,5803.17,5729.86,3760.59,3481.9,287.2,1.0,783079.37,809916.64,False,2024-09,37,Friday,False,-73.31,2024-05-01,2024-12-30,1412459.52,136,244,0.5574
2024-09-14,AMR-007,Foxconn - Shenzhen Assembly,APAC,25,Site Installation,6093.61,5291.79,3689.79,3656.17,215.1,0.0,789172.98,815208.43,False,2024-09,37,Saturday,True,-801.82,2024-05-01,2024-12-30,1412459.52,137,244,0.5615
2024-09-15,AMR-007,Foxconn - Shenzhen Assembly,APAC,25,Site Installation,5738.54,7268.202020393298,4787.700765721091,3443.12,238.9,0.0,794911.52,822476.64,True,2024-09,37,Sunday,True,1529.66,2024-05-01,2024-12-30,1412459.52,138,244,0.5656
2024-09-16,AMR-007,Foxconn - Shenzhen Assembly,APAC,25,Site Installation,5914.08,6390.06,4176.37,3548.45,235.0,0.0,800825.6,828866.7,False,2024-09,38,Monday,False,475.98,2024-05-01,2024-12-30,1412459.52,139,244,0.5697
2024-09-17,AMR-007,Foxconn - Shenzhen Assembly,APAC,25,Site Installation,5956.01,5844.64,3959.25,3573.61,220.0,0.0,806781.61,834711.34,False,2024-09,38,Tuesday,False,-111.37,2024-05-01,2024-12-30,1412459.52,140,244,0.5738
2024-09-18,AMR-007,Foxconn - Shenzhen Assembly,APAC,25,Site Installation,6188.69,5765.86,3357.09,3713.21,257.8,0.0,812970.3,840477.2,False,2024-09,38,Wednesday,False,-422.83,2024-05-01,2024-12-30,1412459.52,141,244,0.5779
2024-09-19,AMR-007,Foxconn - Shenzhen Assembly,APAC,25,Site Installation,5523.42,6105.13,3809.06,3314.05,202.7,0.0,818493.72,846582.33,False,2024-09,38,Thursday,False,581.71,2024-05-01,2024-12-30,1412459.52,142,244,0.582
2024-09-20,AMR-007,Foxconn - Shenzhen Assembly,APAC,25,Site Installation,5692.33,6246.77,4136.28,3415.4,211.0,0.0,824186.05,852829.1,False,2024-09,38,Friday,False,554.44,2024-05-01,2024-12-30,1412459.52,143,244,0.5861
2024-09-21,AMR-007,Foxconn - Shenzhen Assembly,APAC,25,Site Installation,5931.97,6048.65,3435.79,3559.18,260.1,0.0,830118.02,858877.75,False,2024-09,38,Saturday,True,116.68,2024-05-01,2024-12-30,1412459.52,144,244,0.5902
2024-09-22,AMR-007,Foxconn - Shenzhen Assembly,APAC,25,Site Installation,5857.34,5471.37,3490.02,3514.4,207.0,0.0,835975.36,864349.12,False,2024-09,38,Sunday,True,-385.97,2024-05-01,2024-12-30,1412459.52,145,244,0.5943
2024-09-23,AMR-007,Foxconn - Shenzhen Assembly,APAC,25,Site Installation,5798.44,6388.19,4118.87,3479.06,257.9,0.0,841773.8,870737.31,False,2024-09,39,Monday,False,589.75,2024-05-01,2024-12-30,1412459.52,146,244,0.5984
2024-09-24,AMR-007,Foxconn - Shenzhen Assembly,APAC,25,Site Installation,5694.94,6349.73,3988.29,3416.97,279.1,2.0,847468.74,877087.04,False,2024-09,39,Tuesday,False,654.79,2024-05-01,2024-12-30,1412459.52,147,244,0.6025
2024-09-25,AMR-007,Foxconn - Shenzhen Assembly,APAC,25,Site Installation,5416.26,5859.4,3806.15,3249.75,277.4,0.0,852885.0,882946.44,False,2024-09,39,Wednesday,False,443.14,2024-05-01,2024-12-30,1412459.52,148,244,0.6066
2024-09-26,AMR-007,Foxconn - Shenzhen Assembly,APAC,25,Site Installation,5589.08,5790.05,3319.71,3353.45,226.2,0.0,858474.08,888736.49,False,2024-09,39,Thursday,False,200.97,2024-05-01,2024-12-30,1412459.52,149,244,0.6107
2024-09-27,AMR-007,Foxconn - Shenzhen Assembly,APAC,25,Site Installation,6082.65,6077.97,4020.01,3649.59,233.9,0.0,864556.73,894814.46,False,2024-09,39,Friday,False,-4.68,2024-05-01,2024-12-30,1412459.52,150,244,0.6148
2024-09-28,AMR-007,Foxconn - Shenzhen Assembly,APAC,25,Site Installation,5796.26,5055.31,3089.72,3477.76,284.0,0.0,870352.99,899869.77,False,2024-09,39,Saturday,True,-740.95,2024-05-01,2024-12-30,1412459.52,151,244,0.6189
2024-09-29,AMR-007,Foxconn - Shenzhen Assembly,APAC,25,Site Installation,6171.9,6487.1,4098.69,3703.14,236.9,0.0,876524.89,906356.87,False,2024-09,39,Sunday,True,315.2,2024-05-01,2024-12-30,1412459.52,152,244,0.623
2024-09-30,AMR-007,Foxconn - Shenzhen Assembly,APAC,25,Site Installation,5856.19,6062.47,3626.02,3513.72,263.0,0.0,882381.08,912419.34,False,2024-09,40,Monday,False,206.28,2024-05-01,2024-12-30,1412459.52,153,244,0.627
2024-10-01,AMR-007,Foxconn - Shenzhen Assembly,APAC,25,Site Installation,6361.87,6145.93,3380.6,3817.12,260.8,0.0,888742.95,918565.27,False,2024-10,40,Tuesday,False,-215.94,2024-05-01,2024-12-30,1412459.52,154,244,0.6311
2024-10-02,AMR-007,Foxconn - Shenzhen Assembly,APAC,25,Site Installation,5519.45,6187.93,3674.47,3311.67,286.8,0.0,894262.4,924753.2,False,2024-10,40,Wednesday,False,668.48,2024-05-01,2024-12-30,1412459.52,155,244,0.6352
2024-10-03,AMR-007,Foxconn - Shenzhen Assembly,APAC,25,Site Installation,5595.93,5982.5,3997.46,3357.56,234.6,0.0,899858.33,930735.7,False,2024-10,40,Thursday,False,386.57,2024-05-01,2024-12-30,1412459.52,156,244,0.6393
2024-10-04,AMR-007,Foxconn - Shenzhen Assembly,APAC,25,Site Installation,5729.7,5519.36,3466.85,3437.82,204.9,0.0,905588.03,936255.06,False,2024-10,40,Friday,False,-210.34,2024-05-01,2024-12-30,1412459.52,157,244,0.6434
2024-10-05,AMR-007,Foxconn - Shenzhen Assembly,APAC,25,Site Installation,5611.93,6073.5,3582.79,3367.16,204.0,0.0,911199.96,942328.56,False,2024-10,40,Saturday,True,461.57,2024-05-01,2024-12-30,1412459.52,158,244,0.6475
2024-10-06,AMR-007,Foxconn - Shenzhen Assembly,APAC,25,Site Installation,5539.74,5982.5,4079.02,3323.84,203.7,2.0,916739.7,948311.06,False,2024-10,40,Sunday,True,442.76,2024-05-01,2024-12-30,1412459.52,159,244,0.6516
2024-10-07,AMR-007,Foxconn - Shenzhen Assembly,APAC,25,UAT,5540.08,6038.56,4110.67,3324.05,220.1,0.0,922279.78,954349.62,False,2024-10,41,Monday,False,498.48,2024-05-01,2024-12-30,1412459.52,160,244,0.6557
2024-10-08,AMR-007,Foxconn - Shenzhen Assembly,APAC,25,UAT,6011.31,5612.4,3615.22,3606.78,210.1,0.0,928291.09,959962.02,False,2024-10,41,Tuesday,False,-398.91,2024-05-01,2024-12-30,1412459.52,161,244,0.6598
2024-10-09,AMR-007,Foxconn - Shenzhen Assembly,APAC,25,UAT,5932.04,5977.61,3798.12,3559.22,247.5,0.0,934223.13,965939.63,False,2024-10,41,Wednesday,False,45.57,2024-05-01,2024-12-30,1412459.52,162,244,0.6639
2024-10-10,AMR-007,Foxconn - Shenzhen Assembly,APAC,25,UAT,5690.99,6377.0,3791.0,3414.6,279.3,0.0,939914.12,972316.63,False,2024-10,41,Thursday,False,686.01,2024-05-01,2024-12-30,1412459.52,163,244,0.668
2024-10-11,AMR-007,Foxconn - Shenzhen Assembly,APAC,25,UAT,5704.13,6528.45,4046.63,3422.48,248.3,0.0,945618.25,978845.08,False,2024-10,41,Friday,False,824.32,2024-05-01,2024-12-30,1412459.52,164,244,0.6721
2024-10-12,AMR-007,Foxconn - Shenzhen Assembly,APAC,25,UAT,5682.84,5710.21,3216.5,3409.7,224.7,0.0,951301.09,984555.29,False,2024-10,41,Saturday,True,27.37,2024-05-01,2024-12-30,1412459.52,165,244,0.6762
2024-10-13,AMR-007,Foxconn - Shenzhen Assembly,APAC,25,UAT,5495.18,6139.53,3501.16,3297.11,295.1,0.0,956796.27,990694.82,False,2024-10,41,Sunday,True,644.35,2024-05-01,2024-12-30,1412459.52,166,244,0.6803
2024-10-14,AMR-007,Foxconn - Shenzhen Assembly,APAC,25,UAT,5756.24,5669.56,3526.95,3453.75,208.8,0.0,962552.51,996364.38,False,2024-10,42,Monday,False,-86.68,2024-05-01,2024-12-30,1412459.52,167,244,0.6844
2024-10-15,AMR-007,Foxconn - Shenzhen Assembly,APAC,25,UAT,6180.72,5377.38,3421.05,3708.43,274.3,1.0,968733.23,1001741.76,False,2024-10,42,Tuesday,False,-803.34,2024-05-01,2024-12-30,1412459.52,168,244,0.6885
2024-10-16,AMR-007,Foxconn - Shenzhen Assembly,APAC,25,UAT,5843.6,5587.56,3549.96,3506.16,235.6,0.0,974576.83,1007329.32,False,2024-10,42,Wednesday,False,-256.04,2024-05-01,2024-12-30,1412459.52,169,244,0.6926
2024-10-17,AMR-007,Foxconn - Shenzhen Assembly,APAC,25,UAT,5930.33,6086.32,3637.23,3558.2,283.5,2.0,980507.16,1013415.64,False,2024-10,42,Thursday,False,155.99,2024-05-01,2024-12-30,1412459.52,170,244,0.6967
2024-10-18,AMR-007,Foxconn - Shenzhen Assembly,APAC,25,UAT,5946.06,6621.89,4580.3,3567.64,254.7,0.0,986453.22,1020037.53,False,2024-10,42,Friday,False,675.83,2024-05-01,2024-12-30,1412459.52,171,244,0.7008
2024-10-19,AMR-007,Foxconn - Shenzhen Assembly,APAC,25,UAT,6012.4,5668.67,3240.02,3607.44,235.8,0.0,992465.62,1025706.2,False,2024-10,42,Saturday,True,-343.73,2024-05-01,2024-12-30,1412459.52,172,244,0.7049
2024-10-20,AMR-007,Foxconn - Shenzhen Assembly,APAC,25,UAT,5847.18,5422.93,3469.75,3508.31,253.2,0.0,998312.8,1031129.13,False,2024-10,42,Sunday,True,-424.25,2024-05-01,2024-12-30,1412459.52,173,244,0.709
2024-10-21,AMR-007,Foxconn - Shenzhen Assembly,APAC,25,UAT,6301.5,6323.92,3786.31,3780.9,269.6,0.0,1004614.3,1037453.05,False,2024-10,43,Monday,False,22.42,2024-05-01,2024-12-30,1412459.52,174,244,0.7131
2024-10-22,AMR-007,Foxconn - Shenzhen Assembly,APAC,25,UAT,6013.41,6324.18,4347.35,3608.04,203.6,0.0,1010627.71,1043777.23,False,2024-10,43,Tuesday,False,310.77,2024-05-01,2024-12-30,1412459.52,175,244,0.7172
2024-10-23,AMR-007,Foxconn - Shenzhen Assembly,APAC,25,UAT,6051.17,5624.79,3923.05,3630.7,278.4,2.0,1016678.88,1049402.02,False,2024-10,43,Wednesday,False,-426.38,2024-05-01,2024-12-30,1412459.52,176,244,0.7213
2024-10-24,AMR-007,Foxconn - Shenzhen Assembly,APAC,25,UAT,6109.83,7365.19,4787.700765721091,3665.9,269.7,0.0,1022788.71,1056767.21,True,2024-10,43,Thursday,False,1255.36,2024-05-01,2024-12-30,1412459.52,177,244,0.7254
2024-10-25,AMR-007,Foxconn - Shenzhen Assembly,APAC,25,UAT,5931.67,5987.5,3305.92,3559.0,263.9,0.0,1028720.38,1062754.71,False,2024-10,43,Friday,False,55.83,2024-05-01,2024-12-30,1412459.52,178,244,0.7295
2024-10-26,AMR-007,Foxconn - Shenzhen Assembly,APAC,25,UAT,5636.71,5750.23,3762.33,3382.03,219.8,0.0,1034357.09,1068504.94,False,2024-10,43,Saturday,True,113.52,2024-05-01,2024-12-30,1412459.52,179,244,0.7336
2024-10-27,AMR-007,Foxconn - Shenzhen Assembly,APAC,25,UAT,5845.99,6114.43,3741.29,3507.59,299.2,0.0,1040203.08,1074619.37,False,2024-10,43,Sunday,True,268.44,2024-05-01,2024-12-30,1412459.52,180,244,0.7377
2024-10-28,AMR-007,Foxconn - Shenzhen Assembly,APAC,25,UAT,5547.21,6111.29,3527.1,3328.32,243.3,0.0,1045750.29,1080730.66,False,2024-10,44,Monday,False,564.08,2024-05-01,2024-12-30,1412459.52,181,244,0.7418
2024-10-29,AMR-007,Foxconn - Shenzhen Assembly,APAC,25,UAT,5925.9,5391.46,3584.24,3555.54,240.0,0.0,1051676.19,1086122.12,False,2024-10,44,Tuesday,False,-534.44,2024-05-01,2024-12-30,1412459.52,182,244,0.7459
2024-10-30,AMR-007,Foxconn - Shenzhen Assembly,APAC,25,UAT,5802.17,5888.15,3580.91,3481.3,275.7,0.0,1057478.36,1092010.27,False,2024-10,44,Wednesday,False,85.98,2024-05-01,2024-12-30,1412459.52,183,244,0.75
2024-10-31,AMR-007,Foxconn - Shenzhen Assembly,APAC,25,UAT,5720.34,6227.31,3816.65,3432.21,262.0,0.0,1063198.7,1098237.58,False,2024-10,44,Thursday,False,506.97,2024-05-01,2024-12-30,1412459.52,184,244,0.7541
2024-11-01,AMR-007,Foxconn - Shenzhen Assembly,APAC,25,UAT,5887.24,5515.85,3189.01,3532.34,224.9,0.0,1069085.94,1103753.43,False,2024-11,44,Friday,False,-371.39,2024-05-01,2024-12-30,1412459.52,185,244,0.7582
2024-11-02,AMR-007,Foxconn - Shenzhen Assembly,APAC,25,UAT,5533.4,5828.57,3820.05,3320.04,218.1,0.0,1074619.34,1109582.0,False,2024-11,44,Saturday,True,295.17,2024-05-01,2024-12-30,1412459.52,186,244,0.7623
2024-11-03,AMR-007,Foxconn - Shenzhen Assembly,APAC,25,UAT,6062.38,5624.2,3351.56,3637.43,237.4,0.0,1080681.72,1115206.2,False,2024-11,44,Sunday,True,-438.18,2024-05-01,2024-12-30,1412459.52,187,244,0.7664
2024-11-04,AMR-007,Foxconn - Shenzhen Assembly,APAC,25,UAT,6278.6,5741.44,3627.82,3767.16,279.6,0.0,1086960.32,1120947.64,False,2024-11,45,Monday,False,-537.16,2024-05-01,2024-12-30,1412459.52,188,244,0.7705
2024-11-05,AMR-007,Foxconn - Shenzhen Assembly,APAC,25,UAT,5868.27,6995.33,3872.06,3520.96,209.4,0.0,1092828.59,1127942.97,False,2024-11,45,Tuesday,False,1127.06,2024-05-01,2024-12-30,1412459.52,189,244,0.7746
2024-11-06,AMR-007,Foxconn - Shenzhen Assembly,APAC,25,UAT,5949.19,5586.5,3701.96,3569.51,288.2,0.0,1098777.78,1133529.47,False,2024-11,45,Wednesday,False,-362.69,2024-05-01,2024-12-30,1412459.52,190,244,0.7787
2024-11-07,AMR-007,Foxconn - Shenzhen Assembly,APAC,25,UAT,6227.21,6238.7,3576.7,3736.32,225.8,0.0,1105004.99,1139768.17,False,2024-11,45,Thursday,False,11.49,2024-05-01,2024-12-30,1412459.52,191,244,0.7828
2024-11-08,AMR-007,Foxconn - Shenzhen Assembly,APAC,25,UAT,6514.99,6568.3,3799.84,3908.99,272.1,0.0,1111519.98,1146336.47,False,2024-11,45,Friday,False,53.31,2024-05-01,2024-12-30,1412459.52,192,244,0.7869
2024-11-09,AMR-007,Foxconn - Shenzhen Assembly,APAC,25,UAT,5931.08,5012.32,2889.89,3558.65,219.4,0.0,1117451.06,1151348.79,False,2024-11,45,Saturday,True,-918.76,2024-05-01,2024-12-30,1412459.52,193,244,0.791
2024-11-10,AMR-007,Foxconn - Shenzhen Assembly,APAC,25,UAT,5794.76,5998.12,3548.06,3476.85,282.9,0.0,1123245.82,1157346.91,False,2024-11,45,Sunday,True,203.36,2024-05-01,2024-12-30,1412459.52,194,244,0.7951
2024-11-11,AMR-007,Foxconn - Shenzhen Assembly,APAC,25,UAT,5451.63,6298.07,3676.86,3270.98,201.4,0.0,1128697.45,1163644.98,False,2024-11,46,Monday,False,846.44,2024-05-01,2024-12-30,1412459.52,195,244,0.7992
2024-11-12,AMR-007,Foxconn - Shenzhen Assembly,APAC,25,UAT,6016.14,5982.5,3923.49,3609.68,299.2,0.0,1134713.59,1169627.48,False,2024-11,46,Tuesday,False,-33.64,2024-05-01,2024-12-30,1412459.52,196,244,0.8033
2024-11-13,AMR-007,Foxconn - Shenzhen Assembly,APAC,25,Go-Live,5918.2,5968.15,3675.76,3550.92,220.9,0.0,1140631.79,1175595.63,False,2024-11,46,Wednesday,False,49.95,2024-05-01,2024-12-30,1412459.52,197,244,0.8074
2024-11-14,AMR-007,Foxconn - Shenzhen Assembly,APAC,25,Go-Live,5743.13,5600.37,3741.83,3445.88,255.9,0.0,1146374.92,1181196.0,False,2024-11,46,Thursday,False,-142.76,2024-05-01,2024-12-30,1412459.52,198,244,0.8115
2024-11-15,AMR-007,Foxconn - Shenzhen Assembly,APAC,25,Go-Live,5727.02,6235.97,4027.23,3436.21,231.3,0.0,1152101.94,1187431.97,False,2024-11,46,Friday,False,508.95,2024-05-01,2024-12-30,1412459.52,199,244,0.8156
2024-11-16,AMR-007,Foxconn - Shenzhen Assembly,APAC,25,Go-Live,5431.28,5687.14,3691.92,3258.77,283.5,1.0,1157533.22,1193119.11,False,2024-11,46,Saturday,True,255.86,2024-05-01,2024-12-30,1412459.52,200,244,0.8197
2024-11-17,AMR-007,Foxconn - Shenzhen Assembly,APAC,25,Go-Live,6083.36,6419.41,4037.51,3650.02,282.4,0.0,1163616.58,1199538.52,False,2024-11,46,Sunday,True,336.05,2024-05-01,2024-12-30,1412459.52,201,244,0.8238
2024-11-18,AMR-007,Foxconn - Shenzhen Assembly,APAC,25,Go-Live,5654.42,5417.92,3320.67,3392.65,278.0,0.0,1169271.0,1204956.44,False,2024-11,47,Monday,False,-236.5,2024-05-01,2024-12-30,1412459.52,202,244,0.8279
2024-11-19,AMR-007,Foxconn - Shenzhen Assembly,APAC,25,Go-Live,5806.56,6498.47,3625.88,3483.94,256.2,0.0,1175077.56,1211454.91,False,2024-11,47,Tuesday,False,691.91,2024-05-01,2024-12-30,1412459.52,203,244,0.832
2024-11-20,AMR-007,Foxconn - Shenzhen Assembly,APAC,25,Go-Live,5456.7,6921.62,4279.2,3274.02,246.2,0.0,1180534.26,1218376.53,False,2024-11,47,Wednesday,False,1464.92,2024-05-01,2024-12-30,1412459.52,204,244,0.8361
2024-11-21,AMR-007,Foxconn - Shenzhen Assembly,APAC,25,Go-Live,5582.8,5242.38,2895.69,3349.68,280.8,0.0,1186117.06,1223618.91,False,2024-11,47,Thursday,False,-340.42,2024-05-01,2024-12-30,1412459.52,205,244,0.8402
2024-11-22,AMR-007,Foxconn - Shenzhen Assembly,APAC,25,Go-Live,5793.43,5856.59,3683.21,3476.06,235.8,0.0,1191910.49,1229475.5,False,2024-11,47,Friday,False,63.16,2024-05-01,2024-12-30,1412459.52,206,244,0.8443
2024-11-23,AMR-007,Foxconn - Shenzhen Assembly,APAC,25,Go-Live,5885.66,6639.98,3978.29,3531.4,226.0,0.0,1197796.15,1236115.48,False,2024-11,47,Saturday,True,754.32,2024-05-01,2024-12-30,1412459.52,207,244,0.8484
2024-11-24,AMR-007,Foxconn - Shenzhen Assembly,APAC,25,Go-Live,5792.42,6015.56,3439.38,3475.45,222.1,0.0,1203588.57,1242131.04,False,2024-11,47,Sunday,True,223.14,2024-05-01,2024-12-30,1412459.52,208,244,0.8525
2024-11-25,AMR-007,Foxconn - Shenzhen Assembly,APAC,25,Go-Live,5287.96,5337.83,3333.08,3172.77,206.3,0.0,1208876.53,1247468.87,False,2024-11,48,Monday,False,49.87,2024-05-01,2024-12-30,1412459.52,209,244,0.8566
2024-11-26,AMR-007,Foxconn - Shenzhen Assembly,APAC,25,Go-Live,5432.15,5518.63,3422.63,3259.29,287.5,0.0,1214308.68,1252987.5,False,2024-11,48,Tuesday,False,86.48,2024-05-01,2024-12-30,1412459.52,210,244,0.8607
2024-11-27,AMR-007,Foxconn - Shenzhen Assembly,APAC,25,Go-Live,6158.12,6076.07,4084.55,3694.87,246.4,0.0,1220466.8,1259063.57,False,2024-11,48,Wednesday,False,-82.05,2024-05-01,2024-12-30,1412459.52,211,244,0.8648
2024-11-28,AMR-007,Foxconn - Shenzhen Assembly,APAC,25,Go-Live,5813.17,5520.68,3204.99,3487.9,245.3,1.0,1226279.97,1264584.25,False,2024-11,48,Thursday,False,-292.49,2024-05-01,2024-12-30,1412459.52,212,244,0.8689
2024-11-29,AMR-007,Foxconn - Shenzhen Assembly,APAC,25,Go-Live,5604.38,5134.66,3072.52,3362.63,208.2,0.0,1231884.35,1269718.91,False,2024-11,48,Friday,False,-469.72,2024-05-01,2024-12-30,1412459.52,213,244,0.873
2024-11-30,AMR-007,Foxconn - Shenzhen Assembly,APAC,25,Go-Live,5621.38,5895.36,4045.75,3372.83,273.4,0.0,1237505.73,1275614.27,False,2024-11,48,Saturday,True,273.98,2024-05-01,2024-12-30,1412459.52,214,244,0.877
2024-12-01,AMR-007,Foxconn - Shenzhen Assembly,APAC,25,Go-Live,6396.04,6707.32,3729.53,3837.63,241.4,0.0,1243901.77,1282321.59,False,2024-12,48,Sunday,True,311.28,2024-05-01,2024-12-30,1412459.52,215,244,0.8811
2024-12-02,AMR-007,Foxconn - Shenzhen Assembly,APAC,25,Go-Live,5526.0,5649.69,3599.0,3315.6,263.9,0.0,1249427.77,1287971.28,False,2024-12,49,Monday,False,123.69,2024-05-01,2024-12-30,1412459.52,216,244,0.8852
2024-12-03,AMR-007,Foxconn - Shenzhen Assembly,APAC,25,Go-Live,6064.41,7150.3,4642.93,3638.64,265.9,0.0,1255492.18,1295121.58,True,2024-12,49,Tuesday,False,1085.89,2024-05-01,2024-12-30,1412459.52,217,244,0.8893
2024-12-04,AMR-007,Foxconn - Shenzhen Assembly,APAC,25,Go-Live,5839.64,5601.49,3221.64,3503.79,298.6,0.0,1261331.82,1300723.07,False,2024-12,49,Wednesday,False,-238.15,2024-05-01,2024-12-30,1412459.52,218,244,0.8934
2024-12-05,AMR-007,Foxconn - Shenzhen Assembly,APAC,25,Go-Live,6229.4,4692.82,2939.97,3737.64,273.5,0.0,1267561.22,1305415.89,False,2024-12,49,Thursday,False,-1536.58,2024-05-01,2024-12-30,1412459.52,219,244,0.8975
2024-12-06,AMR-007,Foxconn - Shenzhen Assembly,APAC,25,Go-Live,5424.57,5969.86,3700.65,3254.74,291.6,0.0,1272985.79,1311385.75,False,2024-12,49,Friday,False,545.29,2024-05-01,2024-12-30,1412459.52,220,244,0.9016
2024-12-07,AMR-007,Foxconn - Shenzhen Assembly,APAC,25,Monitoring,5779.24,6566.59,3933.72,3467.54,211.4,0.0,1278765.03,1317952.34,False,2024-12,49,Saturday,True,787.35,2024-05-01,2024-12-30,1412459.52,221,244,0.9057
2024-12-08,AMR-007,Foxconn - Shenzhen Assembly,APAC,25,Monitoring,5700.24,6174.67,3991.86,3420.14,218.4,1.0,1284465.27,1324127.01,False,2024-12,49,Sunday,True,474.43,2024-05-01,2024-12-30,1412459.52,222,244,0.9098
2024-12-09,AMR-007,Foxconn - Shenzhen Assembly,APAC,25,Monitoring,6100.71,4960.97,2797.46,3660.43,230.9,0.0,1290565.98,1329087.98,False,2024-12,50,Monday,False,-1139.74,2024-05-01,2024-12-30,1412459.52,223,244,0.9139
2024-12-10,AMR-007,Foxconn - Shenzhen Assembly,APAC,25,Monitoring,5723.1,6369.49,4332.22,3433.86,201.5,0.0,1296289.08,1335457.47,False,2024-12,50,Tuesday,False,646.39,2024-05-01,2024-12-30,1412459.52,224,244,0.918
2024-12-11,AMR-007,Foxconn - Shenzhen Assembly,APAC,25,Monitoring,5655.91,6061.26,3735.41,3393.54,239.2,1.0,1301944.99,1341518.73,False,2024-12,50,Wednesday,False,405.35,2024-05-01,2024-12-30,1412459.52,225,244,0.9221
2024-12-12,AMR-007,Foxconn - Shenzhen Assembly,APAC,25,Monitoring,5777.84,6171.83,3631.02,3466.7,269.9,0.0,1307722.83,1347690.56,False,2024-12,50,Thursday,False,393.99,2024-05-01,2024-12-30,1412459.52,226,244,0.9262
2024-12-13,AMR-007,Foxconn - Shenzhen Assembly,APAC,25,Monitoring,6001.39,4998.85,3735.41,3600.83,263.8,0.0,1313724.22,1352689.41,False,2024-12,50,Friday,False,-1002.54,2024-05-01,2024-12-30,1412459.52,227,244,0.9303
2024-12-14,AMR-007,Foxconn - Shenzhen Assembly,APAC,25,Monitoring,5624.41,6663.96,3924.25,3374.65,252.9,0.0,1319348.63,1359353.37,False,2024-12,50,Saturday,True,1039.55,2024-05-01,2024-12-30,1412459.52,228,244,0.9344
2024-12-15,AMR-007,Foxconn - Shenzhen Assembly,APAC,25,Monitoring,6055.3,6188.23,4035.51,3633.18,243.5,0.0,1325403.93,1365541.6,False,2024-12,50,Sunday,True,132.93,2024-05-01,2024-12-30,1412459.52,229,244,0.9385
2024-12-16,AMR-007,Foxconn - Shenzhen Assembly,APAC,25,Monitoring,5712.45,6111.27,3945.14,3427.47,267.7,0.0,1331116.38,1371652.87,False,2024-12,51,Monday,False,398.82,2024-05-01,2024-12-30,1412459.52,230,244,0.9426
2024-12-17,AMR-007,Foxconn - Shenzhen Assembly,APAC,25,Monitoring,5784.81,5461.04,3084.12,3470.89,265.9,0.0,1336901.19,1377113.91,False,2024-12,51,Tuesday,False,-323.77,2024-05-01,2024-12-30,1412459.52,231,244,0.9467
2024-12-18,AMR-007,Foxconn - Shenzhen Assembly,APAC,25,Monitoring,5753.57,6015.28,4171.93,3452.14,212.5,0.0,1342654.76,1383129.19,False,2024-12,51,Wednesday,False,261.71,2024-05-01,2024-12-30,1412459.52,232,244,0.9508
2024-12-19,AMR-007,Foxconn - Shenzhen Assembly,APAC,25,Monitoring,5625.65,6457.96,4200.43,3375.39,275.0,0.0,1348280.41,1389587.15,False,2024-12,51,Thursday,False,832.31,2024-05-01,2024-12-30,1412459.52,233,244,0.9549
2024-12-20,AMR-007,Foxconn - Shenzhen Assembly,APAC,25,Monitoring,5913.57,6124.28,4242.65,3548.14,272.4,0.0,1354193.98,1395711.43,False,2024-12,51,Friday,False,210.71,2024-05-01,2024-12-30,1412459.52,234,244,0.959
2024-12-21,AMR-007,Foxconn - Shenzhen Assembly,APAC,25,Monitoring,6119.38,6818.85,4508.56,3671.63,255.2,0.0,1360313.36,1402530.28,False,2024-12,51,Saturday,True,699.47,2024-05-01,2024-12-30,1412459.52,235,244,0.9631
2024-12-22,AMR-007,Foxconn - Shenzhen Assembly,APAC,25,Monitoring,5782.22,6652.06,3699.27,3469.33,210.5,0.0,1366095.58,1409182.34,False,2024-12,51,Sunday,True,869.84,2024-05-01,2024-12-30,1412459.52,236,244,0.9672
2024-12-23,AMR-007,Foxconn - Shenzhen Assembly,APAC,25,Monitoring,5347.94,5685.88,3137.62,3208.76,228.6,0.0,1371443.52,1414868.22,False,2024-12,52,Monday,False,337.94,2024-05-01,2024-12-30,1412459.52,237,244,0.9713
2024-12-24,AMR-007,Foxconn - Shenzhen Assembly,APAC,25,Monitoring,5786.72,5525.03,3159.2,3472.03,295.2,0.0,1377230.24,1420393.25,False,2024-12,52,Tuesday,False,-261.69,2024-05-01,2024-12-30,1412459.52,238,244,0.9754
2024-12-25,AMR-007,Foxconn - Shenzhen Assembly,APAC,25,Monitoring,6055.59,6012.07,3959.48,3633.35,265.5,0.0,1383285.83,1426405.32,False,2024-12,52,Wednesday,False,-43.52,2024-05-01,2024-12-30,1412459.52,239,244,0.9795
2024-12-26,AMR-007,Foxconn - Shenzhen Assembly,APAC,25,Monitoring,5684.01,5622.84,3112.09,3410.41,224.1,0.0,1388969.84,1432028.16,False,2024-12,52,Thursday,False,-61.17,2024-05-01,2024-12-30,1412459.52,240,244,0.9836
2024-12-27,AMR-007,Foxconn - Shenzhen Assembly,APAC,25,Monitoring,5593.94,6560.77,3636.9,3356.37,298.0,0.0,1394563.78,1438588.93,False,2024-12,52,Friday,False,966.83,2024-05-01,2024-12-30,1412459.52,241,244,0.9877
2024-12-28,AMR-007,Foxconn - Shenzhen Assembly,APAC,25,Monitoring,6094.68,5721.29,3226.75,3656.81,241.7,0.0,1400658.46,1444310.22,False,2024-12,52,Saturday,True,-373.39,2024-05-01,2024-12-30,1412459.52,242,244,0.9918
2024-12-29,AMR-007,Foxconn - Shenzhen Assembly,APAC,25,Monitoring,5915.85,6725.91,4226.78,3549.51,258.1,0.0,1406574.31,1451036.13,False,2024-12,52,Sunday,True,810.06,2024-05-01,2024-12-30,1412459.52,243,244,0.9959
2024-12-30,AMR-007,Foxconn - Shenzhen Assembly,APAC,25,Monitoring,5885.21,6158.73,3797.67,3531.12,226.0,0.0,1412459.52,1457194.86,False,2024-12,1,Monday,False,273.52,2024-05-01,2024-12-30,1412459.52,244,244,1.0
