date,project_id,client,region,fleet_size,deployment_status,planned_daily_spend_usd,actual_daily_spend_usd,hw_cost_actual_usd,hw_cost_planned_usd,labor_hours,shipping_delay_days,cumulative_planned_usd,cumulative_actual_usd,is_spike_day
2024-07-14,AMR-002,Coca-Cola - Atlanta Warehouse,North America,8,Go-Live,3548.78,4284.32,2620.45,2129.27,71.7,0.0,629130.15,648684.61,False
2024-11-29,AMR-007,Foxconn - Shenzhen Assembly,APAC,25,Go-Live,5604.38,5134.66,3072.52,3362.63,208.2,0.0,1231884.35,1271194.91,False
2024-04-28,AMR-001,Ford Motor - Michigan Facility,North America,12,Site Installation,3982.83,5328.05,3121.98,2389.7,139.2,0.0,439734.99,453178.37,True
2024-09-16,AMR-005,Amazon - Dallas FC,North America,30,Go-Live,5916.25,6365.96,3525.26,3549.75,251.0,0.0,1049698.26,1077234.34,False
2024-10-25,AMR-007,Foxconn - Shenzhen Assembly,APAC,25,UAT,5931.67,5987.5,3305.92,3559.0,263.9,0.0,1028720.38,1064185.63,False
2024-07-04,AMR-001,Ford Motor - Michigan Facility,North America,12,Go-Live,4060.1,4379.57,2713.83,2436.06,124.6,0.0,718398.54,742908.18,False
2024-06-03,AMR-007,Foxconn - Shenzhen Assembly,APAC,25,Hardware Procurement,5846.7,6345.7,4134.39,3508.02,243.6,0.0,195781.93,204959.38,False
2024-10-07,AMR-005,Amazon - Dallas FC,North America,30,Monitoring,6546.7,6353.95,4353.32,3928.02,250.0,1.0,1179147.71,1208152.73,False
2024-05-23,AMR-006,Unilever - Rotterdam DC,EMEA,10,Site Installation,3540.22,4067.25,2734.34,2124.13,91.6,0.0,348225.62,352478.36,False
2024-06-03,AMR-001,Ford Motor - Michigan Facility,North America,12,UAT,4384.24,4289.13,2401.56,2630.55,125.5,0.0,588506.96,609590.38,False
2024-05-21,AMR-001,Ford Motor - Michigan Facility,North America,12,Site Installation,4139.0,4807.88,3074.78,2483.4,103.8,0.0,534612.99,554304.97,False
2024-07-23,AMR-003,DHL - Singapore Hub,APAC,20,UAT,5094.49,4772.75,3123.23,3056.69,215.2,0.0,691188.81,710776.68,False
2024-08-06,AMR-005,Amazon - Dallas FC,North America,30,Site Installation,5988.11,6675.82,4543.66,3592.87,356.1,0.0,797204.81,818773.61,False
2024-07-10,AMR-007,Foxconn - Shenzhen Assembly,APAC,25,Staging & Config,5694.0,5969.92,3838.81,3416.4,221.7,0.0,409067.78,423793.67,False
2024-08-18,AMR-003,DHL - Singapore Hub,APAC,20,UAT,5120.6,5241.45,3647.63,3072.36,224.9,0.0,825093.8,851845.82,False
2024-04-30,AMR-005,Amazon - Dallas FC,North America,30,Hardware Procurement,6492.98,6479.91,3987.94,3895.79,332.2,1.0,189165.52,189930.07,False
2024-04-22,AMR-001,Ford Motor - Michigan Facility,North America,12,Site Installation,4295.45,3985.26,2478.62,2577.27,137.1,0.0,414930.99,425580.35,False
2024-07-21,AMR-003,DHL - Singapore Hub,APAC,20,UAT,4937.64,5481.63,3514.74,2962.58,186.3,0.0,681018.64,700734.08,False
2024-06-05,AMR-005,Amazon - Dallas FC,North America,30,Staging & Config,6092.77,6279.62,4255.37,3655.66,355.9,0.0,415263.37,422325.59,False
2024-04-04,AMR-002,Coca-Cola - Atlanta Warehouse,North America,8,Staging & Config,3669.94,3845.01,2383.88,2201.97,77.3,0.0,244218.55,249253.63,False
2024-04-27,AMR-004,Bosch - Stuttgart Plant,EMEA,15,Site Installation,4982.78,4452.81,3070.6,2989.67,167.4,0.0,460215.56,471088.56,False
2024-05-09,AMR-001,Ford Motor - Michigan Facility,North America,12,Site Installation,4611.68,4308.75,2374.13,2767.01,118.1,0.0,485371.49,501282.13,False
2024-04-16,AMR-002,Coca-Cola - Atlanta Warehouse,North America,8,Staging & Config,3854.86,4286.08,2482.53,2312.92,94.5,0.0,290120.5,296453.4,False
2024-06-02,AMR-003,DHL - Singapore Hub,APAC,20,Site Installation,4821.89,4699.18,2971.89,2893.13,222.6,0.0,431695.6,441374.38,False
2024-02-11,AMR-004,Bosch - Stuttgart Plant,EMEA,15,Hardware Procurement,4512.8,5871.48,3299.23,2707.68,157.8,10.0,105543.28,111335.97,True
2024-12-09,AMR-007,Foxconn - Shenzhen Assembly,APAC,25,Monitoring,6100.71,4960.97,2797.46,3660.43,230.9,0.0,1290565.98,1330563.97,False
2024-04-27,AMR-006,Unilever - Rotterdam DC,EMEA,10,Staging & Config,3549.49,3526.18,2419.97,2129.69,115.3,0.0,255694.16,260056.68,False
2024-06-09,AMR-003,DHL - Singapore Hub,APAC,20,Site Installation,4903.32,6621.12,3731.78,2941.99,205.7,0.0,467039.22,479108.06,False
2024-05-06,AMR-005,Amazon - Dallas FC,North America,30,Hardware Procurement,6259.02,6283.98,3859.01,3755.41,306.4,0.0,226456.18,228261.68,False
2024-04-16,AMR-003,DHL - Singapore Hub,APAC,20,Hardware Procurement,4985.91,5149.54,3164.02,2991.54,164.4,1.0,194853.88,197567.71,False
2024-03-22,AMR-001,Ford Motor - Michigan Facility,North America,12,Staging & Config,4372.82,4719.11,3221.29,2623.69,127.2,0.0,283818.06,289577.93,False
2024-05-05,AMR-003,DHL - Singapore Hub,APAC,20,Staging & Config,4824.43,5589.1,3293.0,2894.66,201.5,0.0,288097.04,296663.43,False
2024-07-06,AMR-006,Unilever - Rotterdam DC,EMEA,10,UAT,3442.95,3959.54,2491.19,2065.77,84.3,0.0,502428.23,514148.45,False
2024-08-16,AMR-003,DHL - Singapore Hub,APAC,20,UAT,5119.4,5510.26,3354.27,3071.64,179.2,0.0,814446.18,841020.85,False
2024-02-28,AMR-004,Bosch - Stuttgart Plant,EMEA,15,Hardware Procurement,4853.42,5096.88,2949.95,2912.05,146.0,0.0,184211.12,195499.6,False
2024-07-05,AMR-006,Unilever - Rotterdam DC,EMEA,10,UAT,3220.22,3298.98,2030.03,1932.13,105.3,0.0,498985.28,510188.91,False
2024-05-23,AMR-004,Bosch - Stuttgart Plant,EMEA,15,UAT,4536.62,4599.07,3066.97,2721.97,153.4,0.0,580564.16,596317.24,False
2024-08-09,AMR-002,Coca-Cola - Atlanta Warehouse,North America,8,Monitoring,3939.76,3561.25,2303.53,2363.86,72.4,0.0,728919.82,750404.06,False
2024-05-06,AMR-004,Bosch - Stuttgart Plant,EMEA,15,UAT,4803.99,4785.31,3018.49,2882.4,121.4,1.0,502265.73,515869.84,False
2024-07-16,AMR-007,Foxconn - Shenzhen Assembly,APAC,25,Staging & Config,5935.42,5573.83,3516.26,3561.25,286.6,0.0,444682.84,459506.06,False
2024-07-23,AMR-006,Unilever - Rotterdam DC,EMEA,10,Go-Live,3805.8,3128.43,2043.38,2283.48,116.0,0.0,561694.02,574527.82,False
2024-11-18,AMR-007,Foxconn - Shenzhen Assembly,APAC,25,Go-Live,5654.42,5417.92,3320.67,3392.65,278.0,0.0,1169271.0,1206432.44,False
2024-10-09,AMR-007,Foxconn - Shenzhen Assembly,APAC,25,UAT,5932.04,5977.61,3798.12,3559.22,247.5,0.0,934223.15,967370.55,False
2024-06-30,AMR-003,DHL - Singapore Hub,APAC,20,Site Installation,5190.92,6265.93,3551.3,3114.55,167.2,0.0,573874.45,589677.52,False
2024-07-09,AMR-002,Coca-Cola - Atlanta Warehouse,North America,8,Go-Live,3700.04,4153.7,2906.07,2220.03,75.8,0.0,610541.97,628247.51,False
2024-03-24,AMR-001,Ford Motor - Michigan Facility,North America,12,Staging & Config,4562.89,3871.51,2140.78,2737.73,127.8,0.0,292344.92,297707.7,False
2024-04-26,AMR-001,Ford Motor - Michigan Facility,North America,12,Site Installation,4115.36,4330.62,2905.86,2469.21,139.7,0.0,431649.81,443555.07,False
2024-04-08,AMR-004,Bosch - Stuttgart Plant,EMEA,15,Site Installation,4689.01,3971.94,2505.94,2813.41,156.4,0.0,371669.44,381496.01,False
2024-04-30,AMR-004,Bosch - Stuttgart Plant,EMEA,15,Site Installation,4551.8,5398.32,3063.59,2731.08,163.0,0.0,474237.07,487483.48,False
2024-09-05,AMR-003,DHL - Singapore Hub,APAC,20,Go-Live,5158.57,4836.04,2709.86,3095.14,239.3,0.0,917610.55,949291.54,False
2024-07-30,AMR-007,Foxconn - Shenzhen Assembly,APAC,25,Staging & Config,5562.38,5880.61,3704.05,3337.43,232.2,0.0,524833.64,542595.81,False
2024-05-22,AMR-002,Coca-Cola - Atlanta Warehouse,North America,8,Site Installation,3833.93,3828.51,2175.51,2300.36,74.8,0.0,426960.13,441705.34,False
2024-05-04,AMR-002,Coca-Cola - Atlanta Warehouse,North America,8,Site Installation,3689.72,4077.16,2382.78,2213.83,91.0,0.0,358476.44,367793.7,False
2024-07-24,AMR-007,Foxconn - Shenzhen Assembly,APAC,25,Staging & Config,5160.41,5264.19,2989.98,3096.25,261.4,0.0,490802.09,507842.35,False
2024-02-04,AMR-004,Bosch - Stuttgart Plant,EMEA,15,Planning,4625.49,4795.24,3041.0,2775.29,151.5,0.0,73997.65,75356.11,False
2024-07-24,AMR-003,DHL - Singapore Hub,APAC,20,UAT,5332.21,6089.11,4117.84,3199.32,218.7,0.0,696521.02,716865.79,False
2024-03-14,AMR-003,DHL - Singapore Hub,APAC,20,Planning,5032.0,5127.56,3457.3,3019.2,164.5,0.0,25011.96,26595.11,False
2024-08-02,AMR-002,Coca-Cola - Atlanta Warehouse,North America,8,Monitoring,3670.79,3656.59,2320.99,2202.47,81.7,0.0,701683.4,723471.44,False
2024-04-24,AMR-003,DHL - Singapore Hub,APAC,20,Hardware Procurement,4750.17,5244.09,3238.58,2850.1,237.3,0.0,234041.63,238228.82,False
2024-09-08,AMR-003,DHL - Singapore Hub,APAC,20,Go-Live,4980.33,5578.91,3555.97,2988.2,164.8,0.0,932691.24,965512.21,False
2024-03-08,AMR-006,Unilever - Rotterdam DC,EMEA,10,Hardware Procurement,3907.47,3296.75,2133.32,2344.48,103.9,0.0,80799.3,81271.11,False
2024-08-27,AMR-006,Unilever - Rotterdam DC,EMEA,10,Monitoring,3551.42,4322.05,2635.52,2130.85,102.9,0.0,685798.35,700860.48,True
2024-05-25,AMR-002,Coca-Cola - Atlanta Warehouse,North America,8,Site Installation,3806.33,4001.56,2500.63,2283.8,86.3,0.0,438931.73,453811.24,False
2024-02-23,AMR-002,Coca-Cola - Atlanta Warehouse,North America,8,Hardware Procurement,3887.04,3975.23,2285.73,2332.23,87.5,0.0,87303.1,90107.14,False
2024-09-18,AMR-007,Foxconn - Shenzhen Assembly,APAC,25,Site Installation,6188.69,5765.86,3357.09,3713.21,257.8,0.0,812970.33,842059.55,False
2024-09-08,AMR-005,Amazon - Dallas FC,North America,30,Go-Live,5963.51,6169.27,3486.28,3578.11,268.3,0.0,999031.02,1027985.09,False
2024-03-21,AMR-002,Coca-Cola - Atlanta Warehouse,North America,8,Staging & Config,4048.34,3435.15,1928.97,2429.0,88.4,0.0,190684.08,193791.55,False
2024-05-31,AMR-003,DHL - Singapore Hub,APAC,20,Site Installation,4443.87,5229.81,3256.87,2666.32,232.0,0.0,421875.18,431576.13,False
2024-08-31,AMR-007,Foxconn - Shenzhen Assembly,APAC,25,Site Installation,5731.74,5993.82,3336.66,3439.05,281.3,0.0,707288.47,736281.95,False
2024-08-30,AMR-003,DHL - Singapore Hub,APAC,20,Go-Live,5013.27,5875.49,3912.36,3007.96,189.2,0.0,886074.01,918560.12,False
2024-07-22,AMR-005,Amazon - Dallas FC,North America,30,Site Installation,6863.39,5714.51,3701.16,4118.03,319.4,0.0,706629.09,718164.36,False
2024-02-12,AMR-001,Ford Motor - Michigan Facility,North America,12,Hardware Procurement,4252.36,3214.85,1821.18,2551.42,97.4,0.0,121431.85,123532.98,False
2024-06-29,AMR-006,Unilever - Rotterdam DC,EMEA,10,UAT,3599.17,3798.59,2302.41,2159.5,110.9,0.0,478642.81,489617.15,False
2024-09-22,AMR-003,DHL - Singapore Hub,APAC,20,Monitoring,5438.61,5648.43,3585.45,3263.16,208.8,0.0,1005006.86,1038307.73,False
2024-09-02,AMR-007,Foxconn - Shenzhen Assembly,APAC,25,Site Installation,6213.97,6008.15,,3728.38,282.0,0.0,719150.01,747925.71,False
2024-07-27,AMR-003,DHL - Singapore Hub,APAC,20,UAT,5436.66,5385.63,3552.74,3262.0,239.3,0.0,711564.6,731083.44,False
2024-02-08,AMR-004,Bosch - Stuttgart Plant,EMEA,15,Hardware Procurement,4270.64,5162.0,2992.52,2562.38,131.1,0.0,91994.51,95313.22,False
2024-04-30,AMR-003,DHL - Singapore Hub,APAC,20,Staging & Config,4949.01,5257.97,3496.16,2969.41,219.8,0.0,263779.26,270774.05,False
2024-04-28,AMR-003,DHL - Singapore Hub,APAC,20,Hardware Procurement,5190.99,4886.39,3111.88,3114.6,171.5,0.0,254186.76,260103.79,False
2024-11-19,AMR-007,Foxconn - Shenzhen Assembly,APAC,25,Go-Live,5806.56,6498.47,3625.88,3483.94,256.2,0.0,1175077.56,1212930.91,False
2024-05-29,AMR-007,Foxconn - Shenzhen Assembly,APAC,25,Hardware Procurement,5539.45,5844.72,3917.59,3323.67,200.9,0.0,166212.5,174456.06,False
2024-05-24,AMR-006,Unilever - Rotterdam DC,EMEA,10,Site Installation,3536.84,4637.94,3104.05,2122.11,,0.0,351762.46,357116.3,True
2024-05-24,AMR-004,Bosch - Stuttgart Plant,EMEA,15,UAT,4743.93,4713.49,2954.27,2846.36,160.7,0.0,585308.09,601030.72,False
2024-09-19,AMR-005,Amazon - Dallas FC,North America,30,Go-Live,6255.46,5921.37,3823.79,3753.28,354.1,0.0,1068080.09,1095604.08,False
2024-06-27,AMR-004,Bosch - Stuttgart Plant,EMEA,15,Monitoring,4822.95,4773.87,3070.52,2893.77,122.3,0.0,742537.44,768573.36,False
2024-10-07,AMR-007,Foxconn - Shenzhen Assembly,APAC,25,UAT,5540.08,6038.56,4110.67,3324.05,220.1,0.0,922279.81,955780.54,False
2024-06-22,AMR-003,DHL - Singapore Hub,APAC,20,Site Installation,4840.24,5602.88,3086.06,2904.14,181.4,0.0,533159.02,545917.26,False
2024-04-27,AMR-003,DHL - Singapore Hub,APAC,20,Hardware Procurement,4922.35,5155.89,3538.4,2953.41,185.4,0.0,248995.76,255217.4,False
2024-07-04,AMR-007,Foxconn - Shenzhen Assembly,APAC,25,Staging & Config,5285.09,5265.43,3524.17,3171.05,200.3,0.0,373754.9,388669.18,True
2024-08-03,AMR-006,Unilever - Rotterdam DC,EMEA,10,Go-Live,3979.68,3503.27,1935.22,2387.81,110.5,0.0,601834.62,614151.23,False
2024-02-15,AMR-001,Ford Motor - Michigan Facility,North America,12,Hardware Procurement,4510.22,3912.92,2220.1,2706.13,103.4,2.0,134340.16,135351.39,False
2024-06-14,AMR-002,Coca-Cola - Atlanta Warehouse,North America,8,UAT,3893.56,3901.48,2282.0,2336.14,91.3,0.0,515250.92,529503.8,False
2024-03-24,AMR-003,DHL - Singapore Hub,APAC,20,Planning,5039.91,5339.1,3633.62,3023.94,187.9,,77382.62,77016.71,False
2024-11-10,AMR-007,Foxconn - Shenzhen Assembly,APAC,25,UAT,5794.76,5998.12,3548.06,3476.85,282.9,0.0,1123245.83,1158777.84,False
2024-07-25,AMR-006,Unilever - Rotterdam DC,EMEA,10,Go-Live,3594.56,3849.88,2295.83,2156.73,106.4,0.0,568584.66,581958.71,False
2024-05-17,AMR-005,Amazon - Dallas FC,North America,30,Hardware Procurement,6690.13,6183.89,3772.99,4014.08,349.0,0.0,295608.01,301735.48,False
2024-08-11,AMR-002,Coca-Cola - Atlanta Warehouse,North America,8,Monitoring,3616.57,3800.07,2259.52,2169.94,74.8,0.0,736276.71,758221.36,False
2024-06-30,AMR-006,Unilever - Rotterdam DC,EMEA,10,UAT,3382.9,3120.15,1869.7,2029.74,99.9,0.0,482025.7,492737.3,False
2024-06-06,AMR-006,Unilever - Rotterdam DC,EMEA,10,Site Installation,3403.82,3112.97,2104.56,2042.29,88.5,0.0,397099.28,405333.34,False
2024-02-01,AMR-001,Ford Motor - Michigan Facility,North America,12,Planning,4435.27,4317.28,2588.03,2661.16,106.3,0.0,75615.63,77750.3,False
2024-03-29,AMR-001,Ford Motor - Michigan Facility,North America,12,Staging & Config,4165.02,4394.66,3035.23,2499.01,100.9,0.0,313466.35,319727.25,False
2024-08-21,AMR-005,Amazon - Dallas FC,North America,30,UAT,6311.39,5342.23,3281.71,3786.84,335.8,0.0,889933.44,911976.51,False
2024-08-23,AMR-003,DHL - Singapore Hub,APAC,20,Go-Live,5259.1,4908.9,3123.82,3155.46,168.6,0.0,850738.34,878404.53,False
2024-09-20,AMR-003,DHL - Singapore Hub,APAC,20,Monitoring,5148.04,4522.44,2840.45,3088.82,187.9,0.0,994521.79,1027550.25,False
2024-04-14,AMR-004,Bosch - Stuttgart Plant,EMEA,15,Site Installation,4907.15,4408.84,2636.4,2944.29,157.9,0.0,399549.01,411194.38,False
2024-04-17,AMR-005,Amazon - Dallas FC,North America,30,Planning,6192.11,6165.98,3837.74,3715.26,345.8,0.0,106743.61,105400.68,False
2024-08-20,AMR-007,Foxconn - Shenzhen Assembly,APAC,25,Site Installation,5723.28,7303.26,4318.55,3433.97,234.0,0.0,644162.57,668031.88,True
2024-05-17,AMR-002,Coca-Cola - Atlanta Warehouse,North America,8,Site Installation,4033.46,4138.07,2850.66,2420.07,65.2,1.0,407813.85,420630.5,False
2024-06-21,AMR-002,Coca-Cola - Atlanta Warehouse,North America,8,UAT,3681.2,5156.78,2855.6,2208.72,89.0,0.0,541745.12,557324.79,True
2024-07-18,AMR-001,Ford Motor - Michigan Facility,North America,12,Monitoring,4183.77,4229.02,2762.75,2510.26,141.8,0.0,776090.55,803267.36,False
2024-03-26,AMR-001,Ford Motor - Michigan Facility,North America,12,Staging & Config,4300.02,4088.51,2630.41,2580.01,138.0,0.0,300660.2,306293.03,False
2024-08-09,AMR-003,DHL - Singapore Hub,APAC,20,UAT,5014.67,5421.43,3655.61,3008.8,213.8,1.0,779041.59,799595.92,False
2024-09-02,AMR-005,Amazon - Dallas FC,North America,30,UAT,6771.68,7467.42,4989.53,4063.01,259.5,0.0,962635.35,991107.0,False
2024-08-26,AMR-003,DHL - Singapore Hub,APAC,20,Go-Live,4799.06,6331.57,3661.81,2879.44,162.1,0.0,866125.11,895619.4,False
2024-05-15,AMR-003,DHL - Singapore Hub,APAC,20,Staging & Config,4990.59,5126.97,3183.3,2994.36,187.1,0.0,341259.21,349075.47,False
2024-09-07,AMR-007,Foxconn - Shenzhen Assembly,APAC,25,Site Installation,5580.88,4947.76,3459.45,3348.53,250.1,0.0,747777.43,774926.63,False
2024-05-05,AMR-004,Bosch - Stuttgart Plant,EMEA,15,UAT,4990.47,4572.98,2863.61,2994.28,130.6,0.0,497461.74,511084.53,False
2024-07-17,AMR-003,DHL - Singapore Hub,APAC,20,Site Installation,5396.65,5563.82,3197.88,3237.99,214.6,1.0,659955.36,680332.26,False
2024-05-07,AMR-001,Ford Motor - Michigan Facility,North America,12,Site Installation,4112.2,4581.37,3065.51,2467.32,107.8,0.0,476855.95,492217.93,False
2024-06-16,AMR-004,Bosch - Stuttgart Plant,EMEA,15,Monitoring,4477.15,5224.97,2933.59,2686.29,134.0,0.0,691991.75,713909.5,False
2024-06-29,AMR-003,DHL - Singapore Hub,APAC,20,Site Installation,5234.05,5472.09,3242.26,3140.43,183.8,1.0,568683.53,583411.58,False
2024-08-12,AMR-002,Coca-Cola - Atlanta Warehouse,North America,8,Monitoring,3758.2,4164.69,2860.87,2254.92,68.2,0.0,740034.91,762386.05,False
2024-09-03,AMR-003,DHL - Singapore Hub,APAC,20,Go-Live,5349.84,5778.78,3543.12,3209.91,238.4,0.0,907371.77,939445.41,False
2024-03-27,AMR-003,DHL - Singapore Hub,APAC,20,Planning,4854.74,4918.34,2818.18,2912.84,202.3,0.0,92011.76,92664.63,False
2024-05-02,AMR-003,DHL - Singapore Hub,APAC,20,Staging & Config,4847.79,5419.74,3607.18,2908.68,221.4,0.0,273607.31,281280.13,False
2024-04-14,AMR-006,Unilever - Rotterdam DC,EMEA,10,Staging & Config,3545.7,3690.27,2254.87,2127.42,115.9,0.0,211020.67,215372.15,False
2024-04-19,AMR-001,Ford Motor - Michigan Facility,North America,12,Site Installation,3961.13,4143.43,2670.46,2376.68,138.1,0.0,402264.17,412314.75,False
2024-02-18,AMR-001,Ford Motor - Michigan Facility,North America,12,Hardware Procurement,4647.9,4376.57,2433.81,2788.74,,0.0,147226.02,148268.0,False
2024-05-15,AMR-004,Bosch - Stuttgart Plant,EMEA,15,UAT,4554.4,5628.33,3904.76,2732.64,129.5,0.0,542965.93,557766.31,False
2024-04-11,AMR-006,Unilever - Rotterdam DC,EMEA,10,Staging & Config,3694.61,3299.35,2285.24,2216.76,86.8,0.0,200105.38,204391.59,False
2024-06-23,AMR-001,Ford Motor - Michigan Facility,North America,12,Go-Live,3882.76,3875.85,2650.49,2329.66,96.3,0.0,672448.26,696043.45,False
2024-03-06,AMR-004,Bosch - Stuttgart Plant,EMEA,15,Staging & Config,4356.24,4786.61,3317.78,2613.74,172.7,0.0,217069.62,227627.44,False
2024-01-23,AMR-004,Bosch - Stuttgart Plant,EMEA,15,Planning,4475.54,4848.14,2995.02,2685.32,145.5,1.0,17825.94,19103.71,False
2024-06-12,AMR-004,Bosch - Stuttgart Plant,EMEA,15,Go-Live,4974.84,3970.42,2768.78,2984.91,143.2,0.0,673842.83,694322.46,False
2024-09-11,AMR-003,DHL - Singapore Hub,APAC,20,Monitoring,5265.3,5444.45,3276.9,3159.18,171.0,0.0,948134.04,980996.97,False
2024-07-22,AMR-006,Unilever - Rotterdam DC,EMEA,10,UAT,3429.86,3411.4,2161.87,2057.91,96.5,0.0,557888.22,571399.4,False
2024-05-14,AMR-003,DHL - Singapore Hub,APAC,20,Staging & Config,5511.07,4805.57,2732.35,3306.64,203.3,0.0,336268.62,343948.5,False
2024-06-24,AMR-007,Foxconn - Shenzhen Assembly,APAC,25,Hardware Procurement,5849.43,6277.98,3812.94,3509.66,242.4,0.0,316500.65,328234.71,False
2024-09-18,AMR-005,Amazon - Dallas FC,North America,30,Go-Live,6026.35,6410.35,4301.5,3615.81,251.6,1.0,1061824.63,1089682.71,False
2024-07-23,AMR-001,Ford Motor - Michigan Facility,North America,12,Monitoring,4013.26,4227.2,2953.63,2407.95,123.3,0.0,796934.88,823797.34,False
2024-05-20,AMR-006,Unilever - Rotterdam DC,EMEA,10,Site Installation,3468.46,3154.72,1967.63,2081.07,111.8,0.0,337840.06,341686.62,False
2024-01-28,AMR-004,Bosch - Stuttgart Plant,EMEA,15,Planning,4715.05,5312.85,3663.58,2829.03,154.5,0.0,41201.03,43143.87,False
2024-02-29,AMR-006,Unilever - Rotterdam DC,EMEA,10,Planning,3573.47,3667.43,2286.96,2144.08,111.4,0.0,52635.52,51893.16,False
2024-05-17,AMR-007,Foxconn - Shenzhen Assembly,APAC,25,Planning,5619.31,5789.65,3887.37,3371.59,274.9,0.0,96837.5,103561.3,False
2024-09-12,AMR-005,Amazon - Dallas FC,North America,30,Go-Live,6186.21,5685.41,3665.78,3711.73,253.1,0.0,1024809.11,1052585.1,False
2024-08-07,AMR-005,Amazon - Dallas FC,North America,30,Site Installation,5772.77,5922.0,3325.38,3463.66,349.7,0.0,802977.58,824695.61,False
2024-06-12,AMR-007,Foxconn - Shenzhen Assembly,APAC,25,Hardware Procurement,5425.55,5635.64,3905.36,3255.33,242.4,0.0,247395.51,258107.73,False
2024-04-02,AMR-001,Ford Motor - Michigan Facility,North America,12,Staging & Config,4051.51,3837.72,2675.04,2430.9,139.3,0.0,330138.94,337235.84,False
2024-07-02,AMR-003,DHL - Singapore Hub,APAC,20,Site Installation,5387.94,5108.87,2957.92,3232.77,214.5,0.0,584458.31,600080.78,False
2024-09-15,AMR-003,DHL - Singapore Hub,APAC,20,Monitoring,5383.23,5053.84,3276.44,3229.94,217.3,0.0,969247.99,1002251.28,False
2024-03-09,AMR-004,Bosch - Stuttgart Plant,EMEA,15,Staging & Config,4540.98,5040.11,3289.0,2724.59,154.1,0.0,231518.96,242573.96,False
2024-06-20,AMR-006,Unilever - Rotterdam DC,EMEA,10,Site Installation,3507.43,3423.77,2108.92,2104.46,93.1,0.0,446600.99,456555.36,False
2024-07-21,AMR-006,Unilever - Rotterdam DC,EMEA,10,UAT,3166.96,3166.71,1969.21,1900.18,114.8,0.0,554458.37,567988.0,False
2024-05-09,AMR-006,Unilever - Rotterdam DC,EMEA,10,Site Installation,3533.84,3164.55,1864.74,2120.31,94.7,0.0,298384.26,303119.86,False
2024-08-27,AMR-003,DHL - Singapore Hub,APAC,20,Go-Live,5114.19,5584.12,3148.04,3068.51,186.5,0.0,871239.3,901203.52,False
2024-12-04,AMR-007,Foxconn - Shenzhen Assembly,APAC,25,Go-Live,5839.64,5601.49,3221.64,3503.79,298.6,0.0,1261331.82,1302199.07,False
2024-08-09,AMR-006,Unilever - Rotterdam DC,EMEA,10,Go-Live,3429.38,3474.73,2006.28,2057.63,102.7,0.0,622034.02,634927.27,False
2024-09-09,AMR-007,Foxconn - Shenzhen Assembly,APAC,25,Site Installation,5828.8,6402.83,3609.9,3497.28,236.0,0.0,759277.22,786830.47,False
2024-02-28,AMR-006,Unilever - Rotterdam DC,EMEA,10,Planning,3753.56,3328.22,2226.32,2252.14,91.8,0.0,49062.05,48225.73,False
2024-09-04,AMR-005,Amazon - Dallas FC,North America,30,UAT,5860.98,6511.48,3708.28,3516.59,282.4,1.0,974600.43,1003381.48,False
2024-08-25,AMR-006,Unilever - Rotterdam DC,EMEA,10,Monitoring,3366.26,3486.91,2164.9,2019.76,109.6,0.0,678644.77,693326.73,False
2024-06-12,AMR-003,DHL - Singapore Hub,APAC,20,Site Installation,4832.4,5276.8,3541.8,2899.44,179.2,0.0,482425.13,494942.46,False
2024-05-10,AMR-003,DHL - Singapore Hub,APAC,20,Staging & Config,5256.97,5529.94,3298.19,3154.18,219.5,0.0,314702.7,323369.9,False
2024-05-30,AMR-006,Unilever - Rotterdam DC,EMEA,10,Site Installation,3603.72,3906.29,2379.69,2162.23,111.3,0.0,372483.67,379231.43,False
2024-09-14,AMR-007,Foxconn - Shenzhen Assembly,APAC,25,Site Installation,6093.61,5291.79,3689.79,3656.17,215.1,,789173.02,815686.66,False
2024-12-02,AMR-007,Foxconn - Shenzhen Assembly,APAC,25,Go-Live,5526.0,5649.69,3599.0,3315.6,263.9,0.0,1249427.77,1289447.28,False
2024-06-24,AMR-004,Bosch - Stuttgart Plant,EMEA,15,Monitoring,4548.72,4323.02,2546.74,2729.23,160.2,0.0,728157.66,753539.91,False
2024-04-02,AMR-006,Unilever - Rotterdam DC,EMEA,10,Hardware Procurement,3263.32,4143.37,2800.4,1957.99,110.7,14.0,168719.47,172712.48,True
2024-02-23,AMR-006,Unilever - Rotterdam DC,EMEA,10,Planning,3014.56,3629.57,2533.22,1808.74,119.5,0.0,31228.36,31903.86,False
2024-09-10,AMR-003,DHL - Singapore Hub,APAC,20,Monitoring,5121.37,5171.25,2927.61,3072.82,199.7,0.0,942868.74,975552.52,False
2024-04-13,AMR-006,Unilever - Rotterdam DC,EMEA,10,Staging & Config,3704.78,3615.47,2183.82,2222.87,95.3,0.0,207474.97,211681.88,False
2024-10-02,AMR-007,Foxconn - Shenzhen Assembly,APAC,25,Site Installation,5519.45,6187.93,3674.47,3311.67,286.8,0.0,894262.43,926335.55,False
2024-06-18,AMR-004,Bosch - Stuttgart Plant,EMEA,15,Monitoring,4650.85,5322.17,3065.29,2790.51,138.2,0.0,701262.25,724328.25,False
2024-07-05,AMR-002,Coca-Cola - Atlanta Warehouse,North America,8,UAT,3910.45,3718.22,2263.29,2346.27,93.9,0.0,595149.36,610824.45,False
2024-08-13,AMR-002,Coca-Cola - Atlanta Warehouse,North America,8,Monitoring,3668.39,5692.54,3473.75,2201.03,74.3,0.0,743703.3,768078.59,True
2024-05-30,AMR-003,DHL - Singapore Hub,APAC,20,Staging & Config,5553.77,4973.51,2864.93,3332.26,228.3,0.0,417431.31,426346.33,False
2024-06-13,AMR-005,Amazon - Dallas FC,North America,30,Staging & Config,5888.03,5996.73,3809.24,3532.82,243.1,0.0,465553.49,472547.83,False
2024-01-26,AMR-001,Ford Motor - Michigan Facility,North America,12,Planning,4158.94,4684.32,2876.56,2495.36,124.1,0.0,50444.97,52674.8,False
2024-07-28,AMR-003,DHL - Singapore Hub,APAC,20,UAT,5115.41,5662.23,3235.39,3069.25,166.1,0.0,716680.02,736745.67,False
2024-05-29,AMR-006,Unilever - Rotterdam DC,EMEA,10,Site Installation,3581.71,3675.03,2397.47,2149.03,114.3,0.0,368879.94,375325.14,False
2024-07-31,AMR-005,Amazon - Dallas FC,North America,30,Site Installation,6337.05,,3695.8,3802.23,337.0,0.0,761388.82,774903.05,False
2024-06-07,AMR-004,Bosch - Stuttgart Plant,EMEA,15,Go-Live,5015.09,5249.65,3015.28,3009.05,157.2,0.0,650745.86,671497.12,False
2024-03-28,AMR-006,Unilever - Rotterdam DC,EMEA,10,Hardware Procurement,3729.78,3271.97,2221.46,2237.87,84.9,0.0,151743.76,154491.66,False
2024-02-07,AMR-004,Bosch - Stuttgart Plant,EMEA,15,Hardware Procurement,4761.43,4062.65,2708.8,2856.86,123.2,0.0,87723.87,90151.21,False
2024-04-17,AMR-003,DHL - Singapore Hub,APAC,20,Hardware Procurement,5160.1,5156.42,3191.32,3096.06,167.7,0.0,200013.98,202724.13,False
2024-11-15,AMR-007,Foxconn - Shenzhen Assembly,APAC,25,Go-Live,5727.02,6235.97,4027.23,3436.21,231.3,0.0,1152101.95,1188907.96,False
2024-04-18,AMR-006,Unilever - Rotterdam DC,EMEA,10,Staging & Config,3153.21,3238.32,1781.65,1891.92,80.6,0.0,224058.45,229023.2,False
2024-06-24,AMR-001,Ford Motor - Michigan Facility,North America,12,Go-Live,3743.79,4611.35,2661.06,2246.28,132.0,0.0,676192.05,700654.81,False
2024-10-18,AMR-007,Foxconn - Shenzhen Assembly,APAC,25,UAT,5946.06,6621.89,4580.3,3567.64,254.7,0.0,986453.25,1021468.45,False
2024-07-20,AMR-007,Foxconn - Shenzhen Assembly,APAC,25,Staging & Config,5887.73,5200.18,3069.76,3532.64,224.7,0.0,468462.74,483615.22,False
2024-05-10,AMR-001,Ford Motor - Michigan Facility,North America,12,Site Installation,4134.63,4467.62,2980.28,2480.78,128.4,0.0,489506.12,505749.76,False
2024-03-11,AMR-001,Ford Motor - Michigan Facility,North America,12,Staging & Config,3989.72,4216.3,2938.72,2393.83,102.4,0.0,238555.13,241487.08,False
2024-07-11,AMR-006,Unilever - Rotterdam DC,EMEA,10,UAT,3438.2,3647.62,2385.41,2062.92,84.5,0.0,520427.72,532460.66,False
2024-03-30,AMR-006,Unilever - Rotterdam DC,EMEA,10,Hardware Procurement,3610.23,3767.84,2177.92,2166.14,90.3,0.0,158976.19,161451.89,False
2024-04-06,AMR-001,Ford Motor - Michigan Facility,North America,12,Site Installation,4153.05,4798.45,3191.06,2491.83,123.0,0.0,347233.21,355312.07,False
2024-06-04,AMR-002,Coca-Cola - Atlanta Warehouse,North America,8,Site Installation,3953.77,3701.79,2426.81,2372.26,76.9,0.0,477465.79,490935.85,False
2024-05-31,AMR-006,Unilever - Rotterdam DC,EMEA,10,Site Installation,3318.22,4477.76,2989.08,1990.93,96.2,0.0,375801.89,383709.2,True
2024-04-15,AMR-003,DHL - Singapore Hub,APAC,20,Hardware Procurement,5115.59,5171.29,3574.24,3069.36,185.6,0.0,189867.97,192418.16,False
2024-03-10,AMR-002,Coca-Cola - Atlanta Warehouse,North America,8,Hardware Procurement,3949.46,3567.4,2091.39,2369.67,83.2,0.0,148753.43,152843.02,False
2024-12-19,AMR-007,Foxconn - Shenzhen Assembly,APAC,25,Monitoring,5625.65,6457.96,4200.43,3375.39,275.0,0.0,1348280.41,1391063.14,False
2024-08-28,AMR-005,Amazon - Dallas FC,North America,30,UAT,5782.33,5509.31,3301.83,3469.4,261.6,2.0,931867.43,957474.78,False
2024-05-06,AMR-007,Foxconn - Shenzhen Assembly,APAC,25,Planning,5306.81,5801.02,3260.64,3184.09,238.9,0.0,34362.56,36397.72,False
2024-04-25,AMR-002,Coca-Cola - Atlanta Warehouse,North America,8,Site Installation,3766.97,3536.39,2135.14,2260.18,67.5,0.0,324183.98,332442.62,False
2024-07-25,AMR-002,Coca-Cola - Atlanta Warehouse,North America,8,Go-Live,3594.97,3683.3,2211.65,2156.98,69.4,0.0,670893.09,692653.24,False
2024-07-17,AMR-001,Ford Motor - Michigan Facility,North America,12,Monitoring,4071.26,4395.45,2646.54,2442.75,131.0,0.0,771906.79,799038.34,False
2024-04-20,AMR-003,DHL - Singapore Hub,APAC,20,Hardware Procurement,4835.54,5074.28,2884.67,2901.33,165.5,0.0,214526.69,218181.69,False
2024-03-23,AMR-001,Ford Motor - Michigan Facility,North America,12,Staging & Config,3963.98,4258.26,2902.08,2378.39,132.5,0.0,287782.03,293836.18,False
2024-02-23,AMR-001,Ford Motor - Michigan Facility,North America,12,Hardware Procurement,3887.53,3686.97,2035.97,2332.52,100.0,0.0,168063.82,169109.52,False
2024-09-16,AMR-003,DHL - Singapore Hub,APAC,20,Monitoring,4663.66,5780.91,3234.92,2798.2,163.0,0.0,973911.66,1008032.19,False
2024-05-11,AMR-003,DHL - Singapore Hub,APAC,20,Staging & Config,5286.39,4548.57,3039.05,3171.83,170.1,0.0,319989.09,327918.47,False
2024-05-04,AMR-001,Ford Motor - Michigan Facility,North America,12,Site Installation,3810.52,4744.15,3014.07,2286.31,131.1,0.0,464838.2,480287.96,False
2024-07-11,AMR-002,Coca-Cola - Atlanta Warehouse,North America,8,Go-Live,3870.19,4142.14,2868.55,2322.12,78.5,1.0,618190.77,636544.46,False
2024-08-23,AMR-007,Foxconn - Shenzhen Assembly,APAC,25,Site Installation,6028.44,7801.27,4794.71,3617.06,290.2,0.0,661920.35,686703.21,True
2024-03-22,AMR-003,DHL - Singapore Hub,APAC,20,Planning,5156.31,4609.04,3137.62,3093.79,193.6,0.0,67087.94,66734.65,False
2024-03-21,AMR-001,Ford Motor - Michigan Facility,North America,12,Staging & Config,3700.06,3739.94,2172.61,2220.03,121.4,0.0,279445.24,284858.82,False
2024-05-05,AMR-006,Unilever - Rotterdam DC,EMEA,10,Site Installation,3496.88,3956.75,2652.54,2098.13,100.1,0.0,284148.58,289665.84,False
2024-07-16,AMR-006,Unilever - Rotterdam DC,EMEA,10,UAT,3675.33,3503.43,2382.3,2205.2,84.9,0.0,537422.54,550647.26,False
2024-02-23,AMR-004,Bosch - Stuttgart Plant,EMEA,15,Hardware Procurement,4432.87,6288.14,3569.55,2659.72,137.9,3.0,161263.48,171712.1,True
2024-07-07,AMR-002,Coca-Cola - Atlanta Warehouse,North America,8,Go-Live,3946.02,4231.08,2544.65,2367.61,76.7,0.0,603109.2,619414.05,False
2024-04-08,AMR-006,Unilever - Rotterdam DC,EMEA,10,Staging & Config,3337.24,3751.1,2217.66,2002.35,94.9,1.0,189447.02,193824.24,False
2024-05-28,AMR-007,Foxconn - Shenzhen Assembly,APAC,25,Hardware Procurement,5706.84,6088.71,3974.99,3424.11,228.5,0.0,160673.05,168611.34,False
2024-09-21,AMR-005,Amazon - Dallas FC,North America,30,Go-Live,6721.51,5827.31,3729.25,4032.91,293.0,0.0,1081212.31,1107086.99,False
2024-06-03,AMR-002,Coca-Cola - Atlanta Warehouse,North America,8,Site Installation,3853.72,3647.08,2304.8,2312.23,70.8,0.0,473512.02,487234.07,False
2024-02-16,AMR-002,Coca-Cola - Atlanta Warehouse,North America,8,Planning,3804.94,3955.11,2690.73,2282.96,89.5,0.0,60383.09,62317.27,False
2024-09-20,AMR-005,Amazon - Dallas FC,North America,30,Go-Live,6410.71,5655.6,3472.49,3846.42,273.5,0.0,1074490.8,1101259.68,False
2024-07-12,AMR-002,Coca-Cola - Atlanta Warehouse,North America,8,Go-Live,3484.25,4233.12,2407.16,2090.55,91.1,1.0,621675.02,640777.58,False
2024-06-09,AMR-006,Unilever - Rotterdam DC,EMEA,10,Site Installation,3668.29,3792.29,,2200.97,103.2,0.0,408001.23,416021.52,False
2024-02-27,AMR-004,Bosch - Stuttgart Plant,EMEA,15,Hardware Procurement,4423.17,4489.55,2892.1,2653.9,122.9,0.0,179357.69,190402.72,False
2024-08-30,AMR-005,Amazon - Dallas FC,North America,30,UAT,5984.74,6615.36,4421.95,3590.84,284.3,0.0,943826.48,971012.66,False
2024-09-27,AMR-003,DHL - Singapore Hub,APAC,20,Monitoring,5163.88,4766.93,2670.89,3098.33,233.8,0.0,1030553.79,1064611.01,False
2024-01-29,AMR-004,Bosch - Stuttgart Plant,EMEA,15,Planning,4516.53,4550.61,2628.4,2709.92,178.0,1.0,45717.56,47694.48,False
2024-04-14,AMR-002,Coca-Cola - Atlanta Warehouse,North America,8,Staging & Config,3820.27,3975.64,2401.76,2292.16,66.8,0.0,282476.65,287998.67,False
2024-02-20,AMR-004,Bosch - Stuttgart Plant,EMEA,15,Hardware Procurement,4759.95,5392.62,3499.57,2855.97,174.9,0.0,147540.57,155376.73,False
2024-07-28,AMR-001,Ford Motor - Michigan Facility,North America,12,Monitoring,4375.24,4265.49,2552.66,2625.14,135.1,0.0,818155.94,845387.82,False
2024-06-03,AMR-006,Unilever - Rotterdam DC,EMEA,10,Site Installation,3439.35,4265.47,2370.32,2063.61,89.8,0.0,386254.95,395331.79,False
2024-06-03,AMR-005,Amazon - Dallas FC,North America,30,Staging & Config,5841.98,6007.23,3624.66,3505.19,254.5,0.0,402980.83,408825.08,False
2024-04-10,AMR-001,Ford Motor - Michigan Facility,North America,12,Site Installation,4483.77,4058.54,2298.24,2690.26,98.1,0.0,364358.66,372769.17,False
2024-03-18,AMR-003,DHL - Singapore Hub,APAC,20,Planning,5262.16,5479.65,3722.34,3157.3,161.2,0.0,46174.51,47455.14,False
2024-08-05,AMR-005,Amazon - Dallas FC,North America,30,Site Installation,5889.1,9012.73,6263.81,3533.46,330.9,0.0,791216.7,812097.79,True
2024-05-22,AMR-001,Ford Motor - Michigan Facility,North America,12,Site Installation,3671.95,4145.02,2360.29,2203.17,119.3,0.0,538284.94,558449.99,False
2024-01-22,AMR-004,Bosch - Stuttgart Plant,EMEA,15,Planning,4524.54,4715.38,3239.46,2714.72,135.9,0.0,13350.4,14255.57,False
2024-04-11,AMR-002,Coca-Cola - Atlanta Warehouse,North America,8,Staging & Config,3753.28,3760.48,2514.99,2251.97,78.7,2.0,271073.22,276537.05,False
2024-06-05,AMR-007,Foxconn - Shenzhen Assembly,APAC,25,Hardware Procurement,5876.91,5076.24,2873.05,3526.14,228.4,0.0,207683.79,215510.6,False
2024-12-05,AMR-007,Foxconn - Shenzhen Assembly,APAC,25,Go-Live,6229.4,4692.82,2939.97,3737.64,273.5,0.0,1267561.22,1306891.89,False
2024-10-16,AMR-007,Foxconn - Shenzhen Assembly,APAC,25,UAT,5843.6,5587.56,3549.96,3506.16,235.6,0.0,974576.85,1008760.24,False
2024-05-07,AMR-007,Foxconn - Shenzhen Assembly,APAC,25,Planning,5658.77,6295.61,4351.7,3395.26,231.1,0.0,40021.34,42693.32,False
2024-03-19,AMR-001,Ford Motor - Michigan Facility,North America,12,Staging & Config,3708.29,4411.18,2789.74,2224.98,114.6,0.0,271284.45,277370.36,False
2024-05-31,AMR-005,Amazon - Dallas FC,North America,30,Staging & Config,6758.13,6061.47,3394.93,4054.88,293.7,0.0,383639.99,391032.19,False
2024-05-08,AMR-003,DHL - Singapore Hub,APAC,20,Staging & Config,5449.95,5238.34,3263.89,3269.97,206.3,1.0,304271.31,311721.84,False
2024-03-26,AMR-004,Bosch - Stuttgart Plant,EMEA,15,Site Installation,4251.16,4585.26,3106.34,2550.7,131.8,0.0,310078.6,321643.52,False
2024-09-01,AMR-003,DHL - Singapore Hub,APAC,20,Go-Live,5419.2,4692.54,2860.02,3251.52,223.7,0.0,896706.19,927983.7,False
2024-06-16,AMR-006,Unilever - Rotterdam DC,EMEA,10,Site Installation,3263.72,3606.4,2387.21,1958.23,87.4,0.0,432148.24,441871.93,False
2024-06-01,AMR-002,Coca-Cola - Atlanta Warehouse,North America,8,Site Installation,3822.97,4033.45,2265.61,2293.78,86.4,0.0,465818.73,480085.8,False
2024-06-11,AMR-007,Foxconn - Shenzhen Assembly,APAC,25,Hardware Procurement,5985.59,5648.7,3266.97,3591.35,266.0,0.0,241969.96,252472.09,False
2024-06-02,AMR-004,Bosch - Stuttgart Plant,EMEA,15,Go-Live,4682.76,5493.87,3526.72,2809.65,139.1,0.0,626642.52,645978.5,False
2024-03-19,AMR-002,Coca-Cola - Atlanta Warehouse,North America,8,Hardware Procurement,3621.24,4033.81,2263.25,2172.75,73.5,0.0,182848.68,186353.39,False
2024-10-05,AMR-007,Foxconn - Shenzhen Assembly,APAC,25,Site Installation,5611.93,6073.5,3582.79,3367.16,204.0,0.0,911199.99,943759.48,False
2024-06-24,AMR-006,Unilever - Rotterdam DC,EMEA,10,UAT,3679.74,3785.02,2590.25,2207.85,82.0,2.0,460696.44,470743.01,False
2024-02-16,AMR-001,Ford Motor - Michigan Facility,North America,12,Hardware Procurement,4068.23,3944.51,2342.07,2440.94,108.1,0.0,138408.39,139295.9,False
2024-07-13,AMR-007,Foxconn - Shenzhen Assembly,APAC,25,Staging & Config,6237.11,5718.9,3349.57,3742.27,203.6,0.0,427464.64,442634.21,False
2024-03-18,AMR-006,Unilever - Rotterdam DC,EMEA,10,Hardware Procurement,3485.66,4099.42,2366.03,2091.39,80.8,0.0,115931.53,117949.25,False
2024-07-10,AMR-001,Ford Motor - Michigan Facility,North America,12,Go-Live,4130.86,4420.35,2584.63,2478.52,135.2,0.0,742756.86,768521.2,False
2024-08-20,AMR-003,DHL - Singapore Hub,APAC,20,UAT,5361.14,5304.26,2965.04,3216.69,209.9,0.0,835704.54,861837.09,False
2024-07-18,AMR-006,Unilever - Rotterdam DC,EMEA,10,UAT,3454.11,3486.5,2213.54,2072.47,110.3,0.0,544263.17,557791.46,False
2024-10-28,AMR-007,Foxconn - Shenzhen Assembly,APAC,25,UAT,5547.21,6111.29,3527.1,3328.32,243.3,0.0,1045750.29,1082161.58,False
2024-08-16,AMR-005,Amazon - Dallas FC,North America,30,UAT,6283.57,6279.06,4284.55,3770.14,356.4,0.0,858864.16,881535.83,False
2024-05-18,AMR-005,Amazon - Dallas FC,North America,30,Hardware Procurement,6290.07,6588.74,4282.19,3774.04,248.2,0.0,301898.08,308324.22,False
2024-09-17,AMR-003,DHL - Singapore Hub,APAC,20,Monitoring,4978.37,5425.85,3385.0,2987.02,202.4,0.0,978890.02,1013458.04,False
2024-04-13,AMR-001,Ford Motor - Michigan Facility,North America,12,Site Installation,4224.18,5500.27,3385.27,2534.51,114.8,0.0,377660.0,387095.15,True
2024-03-09,AMR-006,Unilever - Rotterdam DC,EMEA,10,Hardware Procurement,3459.64,3914.78,2449.84,2075.79,92.2,0.0,84258.94,85185.9,False
2024-10-14,AMR-005,Amazon - Dallas FC,North America,30,Monitoring,6065.73,6726.12,4345.51,3639.44,282.4,0.0,1222857.79,1253433.85,False
2024-08-18,AMR-007,Foxconn - Shenzhen Assembly,APAC,25,Site Installation,5294.56,5365.58,3269.97,3176.74,204.7,0.0,632552.5,655111.99,False
2024-02-02,AMR-001,Ford Motor - Michigan Facility,North America,12,Planning,4190.3,4662.57,2770.95,2514.18,117.7,0.0,79805.93,82412.87,False
2024-05-20,AMR-007,Foxconn - Shenzhen Assembly,APAC,25,Planning,5922.79,5014.3,2864.65,3553.67,246.6,0.0,114159.96,120415.67,False
2024-05-19,AMR-007,Foxconn - Shenzhen Assembly,APAC,25,Planning,5499.28,5741.07,3425.55,3299.57,232.7,0.0,108237.17,115401.37,False
2024-05-13,AMR-005,Amazon - Dallas FC,North America,30,Hardware Procurement,6416.48,6961.97,4342.18,3849.89,321.1,0.0,269935.84,276246.73,False
2024-04-03,AMR-004,Bosch - Stuttgart Plant,EMEA,15,Site Installation,4946.64,4557.25,3130.62,2967.99,130.6,0.0,347889.26,358221.18,False
2024-03-29,AMR-004,Bosch - Stuttgart Plant,EMEA,15,Site Installation,4578.96,4365.46,,2747.38,139.2,0.0,324086.98,335308.28,False
2024-08-15,AMR-007,Foxconn - Shenzhen Assembly,APAC,25,Site Installation,5941.08,5287.38,3390.24,3564.65,232.6,0.0,616229.58,637052.14,False
2024-07-26,AMR-005,Amazon - Dallas FC,North America,30,Site Installation,6590.88,5925.79,3882.53,3954.53,356.1,0.0,731555.7,743594.64,False
2024-06-08,AMR-002,Coca-Cola - Atlanta Warehouse,North America,8,UAT,3877.92,3975.68,2619.77,2326.75,87.3,0.0,492899.3,506490.06,False
2024-04-19,AMR-002,Coca-Cola - Atlanta Warehouse,North America,8,Staging & Config,3601.25,4540.57,3116.68,2160.75,87.0,0.0,301817.88,309978.08,False
2024-07-11,AMR-003,DHL - Singapore Hub,APAC,20,Site Installation,4989.77,5509.8,3693.76,2993.86,211.4,0.0,628622.83,647249.55,False
2024-09-27,AMR-007,Foxconn - Shenzhen Assembly,APAC,25,Site Installation,6082.65,6077.97,4020.01,3649.59,233.9,0.0,864556.76,896396.8,False
2024-05-13,AMR-004,Bosch - Stuttgart Plant,EMEA,15,UAT,4286.22,4369.96,2728.47,2571.73,178.6,0.0,533699.89,547150.69,False
2024-05-14,AMR-004,Bosch - Stuttgart Plant,EMEA,15,UAT,4711.63,4987.29,2985.83,2826.98,130.8,0.0,538411.53,552137.98,False
2024-04-22,AMR-002,Coca-Cola - Atlanta Warehouse,North America,8,Site Installation,3621.12,4243.66,2682.02,2172.67,95.6,0.0,312824.73,321514.55,False
2024-09-19,AMR-003,DHL - Singapore Hub,APAC,20,Monitoring,5195.97,4836.29,,3117.58,203.0,0.0,989373.75,1023027.81,False
2024-05-24,AMR-001,Ford Motor - Michigan Facility,North America,12,UAT,4064.94,4179.89,2925.77,2438.96,122.0,0.0,546609.53,566555.2,False
2024-08-16,AMR-006,Unilever - Rotterdam DC,EMEA,10,Monitoring,3590.9,3392.34,2202.31,2154.54,109.3,0.0,646743.66,661039.99,False
2024-03-13,AMR-003,DHL - Singapore Hub,APAC,20,Planning,5402.52,4525.05,3017.43,3241.51,176.7,0.0,19979.96,21467.56,False
2024-05-10,AMR-007,Foxconn - Shenzhen Assembly,APAC,25,Planning,5860.44,6545.74,4493.15,3516.26,252.4,0.0,57969.16,61318.82,False
2024-06-30,AMR-007,Foxconn - Shenzhen Assembly,APAC,25,Hardware Procurement,5245.56,6241.13,4355.19,3147.33,267.3,0.0,350394.73,365451.63,False
2024-05-23,AMR-003,DHL - Singapore Hub,APAC,20,Staging & Config,4951.92,4979.21,2861.22,2971.15,181.3,0.0,380873.81,390407.17,False
2024-04-25,AMR-004,Bosch - Stuttgart Plant,EMEA,15,Site Installation,4258.23,4054.07,2545.89,2554.94,138.7,0.0,450506.91,462036.05,False
2024-06-08,AMR-007,Foxconn - Shenzhen Assembly,APAC,25,Hardware Procurement,5423.48,5880.24,3820.87,3254.09,291.1,0.0,224394.02,234991.41,False
2024-07-17,AMR-005,Amazon - Dallas FC,North America,30,Site Installation,6334.86,6920.38,4420.04,3800.92,340.5,0.0,674032.29,688466.31,False
2024-10-30,AMR-007,Foxconn - Shenzhen Assembly,APAC,25,UAT,5802.17,5888.15,3580.91,3481.3,275.7,0.0,1057478.37,1093441.19,False
2024-06-11,AMR-004,Bosch - Stuttgart Plant,EMEA,15,Go-Live,4644.11,4658.05,2959.49,2786.47,174.3,0.0,668867.99,690352.05,False
2024-02-05,AMR-002,Coca-Cola - Atlanta Warehouse,North America,8,Planning,3761.34,3704.98,2427.58,2256.81,65.0,2.0,18912.47,20413.77,False
2024-03-07,AMR-002,Coca-Cola - Atlanta Warehouse,North America,8,Hardware Procurement,3991.25,4630.53,2717.32,2394.75,76.1,1.0,136828.9,141775.86,False
2024-07-20,AMR-003,DHL - Singapore Hub,APAC,20,Site Installation,5608.88,4850.24,3086.37,3365.33,185.9,0.0,676081.0,695252.45,False
2024-02-27,AMR-006,Unilever - Rotterdam DC,EMEA,10,Planning,3575.8,2804.92,1698.51,2145.48,87.9,0.0,45308.48,44897.51,False
2024-08-27,AMR-005,Amazon - Dallas FC,North America,30,UAT,6453.38,7145.24,4620.18,3872.03,295.1,0.0,926085.1,951965.47,False
2024-02-15,AMR-006,Unilever - Rotterdam DC,EMEA,10,Planning,3814.06,3714.91,2113.18,2288.44,87.5,1.0,3814.06,3714.91,False
2024-06-05,AMR-006,Unilever - Rotterdam DC,EMEA,10,Site Installation,3736.21,3506.67,2364.2,2241.72,80.3,1.0,393695.46,402220.36,False
2024-07-27,AMR-005,Amazon - Dallas FC,North America,30,Site Installation,6202.42,6028.0,3885.94,3721.45,358.6,0.0,737758.12,749622.64,False
2024-02-18,AMR-002,Coca-Cola - Atlanta Warehouse,North America,8,Planning,3905.62,3770.22,2553.35,2343.37,76.1,0.0,67915.62,70361.0,False
2024-08-04,AMR-006,Unilever - Rotterdam DC,EMEA,10,Go-Live,3538.4,3711.46,2136.44,2123.04,114.8,1.0,605373.02,617862.69,False
2024-06-25,AMR-003,DHL - Singapore Hub,APAC,20,Site Installation,5180.37,5402.64,3345.88,3108.22,198.9,0.0,548305.5,562228.95,False
2024-04-24,AMR-004,Bosch - Stuttgart Plant,EMEA,15,Site Installation,4670.49,4929.74,2824.06,2802.29,127.7,0.0,446248.68,457981.98,False
2024-02-19,AMR-001,Ford Motor - Michigan Facility,North America,12,Hardware Procurement,4388.75,4155.35,2560.32,2633.25,126.1,0.0,151614.76,152423.35,False
2024-07-14,AMR-001,Ford Motor - Michigan Facility,North America,12,Monitoring,4076.56,4500.97,2671.54,2445.94,125.2,0.0,759366.05,786381.25,False
2024-05-16,AMR-003,DHL - Singapore Hub,APAC,20,Staging & Config,5442.16,5065.71,2924.84,3265.3,183.5,0.0,346701.37,354141.18,False
2024-05-27,AMR-007,Foxconn - Shenzhen Assembly,APAC,25,Hardware Procurement,6051.36,5825.29,3686.75,3630.82,249.0,0.0,154966.2,162522.63,False
2024-05-16,AMR-004,Bosch - Stuttgart Plant,EMEA,15,UAT,4782.06,,2588.79,2869.23,145.1,0.0,547747.99,562392.98,False
2024-07-11,AMR-007,Foxconn - Shenzhen Assembly,APAC,25,Staging & Config,6005.25,6650.7,3826.83,3603.15,246.4,0.0,415073.03,430444.37,False
2024-02-08,AMR-002,Coca-Cola - Atlanta Warehouse,North America,8,Planning,3898.26,4208.5,2355.56,2338.95,71.9,0.0,30234.21,32393.74,False
2024-07-03,AMR-006,Unilever - Rotterdam DC,EMEA,10,UAT,3299.13,3339.45,2104.37,1979.48,93.7,0.0,492403.55,503456.21,False
2024-03-16,AMR-004,Bosch - Stuttgart Plant,EMEA,15,Staging & Config,4712.07,4710.64,3116.68,2827.24,153.6,0.0,264123.1,275074.0,False
2024-08-08,AMR-002,Coca-Cola - Atlanta Warehouse,North America,8,Monitoring,3807.41,3618.57,2325.24,2284.45,65.3,1.0,724980.06,746842.81,False
2024-06-05,AMR-003,DHL - Singapore Hub,APAC,20,Site Installation,5361.02,4625.32,3152.01,3216.61,219.4,0.0,447083.07,457083.55,False
2024-06-18,AMR-007,Foxconn - Shenzhen Assembly,APAC,25,Hardware Procurement,5739.62,5144.16,2861.81,3443.77,272.9,0.0,282852.35,291816.12,False
2024-07-02,AMR-005,Amazon - Dallas FC,North America,30,Site Installation,6226.19,6037.15,3338.05,3735.71,324.5,0.0,582502.08,591681.44,False
2024-06-21,AMR-004,Bosch - Stuttgart Plant,EMEA,15,Monitoring,4772.67,4708.53,3283.34,2863.6,161.4,0.0,714317.2,739356.45,False
2024-02-07,AMR-002,Coca-Cola - Atlanta Warehouse,North America,8,Planning,3704.8,3822.06,2243.13,2222.88,69.5,0.0,26335.96,28185.24,False
2024-06-23,AMR-006,Unilever - Rotterdam DC,EMEA,10,UAT,3461.18,3322.53,2252.61,2076.71,119.8,2.0,457016.69,466957.99,False
2024-05-14,AMR-007,Foxconn - Shenzhen Assembly,APAC,25,Planning,5679.89,5891.57,3976.83,3407.93,230.0,0.0,80251.16,84284.62,False
2024-06-28,AMR-004,Bosch - Stuttgart Plant,EMEA,15,Monitoring,4900.78,4591.23,3021.29,2940.47,123.9,0.0,747438.23,773164.59,False
2024-08-10,AMR-002,Coca-Cola - Atlanta Warehouse,North America,8,Monitoring,3740.32,4017.23,2385.05,2244.19,67.3,0.0,732660.14,754421.29,False
2024-01-29,AMR-001,Ford Motor - Michigan Facility,North America,12,Planning,4338.85,3844.1,2269.79,2603.31,109.5,0.0,62896.56,64898.81,False
2024-06-10,AMR-006,Unilever - Rotterdam DC,EMEA,10,Site Installation,3762.84,3403.39,1898.65,2257.71,93.9,0.0,411764.08,419424.91,False
2024-05-18,AMR-001,Ford Motor - Michigan Facility,North America,12,Site Installation,4383.74,4473.67,2475.23,2630.24,121.4,0.0,522234.75,541001.13,False
2024-08-06,AMR-006,Unilever - Rotterdam DC,EMEA,10,Go-Live,3212.92,3803.02,2397.2,1927.75,115.7,0.0,612004.64,625123.86,False
2024-03-25,AMR-003,DHL - Singapore Hub,APAC,20,Planning,5000.49,5345.4,3310.35,3000.29,169.0,1.0,82383.11,82362.11,False
2024-08-12,AMR-003,DHL - Singapore Hub,APAC,20,UAT,5081.72,5337.31,3102.0,3049.03,224.0,0.0,794098.97,818519.63,False
2024-10-22,AMR-007,Foxconn - Shenzhen Assembly,APAC,25,UAT,6013.41,6324.18,4347.35,3608.04,203.6,0.0,1010627.72,1045208.15,False
2024-10-03,AMR-005,Amazon - Dallas FC,North America,30,Monitoring,6019.04,6217.54,3512.83,3611.42,299.2,1.0,1154259.26,1181954.08,False
2024-07-08,AMR-007,Foxconn - Shenzhen Assembly,APAC,25,Staging & Config,5498.1,6167.52,3936.66,3298.86,249.0,0.0,397575.83,411724.43,False
2024-06-21,AMR-001,Ford Motor - Michigan Facility,North America,12,UAT,4094.51,4560.79,2638.42,2456.71,122.9,0.0,664451.37,687790.7,False
2024-05-11,AMR-002,Coca-Cola - Atlanta Warehouse,North America,8,Site Installation,3661.06,4302.31,,2196.64,86.7,0.0,384854.69,395856.73,False
2024-05-05,AMR-001,Ford Motor - Michigan Facility,North America,12,Site Installation,3818.42,3094.41,2141.78,2291.05,121.6,0.0,468656.62,483382.36,False
2024-10-20,AMR-007,Foxconn - Shenzhen Assembly,APAC,25,UAT,5847.18,5422.93,3469.75,3508.31,253.2,0.0,998312.82,1032560.05,False
2024-03-08,AMR-002,Coca-Cola - Atlanta Warehouse,North America,8,Hardware Procurement,3979.07,3930.29,2640.5,2387.44,82.5,0.0,140807.97,145706.15,False
2024-04-30,AMR-002,Coca-Cola - Atlanta Warehouse,North America,8,Site Installation,3945.95,4063.28,2440.16,2367.57,80.8,0.0,342937.02,352260.94,False
2024-11-27,AMR-007,Foxconn - Shenzhen Assembly,APAC,25,Go-Live,6158.12,6076.07,4084.55,3694.87,246.4,0.0,1220466.8,1260539.56,False
2024-06-29,AMR-001,Ford Motor - Michigan Facility,North America,12,Go-Live,4397.5,4558.38,2823.72,2638.5,130.5,0.0,697720.97,722348.07,False
2024-04-26,AMR-006,Unilever - Rotterdam DC,EMEA,10,Staging & Config,3653.91,3608.96,2025.84,2192.35,93.9,0.0,252144.68,256530.49,False
2024-07-23,AMR-007,Foxconn - Shenzhen Assembly,APAC,25,Staging & Config,5462.18,5637.14,3621.85,3277.31,209.3,0.0,485641.68,502578.16,False
2024-06-26,AMR-006,Unilever - Rotterdam DC,EMEA,10,UAT,3788.68,4273.92,2798.6,2273.21,86.6,0.0,467876.96,478575.02,False
2024-04-08,AMR-003,DHL - Singapore Hub,APAC,20,Hardware Procurement,4762.03,5505.79,3488.8,2857.22,190.0,0.0,153698.88,156449.09,False
2024-06-28,AMR-006,Unilever - Rotterdam DC,EMEA,10,UAT,3467.2,3660.6,2290.46,2080.32,108.7,0.0,475043.64,485818.57,False
2024-07-17,AMR-006,Unilever - Rotterdam DC,EMEA,10,UAT,3386.52,3657.7,2184.52,2031.91,106.6,0.0,540809.06,554304.96,False
2024-03-15,AMR-002,Coca-Cola - Atlanta Warehouse,North America,8,Hardware Procurement,3818.76,4034.02,2581.92,2291.26,78.8,0.0,167742.34,171448.88,False
2024-08-20,AMR-006,Unilever - Rotterdam DC,EMEA,10,Monitoring,3548.0,3185.81,1897.34,2128.8,93.5,0.0,661150.47,675448.51,False
2024-06-18,AMR-002,Coca-Cola - Atlanta Warehouse,North America,8,UAT,3978.06,3914.09,2504.71,2386.84,82.7,0.0,530340.83,544979.14,False
2024-02-12,AMR-002,Coca-Cola - Atlanta Warehouse,North America,8,Planning,3626.34,3751.0,2144.9,2175.8,87.9,0.0,44776.22,48321.45,False
2024-09-11,AMR-007,Foxconn - Shenzhen Assembly,APAC,25,Site Installation,5854.2,5712.24,3661.84,3512.52,298.0,0.0,771159.25,798328.75,False
2024-09-14,AMR-003,DHL - Singapore Hub,APAC,20,Monitoring,4963.67,5632.66,3305.23,2978.2,160.9,0.0,963864.76,997197.45,False
2024-03-14,AMR-006,Unilever - Rotterdam DC,EMEA,10,Hardware Procurement,3505.2,3513.7,2250.82,2103.12,93.7,0.0,101818.03,103327.06,False
2024-04-20,AMR-004,Bosch - Stuttgart Plant,EMEA,15,Site Installation,4646.83,4225.91,2815.88,2788.1,133.8,0.0,427388.97,437737.37,False
2024-05-14,AMR-001,Ford Motor - Michigan Facility,North America,12,Site Installation,3730.21,4046.85,2483.81,2238.13,124.7,0.0,505042.68,523377.82,False
2024-06-01,AMR-003,DHL - Singapore Hub,APAC,20,Site Installation,4998.53,5099.06,2952.15,2999.12,191.7,0.0,426873.72,436675.2,False
2024-07-23,AMR-002,Coca-Cola - Atlanta Warehouse,North America,8,Go-Live,3654.98,3736.83,2348.82,2192.99,66.0,0.0,663407.17,684684.47,False
2024-08-14,AMR-005,Amazon - Dallas FC,North America,30,UAT,6204.78,5706.55,3820.06,3722.87,331.8,0.0,845901.24,868855.8,False
2024-05-28,AMR-004,Bosch - Stuttgart Plant,EMEA,15,UAT,4859.32,4883.71,3273.46,2915.59,165.5,0.0,604410.16,620290.06,False
2024-05-08,AMR-004,Bosch - Stuttgart Plant,EMEA,15,UAT,4725.92,4651.82,2740.68,2835.55,167.4,0.0,511086.47,525380.09,False
2024-04-17,AMR-001,Ford Motor - Michigan Facility,North America,12,Site Installation,4204.86,4891.89,3334.55,2522.91,110.9,0.0,394120.78,404202.08,False
2024-06-28,AMR-007,Foxconn - Shenzhen Assembly,APAC,25,Hardware Procurement,5576.39,6086.76,3522.5,3345.83,245.7,0.0,339190.82,351533.94,False
2024-06-11,AMR-001,Ford Motor - Michigan Facility,North America,12,UAT,4107.91,4616.84,2856.04,2464.74,125.4,0.0,622087.23,644324.0,False
2024-02-21,AMR-001,Ford Motor - Michigan Facility,North America,12,Hardware Procurement,4243.76,4545.8,2694.64,2546.25,120.6,0.0,160071.25,161126.82,False
2024-06-22,AMR-001,Ford Motor - Michigan Facility,North America,12,Go-Live,4114.12,4376.91,3013.62,2468.47,,0.0,668565.49,692167.6,False
2024-05-04,AMR-006,Unilever - Rotterdam DC,EMEA,10,Staging & Config,3425.53,3451.62,2162.0,2055.32,116.1,0.0,280651.7,285709.09,False
2024-03-20,AMR-002,Coca-Cola - Atlanta Warehouse,North America,8,Hardware Procurement,3787.06,4003.0,2571.3,2272.23,93.4,0.0,186635.74,190356.4,False
2024-11-21,AMR-007,Foxconn - Shenzhen Assembly,APAC,25,Go-Live,5582.8,5242.38,2895.69,3349.68,280.8,0.0,1186117.06,1225094.91,False
2024-07-25,AMR-007,Foxconn - Shenzhen Assembly,APAC,25,Staging & Config,5504.98,5458.69,3167.8,3302.99,288.1,0.0,496307.07,513301.04,False
2024-06-19,AMR-002,Coca-Cola - Atlanta Warehouse,North America,8,UAT,3907.86,3157.14,2090.45,2344.72,71.8,1.0,534248.69,548136.27,False
2024-04-06,AMR-002,Coca-Cola - Atlanta Warehouse,North America,8,Staging & Config,3916.2,3706.96,2114.3,2349.72,91.0,0.0,251640.44,257152.01,False
2024-08-08,AMR-006,Unilever - Rotterdam DC,EMEA,10,Go-Live,3388.93,3100.55,2104.45,2033.36,105.9,0.0,618604.64,631452.54,False
2024-01-30,AMR-001,Ford Motor - Michigan Facility,North America,12,Planning,4205.22,4203.23,2454.21,2523.13,105.7,2.0,67101.77,69102.03,False
2024-06-14,AMR-001,Ford Motor - Michigan Facility,North America,12,UAT,4262.97,4273.06,2925.64,2557.78,141.3,0.0,635214.16,657028.9,False
2024-02-29,AMR-001,Ford Motor - Michigan Facility,North America,12,Hardware Procurement,4353.64,4325.68,2793.93,2612.18,114.9,0.0,192836.02,194718.99,False
2024-05-27,AMR-005,Amazon - Dallas FC,North America,30,Staging & Config,6002.5,6283.62,3672.27,3601.5,280.2,0.0,358070.1,366376.24,False
2024-06-06,AMR-003,DHL - Singapore Hub,APAC,20,Site Installation,5175.79,5082.26,2827.45,3105.47,220.4,0.0,452258.85,462165.82,False
2024-10-27,AMR-007,Foxconn - Shenzhen Assembly,APAC,25,UAT,5845.99,6114.43,3741.29,3507.59,299.2,0.0,1040203.09,1076050.29,False
2024-03-24,AMR-004,Bosch - Stuttgart Plant,EMEA,15,Staging & Config,4663.95,4812.5,3285.8,2798.37,154.7,0.0,300904.07,312025.3,False
2024-07-15,AMR-006,Unilever - Rotterdam DC,EMEA,10,UAT,3215.01,3380.15,1944.45,1929.01,83.8,0.0,533747.22,547143.83,False
2024-05-17,AMR-001,Ford Motor - Michigan Facility,North America,12,Site Installation,4050.2,4727.78,2823.67,2430.12,132.5,0.0,517851.01,536527.46,False
2024-07-30,AMR-006,Unilever - Rotterdam DC,EMEA,10,Go-Live,3768.78,3568.09,2355.28,2261.27,110.4,0.0,587146.24,599774.54,False
2024-08-08,AMR-007,Foxconn - Shenzhen Assembly,APAC,25,Site Installation,5705.46,6035.63,3662.29,3423.28,200.4,1.0,575304.29,595015.75,False
2024-08-22,AMR-005,Amazon - Dallas FC,North America,30,UAT,5783.82,6202.77,3565.98,3470.29,303.4,0.0,895717.26,918179.28,False
2024-02-14,AMR-002,Coca-Cola - Atlanta Warehouse,North America,8,Planning,3840.22,3462.35,2335.73,2304.13,73.0,0.0,52364.62,54779.62,False
2024-04-07,AMR-003,DHL - Singapore Hub,APAC,20,Hardware Procurement,4819.84,5246.05,2922.99,2891.9,220.3,0.0,148936.85,150943.3,False
2024-08-26,AMR-007,Foxconn - Shenzhen Assembly,APAC,25,Site Installation,5797.15,5675.65,3876.4,3478.29,273.1,0.0,679014.51,704803.91,False
2024-04-04,AMR-003,DHL - Singapore Hub,APAC,20,Hardware Procurement,5707.47,4996.15,3443.45,3424.48,215.0,0.0,133012.02,135289.67,False
2024-03-09,AMR-002,Coca-Cola - Atlanta Warehouse,North America,8,Hardware Procurement,3996.01,3569.47,1971.1,2397.61,88.4,0.0,144803.98,149275.62,False
2024-06-13,AMR-007,Foxconn - Shenzhen Assembly,APAC,25,Hardware Procurement,5961.87,5265.1,3501.14,3577.12,283.1,0.0,253357.38,263372.83,False
2024-06-21,AMR-003,DHL - Singapore Hub,APAC,20,Site Installation,4751.0,4993.09,2915.74,2850.6,224.2,0.0,528318.78,540314.38,False
2024-01-24,AMR-001,Ford Motor - Michigan Facility,North America,12,Planning,4049.1,4248.08,,2429.46,101.3,0.0,42198.43,43530.17,False
2024-08-15,AMR-006,Unilever - Rotterdam DC,EMEA,10,Monitoring,3542.9,,2468.04,2125.74,114.3,1.0,643152.76,657647.66,False
2024-05-16,AMR-005,Amazon - Dallas FC,North America,30,Hardware Procurement,6720.06,5881.28,3858.11,4032.03,302.4,0.0,288917.88,295551.59,False
2024-04-23,AMR-005,Amazon - Dallas FC,North America,30,Hardware Procurement,5958.76,6099.0,3539.5,3575.26,281.9,0.0,142877.82,141697.09,False
2024-03-25,AMR-002,Coca-Cola - Atlanta Warehouse,North America,8,Staging & Config,3785.67,3908.74,2674.42,2271.4,88.8,0.0,206146.0,210048.97,False
2024-07-28,AMR-002,Coca-Cola - Atlanta Warehouse,North America,8,Monitoring,4021.7,3969.35,2457.29,2413.02,90.0,2.0,682831.7,703714.71,False
2024-03-18,AMR-001,Ford Motor - Michigan Facility,North America,12,Staging & Config,4054.03,4343.54,2662.45,2432.42,141.8,0.0,267576.15,272959.18,False
2024-07-08,AMR-003,DHL - Singapore Hub,APAC,20,Site Installation,5100.95,4776.61,3162.28,3060.57,174.4,0.0,613664.12,631979.5,False
2024-08-05,AMR-007,Foxconn - Shenzhen Assembly,APAC,25,Staging & Config,5609.93,5793.42,3222.19,3365.96,245.4,0.0,558788.98,576859.45,False
2024-05-27,AMR-006,Unilever - Rotterdam DC,EMEA,10,Site Installation,3154.42,3586.13,2063.62,1892.65,96.6,0.0,361775.82,367613.23,False
2024-12-17,AMR-007,Foxconn - Shenzhen Assembly,APAC,25,Monitoring,5784.81,5461.04,3084.12,3470.89,265.9,0.0,1336901.18,1378589.9,False
2024-04-28,AMR-004,Bosch - Stuttgart Plant,EMEA,15,Site Installation,4549.78,5040.92,3003.9,2729.87,139.4,0.0,464765.34,476129.49,False
2024-07-10,AMR-002,Coca-Cola - Atlanta Warehouse,North America,8,Go-Live,3778.6,4154.81,2632.16,2267.16,87.7,0.0,614320.57,632402.32,False
2024-09-29,AMR-003,DHL - Singapore Hub,APAC,20,Monitoring,5183.93,5256.65,3362.62,3110.36,212.7,0.0,1040919.81,1075397.34,False
2024-03-13,AMR-001,Ford Motor - Michigan Facility,North America,12,Staging & Config,4251.82,4304.66,2872.04,2551.09,110.9,0.0,247141.21,251819.6,False
2024-04-08,AMR-005,Amazon - Dallas FC,North America,30,Planning,6595.41,5449.98,3148.48,3957.25,240.8,0.0,50100.02,47852.93,False
2024-06-27,AMR-006,Unilever - Rotterdam DC,EMEA,10,UAT,3699.48,3582.95,2469.84,2219.69,118.3,1.0,471576.44,482157.97,False
2024-06-16,AMR-002,Coca-Cola - Atlanta Warehouse,North America,8,UAT,3666.19,3751.34,2247.26,2199.71,79.1,0.0,522732.77,537373.95,False
2024-06-11,AMR-003,DHL - Singapore Hub,APAC,20,Site Installation,5476.26,5490.84,3274.46,3285.75,227.1,0.0,477592.73,489665.66,False
2024-07-18,AMR-002,Coca-Cola - Atlanta Warehouse,North America,8,Go-Live,4082.5,3747.33,2124.91,2449.5,73.2,0.0,644415.61,665776.3,False
2024-06-19,AMR-004,Bosch - Stuttgart Plant,EMEA,15,Monitoring,4183.14,5640.93,3767.89,2509.88,128.4,0.0,705445.39,729969.18,True
2024-08-10,AMR-003,DHL - Singapore Hub,APAC,20,UAT,5292.21,8168.0,4551.58,3175.33,211.4,0.0,784333.81,807763.92,True
2024-09-01,AMR-007,Foxconn - Shenzhen Assembly,APAC,25,Site Installation,5647.57,5635.61,3703.48,3388.54,286.4,0.0,712936.04,741917.56,False
2024-06-21,AMR-005,Amazon - Dallas FC,North America,30,Site Installation,5917.17,6573.11,3914.02,3550.3,291.5,2.0,514116.28,524175.02,False
2024-07-10,AMR-006,Unilever - Rotterdam DC,EMEA,10,UAT,3688.74,3477.31,2313.0,2213.25,114.7,1.0,516989.52,528813.04,False
2024-04-27,AMR-005,Amazon - Dallas FC,North America,30,Hardware Procurement,6325.53,6887.92,4301.97,3795.32,285.8,0.0,169324.34,168599.83,False
2024-05-07,AMR-002,Coca-Cola - Atlanta Warehouse,North America,8,Site Installation,3705.1,4322.49,2588.85,2223.06,75.0,0.0,369602.46,379457.29,False
2024-02-03,AMR-004,Bosch - Stuttgart Plant,EMEA,15,Planning,4985.67,4183.67,2802.47,2991.4,140.7,0.0,69372.16,70560.87,False
2024-05-03,AMR-004,Bosch - Stuttgart Plant,EMEA,15,Site Installation,4471.58,4726.93,3013.72,2682.95,167.4,0.0,487850.75,501598.44,False
2024-07-07,AMR-003,DHL - Singapore Hub,APAC,20,Site Installation,5174.96,5195.05,3398.22,3104.97,214.5,0.0,608563.18,627202.89,False
2024-03-02,AMR-001,Ford Motor - Michigan Facility,North America,12,Hardware Procurement,4294.25,4433.15,3091.38,2576.55,99.3,0.0,201430.63,203577.79,False
2024-07-01,AMR-001,Ford Motor - Michigan Facility,North America,12,Go-Live,4119.02,3303.85,2158.51,2471.41,138.4,0.0,705936.63,729872.02,False
2024-10-03,AMR-007,Foxconn - Shenzhen Assembly,APAC,25,Site Installation,5595.93,,3997.46,3357.56,234.6,0.0,899858.36,932166.62,False
2024-04-29,AMR-006,Unilever - Rotterdam DC,EMEA,10,Staging & Config,3883.53,3812.97,2628.69,2330.12,87.4,0.0,263038.59,267226.53,False
2024-06-17,AMR-007,Foxconn - Shenzhen Assembly,APAC,25,Hardware Procurement,5717.72,6102.74,4243.62,3430.63,296.1,0.0,277112.73,286671.96,False
2024-11-25,AMR-007,Foxconn - Shenzhen Assembly,APAC,25,Go-Live,5287.96,5337.83,3333.08,3172.77,206.3,0.0,1208876.53,1248944.86,False
2024-05-10,AMR-002,Coca-Cola - Atlanta Warehouse,North America,8,Site Installation,3720.03,3735.1,2533.6,2232.02,64.6,0.0,381193.63,391554.41,False
2024-05-20,AMR-002,Coca-Cola - Atlanta Warehouse,North America,8,Site Installation,4070.04,4678.92,2905.76,2442.02,74.2,0.0,419344.62,433754.26,False
2024-08-25,AMR-003,DHL - Singapore Hub,APAC,20,Go-Live,5220.63,5378.88,3547.1,3132.38,164.1,0.0,861326.05,889287.83,False
2024-05-07,AMR-003,DHL - Singapore Hub,APAC,20,Staging & Config,5424.95,4518.47,2978.85,3254.97,160.4,0.0,298821.37,306483.5,False
2024-04-30,AMR-001,Ford Motor - Michigan Facility,North America,12,Site Installation,4476.54,4385.45,2531.97,2685.93,133.9,0.0,448496.7,462136.99,False
2024-03-11,AMR-006,Unilever - Rotterdam DC,EMEA,10,Hardware Procurement,3567.75,3590.74,2090.56,2140.65,106.4,0.0,91329.16,92281.79,False
2024-02-01,AMR-004,Bosch - Stuttgart Plant,EMEA,15,Planning,4423.58,4705.18,3138.13,2654.15,173.9,0.0,59587.29,61524.1,False
2024-12-01,AMR-007,Foxconn - Shenzhen Assembly,APAC,25,Go-Live,6396.04,6707.32,3729.53,3837.63,241.4,0.0,1243901.77,1283797.59,False
2024-07-06,AMR-002,Coca-Cola - Atlanta Warehouse,North America,8,UAT,4013.82,4358.53,2590.12,2408.29,71.5,0.0,599163.18,615182.98,False
2024-08-15,AMR-003,DHL - Singapore Hub,APAC,20,UAT,5329.16,6441.93,4195.48,3197.5,163.4,0.0,809326.77,835510.58,False
2024-11-09,AMR-007,Foxconn - Shenzhen Assembly,APAC,25,UAT,5931.08,5012.32,2889.89,3558.65,219.4,0.0,1117451.07,1152779.72,False
2024-06-02,AMR-002,Coca-Cola - Atlanta Warehouse,North America,8,Site Installation,3839.58,3501.18,2379.58,2303.75,85.9,0.0,469658.31,483586.99,False
2024-07-12,AMR-006,Unilever - Rotterdam DC,EMEA,10,UAT,3337.79,3625.14,2472.01,2002.68,86.6,0.0,523765.51,536085.8,False
2024-01-16,AMR-001,Ford Motor - Michigan Facility,North America,12,Planning,4444.5,5047.93,3178.33,2666.7,102.0,0.0,8683.71,8963.71,True
2024-03-26,AMR-006,Unilever - Rotterdam DC,EMEA,10,Hardware Procurement,3834.15,3054.87,2076.46,2300.49,113.4,0.0,144242.95,147417.4,False
2024-07-26,AMR-006,Unilever - Rotterdam DC,EMEA,10,Go-Live,3710.14,3382.52,1974.84,2226.08,99.4,0.0,572294.8,585341.23,False
2024-02-22,AMR-004,Bosch - Stuttgart Plant,EMEA,15,Hardware Procurement,4558.47,4774.94,2897.01,2735.08,138.5,0.0,156830.6,165423.96,False
2024-04-12,AMR-004,Bosch - Stuttgart Plant,EMEA,15,Site Installation,4317.38,4731.06,2952.67,2590.43,157.3,0.0,390216.69,401652.55,False
2024-08-11,AMR-007,Foxconn - Shenzhen Assembly,APAC,25,Site Installation,5524.6,6238.3,3678.35,3314.76,290.8,0.0,592919.94,614075.97,False
2024-04-18,AMR-005,Amazon - Dallas FC,North America,30,Planning,6089.76,6041.67,3552.13,3653.85,271.5,0.0,112833.36,111442.35,False
2024-08-10,AMR-005,Amazon - Dallas FC,North America,30,UAT,6672.15,6574.55,3642.21,4003.29,279.8,0.0,821794.88,843602.58,False
2024-06-13,AMR-006,Unilever - Rotterdam DC,EMEA,10,Site Installation,3335.17,3764.4,2439.32,2001.1,105.0,0.0,421771.57,431143.63,False
2024-05-04,AMR-003,DHL - Singapore Hub,APAC,20,Staging & Config,4873.43,5241.84,3060.2,2924.06,209.9,0.0,283272.62,291074.33,False
2024-03-23,AMR-004,Bosch - Stuttgart Plant,EMEA,15,Staging & Config,4560.94,5115.11,3108.77,2736.57,141.0,0.0,296240.11,307212.8,False
2024-03-19,AMR-004,Bosch - Stuttgart Plant,EMEA,15,Staging & Config,4503.17,4560.47,3182.28,2701.9,139.8,0.0,277501.72,289237.46,False
2024-05-25,AMR-005,Amazon - Dallas FC,North America,30,Staging & Config,6035.52,6848.88,4638.42,3621.31,318.0,0.0,345618.59,353585.85,False
2024-05-09,AMR-005,Amazon - Dallas FC,North America,30,Hardware Procurement,6160.25,6523.2,4163.33,3696.15,302.9,0.0,244998.74,247784.15,False
2024-03-27,AMR-002,Coca-Cola - Atlanta Warehouse,North America,8,Staging & Config,3575.19,4085.81,2490.84,2145.12,83.6,0.0,213541.69,217833.72,False
2024-05-14,AMR-006,Unilever - Rotterdam DC,EMEA,10,Site Installation,3844.72,2747.32,1602.72,2306.83,86.9,2.0,315810.95,320600.64,False
2024-08-11,AMR-005,Amazon - Dallas FC,North America,30,UAT,6075.59,6755.86,3907.61,3645.35,281.2,0.0,827870.47,850358.44,False
2024-09-01,AMR-005,Amazon - Dallas FC,North America,30,UAT,5776.03,6366.47,3905.21,3465.62,349.2,0.0,955863.66,983639.58,False
2024-02-24,AMR-006,Unilever - Rotterdam DC,EMEA,10,Planning,3337.89,3385.31,2198.8,2002.74,117.9,0.0,34566.25,35289.16,False
2024-01-17,AMR-001,Ford Motor - Michigan Facility,North America,12,Planning,3823.53,4386.7,2703.96,2294.12,116.5,0.0,12507.24,13350.42,False
2024-08-14,AMR-006,Unilever - Rotterdam DC,EMEA,10,Monitoring,3210.81,3613.86,2262.58,1926.48,102.2,0.0,639609.86,653584.46,False
2024-06-06,AMR-002,Coca-Cola - Atlanta Warehouse,North America,8,Site Installation,3741.45,4061.09,,2244.87,66.8,0.0,484980.74,498837.12,False
2024-03-22,AMR-004,Bosch - Stuttgart Plant,EMEA,15,Staging & Config,4622.57,4728.43,3186.15,2773.54,141.1,0.0,291679.17,302097.69,False
2024-05-03,AMR-005,Amazon - Dallas FC,North America,30,Hardware Procurement,6656.07,5935.66,3538.24,3993.64,310.1,0.0,207967.85,208694.06,False
2024-03-25,AMR-006,Unilever - Rotterdam DC,EMEA,10,Hardware Procurement,3571.93,3185.87,2129.92,2143.16,92.9,0.0,140408.8,144362.53,False
2024-07-14,AMR-003,DHL - Singapore Hub,APAC,20,Site Installation,5081.61,5244.76,3053.65,3048.97,189.4,0.0,643791.08,664943.64,False
2024-02-24,AMR-004,Bosch - Stuttgart Plant,EMEA,15,Hardware Procurement,4487.04,4728.34,2748.32,2692.22,125.3,0.0,165750.52,176440.44,False
2024-08-24,AMR-003,DHL - Singapore Hub,APAC,20,Go-Live,5367.07,5504.42,3761.94,3220.24,199.9,0.0,856105.41,883908.95,False
2024-09-11,AMR-005,Amazon - Dallas FC,North America,30,Go-Live,7046.31,6238.03,3853.88,4227.78,327.6,0.0,1018622.9,1046899.7,False
2024-02-12,AMR-004,Bosch - Stuttgart Plant,EMEA,15,Hardware Procurement,4552.91,4510.62,2667.01,2731.74,133.7,0.0,110096.19,115846.59,False
2024-04-02,AMR-002,Coca-Cola - Atlanta Warehouse,North America,8,Staging & Config,4060.5,4172.96,2724.4,2436.3,77.8,0.0,236726.65,241097.42,False
2024-07-07,AMR-007,Foxconn - Shenzhen Assembly,APAC,25,Staging & Config,6082.95,5959.66,3868.48,3649.77,252.8,0.0,392077.73,405556.91,False
2024-07-24,AMR-006,Unilever - Rotterdam DC,EMEA,10,Go-Live,3296.08,3581.01,2035.56,1977.65,101.0,0.0,564990.11,578108.84,False
2024-11-08,AMR-007,Foxconn - Shenzhen Assembly,APAC,25,UAT,6514.99,6568.3,3799.84,3908.99,272.1,0.0,1111520.0,1147767.4,False
2024-07-29,AMR-002,Coca-Cola - Atlanta Warehouse,North America,8,Monitoring,3514.34,4480.33,2473.59,2108.61,68.8,0.0,686346.04,708195.04,False
2024-03-20,AMR-001,Ford Motor - Michigan Facility,North America,12,Staging & Config,4460.74,3748.52,2441.47,2676.44,114.3,0.0,275745.18,281118.88,False
2024-02-19,AMR-004,Bosch - Stuttgart Plant,EMEA,15,Hardware Procurement,4571.04,4281.66,2736.52,2742.62,157.7,0.0,142780.62,149984.11,False
2024-09-13,AMR-007,Foxconn - Shenzhen Assembly,APAC,25,Site Installation,5803.17,5729.86,3760.59,3481.9,287.2,1.0,783079.41,810394.87,False
2024-06-17,AMR-001,Ford Motor - Michigan Facility,North America,12,UAT,4222.29,4342.7,2426.61,2533.38,112.1,0.0,647964.37,670433.39,False
2024-07-01,AMR-002,Coca-Cola - Atlanta Warehouse,North America,8,UAT,3851.13,3658.18,2440.43,2310.68,73.3,2.0,579576.64,595624.76,False
2024-03-12,AMR-006,Unilever - Rotterdam DC,EMEA,10,Hardware Procurement,3539.21,3753.82,2419.11,2123.52,117.7,0.0,94868.37,96035.62,False
2024-02-09,AMR-002,Coca-Cola - Atlanta Warehouse,North America,8,Planning,3857.47,4247.37,2922.09,2314.48,94.2,0.0,34091.68,36641.11,False
2024-09-29,AMR-005,Amazon - Dallas FC,North America,30,Monitoring,6226.25,6441.78,3964.06,3735.75,303.4,0.0,1130151.79,1156763.7,False
2024-05-22,AMR-007,Foxconn - Shenzhen Assembly,APAC,25,Planning,6271.63,5959.08,3304.6,3762.98,292.6,0.0,126273.94,133279.62,False
2024-07-03,AMR-001,Ford Motor - Michigan Facility,North America,12,Go-Live,4162.7,4070.5,2738.79,2497.62,130.7,0.0,714338.43,738528.61,False
2024-05-15,AMR-006,Unilever - Rotterdam DC,EMEA,10,Site Installation,3571.69,3333.54,1973.94,2143.01,96.9,0.0,319382.64,323934.18,False
2024-05-09,AMR-002,Coca-Cola - Atlanta Warehouse,North America,8,Site Installation,3966.38,4034.99,2799.43,2379.83,93.1,0.0,377473.6,387819.32,False
2024-08-21,AMR-007,Foxconn - Shenzhen Assembly,APAC,25,Site Installation,5746.81,5350.8,3690.29,3448.08,219.9,1.0,649909.38,673382.68,False
2024-11-24,AMR-007,Foxconn - Shenzhen Assembly,APAC,25,Go-Live,5792.42,6015.56,3439.38,3475.45,222.1,0.0,1203588.57,1243607.03,False
2024-06-19,AMR-005,Amazon - Dallas FC,North America,30,Site Installation,6142.18,6526.42,4050.75,3685.31,348.6,0.0,502083.47,511363.9,False
2024-04-15,AMR-002,Coca-Cola - Atlanta Warehouse,North America,8,Staging & Config,3788.99,4168.65,2883.37,2273.39,75.3,0.0,286265.64,292167.31,False
2024-05-11,AMR-005,Amazon - Dallas FC,North America,30,Hardware Procurement,6456.57,7379.88,4451.06,3873.94,282.3,1.0,257513.11,262637.55,False
2024-07-05,AMR-005,Amazon - Dallas FC,North America,30,Site Installation,6414.38,6902.34,4744.11,3848.63,317.1,0.0,600482.97,611586.48,False
2024-05-31,AMR-002,Coca-Cola - Atlanta Warehouse,North America,8,Site Installation,3880.02,3822.18,2650.95,2328.01,76.3,0.0,461995.75,476052.35,False
2024-04-24,AMR-002,Coca-Cola - Atlanta Warehouse,North America,8,Site Installation,3745.91,3687.34,2456.87,2247.54,78.3,2.0,320417.02,328906.23,False
2024-08-25,AMR-005,Amazon - Dallas FC,North America,30,UAT,5569.08,6051.33,3672.17,3341.45,288.0,0.0,913766.14,938382.14,False
2024-06-22,AMR-007,Foxconn - Shenzhen Assembly,APAC,25,Hardware Procurement,5554.04,6186.55,4165.38,3332.42,265.4,0.0,304960.05,315673.51,False
2024-06-02,AMR-006,Unilever - Rotterdam DC,EMEA,10,Site Installation,3761.24,4027.08,2719.31,2256.75,91.0,0.0,382815.6,391066.32,False
2024-10-17,AMR-007,Foxconn - Shenzhen Assembly,APAC,25,UAT,5930.33,6086.32,3637.23,3558.2,283.5,2.0,980507.18,1014846.56,False
2024-06-18,AMR-001,Ford Motor - Michigan Facility,North America,12,UAT,4280.56,4510.02,2602.05,2568.34,126.4,0.0,652244.93,674943.41,False
2024-08-20,AMR-005,Amazon - Dallas FC,North America,30,UAT,6103.82,5830.57,3477.63,3662.29,330.8,0.0,883622.05,906634.28,False
2024-06-20,AMR-007,Foxconn - Shenzhen Assembly,APAC,25,Hardware Procurement,5304.14,5573.92,3279.71,3182.49,217.2,0.0,293592.13,303468.83,False
2024-01-21,AMR-001,Ford Motor - Michigan Facility,North America,12,Planning,4198.33,4179.02,2454.41,2519.0,138.2,0.0,29597.34,30094.46,False
2024-02-21,AMR-004,Bosch - Stuttgart Plant,EMEA,15,Hardware Procurement,4731.57,5272.29,3447.0,2838.94,172.7,0.0,152272.14,160649.01,False
2024-06-13,AMR-003,DHL - Singapore Hub,APAC,20,Site Installation,5093.69,5542.63,3643.11,3056.21,207.5,2.0,487518.81,500485.09,False
2024-05-27,AMR-003,DHL - Singapore Hub,APAC,20,Staging & Config,5067.85,5592.98,3816.7,3040.71,163.5,0.0,401544.07,410918.95,False
2024-05-21,AMR-005,Amazon - Dallas FC,North America,30,Staging & Config,6675.08,7772.88,5044.02,4005.05,318.5,0.0,320633.95,327740.58,False
2024-04-26,AMR-004,Bosch - Stuttgart Plant,EMEA,15,Site Installation,4725.87,4599.7,2758.44,2835.52,163.2,0.0,455232.77,466635.75,False
2024-08-22,AMR-003,DHL - Singapore Hub,APAC,20,Go-Live,5237.52,6174.53,3934.88,3142.51,192.6,0.0,845479.24,873495.63,False
2024-05-05,AMR-002,Coca-Cola - Atlanta Warehouse,North America,8,Site Installation,3428.11,3884.23,2449.98,2056.86,74.6,0.0,361904.55,371677.93,False
2024-06-18,AMR-005,Amazon - Dallas FC,North America,30,Staging & Config,6408.0,5903.77,3899.31,3844.8,354.3,0.0,495941.3,504837.48,False
2024-09-17,AMR-007,Foxconn - Shenzhen Assembly,APAC,25,Site Installation,5956.01,5844.64,3959.25,3573.61,220.0,0.0,806781.64,836293.69,False
2024-06-19,AMR-007,Foxconn - Shenzhen Assembly,APAC,25,Hardware Procurement,5435.64,6078.79,4209.02,3261.38,200.0,0.0,288287.99,297894.92,False
2024-04-10,AMR-003,DHL - Singapore Hub,APAC,20,Hardware Procurement,5145.15,5775.87,4039.38,3087.09,204.0,0.0,164201.87,166258.96,False
2024-04-03,AMR-005,Amazon - Dallas FC,North America,30,Planning,6423.73,5838.05,3714.09,3854.24,273.5,0.0,19288.33,17702.88,False
2024-07-26,AMR-007,Foxconn - Shenzhen Assembly,APAC,25,Staging & Config,5840.12,6051.13,3995.13,3504.07,267.5,0.0,502147.19,519352.17,False
2024-07-13,AMR-001,Ford Motor - Michigan Facility,North America,12,Monitoring,4048.94,4012.3,2349.44,2429.37,100.2,0.0,755289.49,781880.28,False
2024-02-20,AMR-001,Ford Motor - Michigan Facility,North America,12,Hardware Procurement,4212.73,4157.67,2483.57,2527.64,125.4,,155827.49,156581.03,False
2024-08-17,AMR-006,Unilever - Rotterdam DC,EMEA,10,Monitoring,3819.03,3782.63,2242.46,2291.42,95.7,0.0,650562.69,664822.63,False
2024-07-08,AMR-005,Amazon - Dallas FC,North America,30,Site Installation,6114.26,5616.49,3893.74,3668.56,336.9,0.0,618338.36,630595.86,False
2024-03-11,AMR-002,Coca-Cola - Atlanta Warehouse,North America,8,Hardware Procurement,3996.38,3946.61,2401.47,2397.83,83.8,0.0,152749.82,156789.62,False
2024-07-20,AMR-001,Ford Motor - Michigan Facility,North America,12,Monitoring,4358.79,3648.26,2416.49,2615.27,99.8,0.0,784358.06,811314.37,False
2024-06-26,AMR-002,Coca-Cola - Atlanta Warehouse,North America,8,UAT,3687.22,3678.06,2396.78,2212.33,70.1,0.0,560599.59,576844.1,False
2024-04-27,AMR-001,Ford Motor - Michigan Facility,North America,12,Site Installation,4102.35,4295.25,2918.27,2461.41,106.2,0.0,435752.16,447850.31,False
2024-09-25,AMR-007,Foxconn - Shenzhen Assembly,APAC,25,Site Installation,5416.26,5859.4,3806.15,3249.75,277.4,0.0,852885.03,884528.78,False
2024-04-14,AMR-005,Amazon - Dallas FC,North America,30,Planning,6778.13,7569.13,4272.69,4066.88,337.7,0.0,88267.53,87173.75,False
2024-03-13,AMR-006,Unilever - Rotterdam DC,EMEA,10,Hardware Procurement,3444.46,3777.74,2556.12,2066.68,84.7,,98312.83,99813.36,False
2024-04-07,AMR-006,Unilever - Rotterdam DC,EMEA,10,Staging & Config,3504.25,3577.51,2407.35,2102.55,111.7,0.0,186109.77,190073.13,False
2024-06-13,AMR-002,Coca-Cola - Atlanta Warehouse,North America,8,UAT,4016.28,3247.49,1965.43,2409.77,87.0,0.0,511357.36,525602.32,False
2024-02-27,AMR-001,Ford Motor - Michigan Facility,North America,12,Hardware Procurement,3716.75,4353.33,2489.01,2230.05,130.5,2.0,184001.51,186055.75,False
2024-07-03,AMR-005,Amazon - Dallas FC,North America,30,Site Installation,5879.48,6326.69,3815.19,3527.69,306.0,0.0,588381.56,598008.13,False
2024-10-08,AMR-007,Foxconn - Shenzhen Assembly,APAC,25,UAT,6011.31,5612.4,3615.22,3606.78,210.1,0.0,928291.12,961392.94,False
2024-06-29,AMR-005,Amazon - Dallas FC,North America,30,Site Installation,6365.27,6002.08,3834.83,3819.16,330.3,0.0,564020.58,574586.92,False
2024-02-10,AMR-004,Bosch - Stuttgart Plant,EMEA,15,Hardware Procurement,4557.04,5070.53,3311.31,2734.23,157.1,0.0,101030.47,105464.49,False
2024-02-06,AMR-001,Ford Motor - Michigan Facility,North America,12,Hardware Procurement,4672.5,4745.39,2809.39,2803.5,124.2,0.0,97150.02,99564.96,False
2024-07-15,AMR-005,Amazon - Dallas FC,North America,30,Site Installation,6197.36,6172.44,3612.85,3718.42,316.3,0.0,661310.65,674061.13,False
2024-03-17,AMR-006,Unilever - Rotterdam DC,EMEA,10,Hardware Procurement,3627.91,3196.68,2089.35,2176.75,,0.0,112445.88,113849.83,False
2024-05-02,AMR-001,Ford Motor - Michigan Facility,North America,12,Site Installation,4202.87,4289.73,2865.59,2521.72,102.4,0.0,456743.77,470720.15,False
2024-07-16,AMR-001,Ford Motor - Michigan Facility,North America,12,Monitoring,4309.33,4182.13,2659.15,2585.6,130.5,0.0,767835.53,794642.89,False
2024-09-13,AMR-003,DHL - Singapore Hub,APAC,20,Monitoring,5741.04,5361.02,2960.55,3444.63,234.6,0.0,958901.09,991564.79,False
2024-08-28,AMR-006,Unilever - Rotterdam DC,EMEA,10,Monitoring,3494.08,3927.14,2386.21,2096.45,88.3,0.0,689292.42,704787.62,False
2024-03-11,AMR-003,DHL - Singapore Hub,APAC,20,Planning,4957.57,6119.78,4249.95,2974.54,225.2,0.0,9993.19,11272.83,True
2024-02-09,AMR-001,Ford Motor - Michigan Facility,North America,12,Hardware Procurement,3665.46,3851.39,2289.82,2199.27,96.4,0.0,108853.37,111690.06,False
2024-05-19,AMR-001,Ford Motor - Michigan Facility,North America,12,Site Installation,4157.44,4496.64,2611.61,2494.46,127.3,0.0,526392.18,545497.78,False
2024-04-25,AMR-006,Unilever - Rotterdam DC,EMEA,10,Staging & Config,3488.53,3366.97,1939.71,2093.12,108.6,0.0,248490.77,252921.53,False
2024-05-20,AMR-004,Bosch - Stuttgart Plant,EMEA,15,UAT,4674.15,4959.25,2810.71,2804.49,140.6,0.0,566590.04,581381.91,False
2024-09-15,AMR-007,Foxconn - Shenzhen Assembly,APAC,25,Site Installation,5738.54,8372.33,5085.95,3443.12,238.9,0.0,794911.56,824058.99,True
2024-04-07,AMR-002,Coca-Cola - Atlanta Warehouse,North America,8,Staging & Config,3922.18,3832.5,2454.43,2353.31,94.7,2.0,255562.62,260984.51,False
2024-05-14,AMR-005,Amazon - Dallas FC,North America,30,Hardware Procurement,6021.89,6275.85,4375.72,3613.13,278.7,0.0,275957.73,282522.58,False
2024-06-28,AMR-002,Coca-Cola - Atlanta Warehouse,North America,8,UAT,3799.55,4190.6,2491.38,2279.73,93.6,0.0,568405.36,584968.73,False
2024-08-05,AMR-003,DHL - Singapore Hub,APAC,20,UAT,5717.32,4612.4,3119.64,3430.39,170.3,0.0,758414.35,778861.21,False
2024-03-17,AMR-002,Coca-Cola - Atlanta Warehouse,North America,8,Hardware Procurement,3824.82,4016.86,2342.57,2294.89,79.7,0.0,175449.04,178995.37,False
2024-06-10,AMR-007,Foxconn - Shenzhen Assembly,APAC,25,Hardware Procurement,5804.16,5655.49,3267.77,3482.5,279.1,0.0,235984.37,246823.39,False
2024-06-15,AMR-007,Foxconn - Shenzhen Assembly,APAC,25,Hardware Procurement,6202.93,5353.94,3688.25,3721.76,227.8,0.0,265171.77,274912.59,False
2024-06-15,AMR-006,Unilever - Rotterdam DC,EMEA,10,Site Installation,3406.99,3796.7,2553.64,2044.19,106.8,0.0,428884.52,438265.53,False
2024-06-05,AMR-004,Bosch - Stuttgart Plant,EMEA,15,Go-Live,4747.06,4953.07,3109.19,2848.24,173.0,0.0,641220.3,660649.41,False
2024-03-23,AMR-003,DHL - Singapore Hub,APAC,20,Planning,5254.77,4942.97,3451.74,3152.86,223.7,0.0,72342.71,71677.61,False
2024-11-02,AMR-007,Foxconn - Shenzhen Assembly,APAC,25,UAT,5533.4,5828.57,3820.05,3320.04,218.1,0.0,1074619.35,1111012.92,False
2024-06-15,AMR-002,Coca-Cola - Atlanta Warehouse,North America,8,UAT,3815.66,4118.8,2407.41,2289.39,73.7,0.0,519066.58,533622.6,False
2024-05-21,AMR-002,Coca-Cola - Atlanta Warehouse,North America,8,Site Installation,3781.59,4122.57,2678.49,2268.95,71.1,0.0,423126.2,437876.83,False
2024-03-04,AMR-002,Coca-Cola - Atlanta Warehouse,North America,8,Hardware Procurement,3992.07,4417.21,3043.05,2395.24,91.0,0.0,125358.49,129786.64,False
2024-11-22,AMR-007,Foxconn - Shenzhen Assembly,APAC,25,Go-Live,5793.43,5856.59,3683.21,3476.06,235.8,0.0,1191910.49,1230951.5,False
2024-05-11,AMR-007,Foxconn - Shenzhen Assembly,APAC,25,Planning,5583.08,5657.6,3276.74,3349.85,283.6,0.0,63552.25,66976.42,False
2024-03-23,AMR-006,Unilever - Rotterdam DC,EMEA,10,Hardware Procurement,3581.92,3728.14,2109.88,2149.15,104.7,0.0,133198.92,137262.32,False
2024-04-05,AMR-006,Unilever - Rotterdam DC,EMEA,10,Staging & Config,3435.08,3366.3,2342.79,2061.05,109.9,0.0,179046.38,183163.54,False
2024-03-22,AMR-006,Unilever - Rotterdam DC,EMEA,10,Hardware Procurement,3525.44,3448.08,2174.78,2115.26,86.1,0.0,129617.0,133534.18,False
2024-09-03,AMR-007,Foxconn - Shenzhen Assembly,APAC,25,Site Installation,6064.82,5427.63,3358.68,3638.89,258.5,0.0,725214.83,753353.34,False
2024-06-16,AMR-005,Amazon - Dallas FC,North America,30,Staging & Config,5656.49,7462.76,4578.16,3393.89,255.7,0.0,483598.48,492873.55,True
2024-09-18,AMR-003,DHL - Singapore Hub,APAC,20,Monitoring,5287.76,4733.48,2644.27,3172.65,222.5,0.0,984177.78,1018191.52,False
2024-02-28,AMR-002,Coca-Cola - Atlanta Warehouse,North America,8,Hardware Procurement,3743.32,3804.08,2551.72,2245.99,73.5,0.0,106164.44,109686.1,False
2024-12-29,AMR-007,Foxconn - Shenzhen Assembly,APAC,25,Monitoring,5915.85,6725.91,4226.78,3549.51,258.1,0.0,1406574.31,1452512.12,False
2024-02-17,AMR-006,Unilever - Rotterdam DC,EMEA,10,Planning,3624.26,3374.96,,2174.55,109.6,0.0,10578.91,10519.71,False
2024-02-14,AMR-001,Ford Motor - Michigan Facility,North America,12,Hardware Procurement,4297.46,3988.75,2346.8,2578.47,103.8,0.0,129829.95,131438.46,False
2024-02-25,AMR-002,Coca-Cola - Atlanta Warehouse,North America,8,Hardware Procurement,3613.65,3524.0,2307.38,2168.19,71.2,0.0,94646.3,97801.49,False
2024-03-21,AMR-003,DHL - Singapore Hub,APAC,20,Planning,5151.06,5129.7,3516.15,3090.64,197.8,0.0,61931.63,62125.61,False
2024-08-03,AMR-005,Amazon - Dallas FC,North America,30,Site Installation,5874.55,8857.2,5869.79,3524.73,278.0,1.0,779344.84,797242.94,True
2024-04-04,AMR-001,Ford Motor - Michigan Facility,North America,12,Site Installation,4129.34,4222.24,2841.44,2477.6,115.5,0.0,338564.38,346071.72,False
2024-04-09,AMR-003,DHL - Singapore Hub,APAC,20,Hardware Procurement,5357.84,4033.99,2661.5,3214.71,228.3,0.0,159056.73,160483.08,False
2024-07-28,AMR-005,Amazon - Dallas FC,North America,30,Site Installation,5894.99,6673.84,3881.66,3537.0,357.2,0.0,743653.11,756296.48,False
2024-09-03,AMR-005,Amazon - Dallas FC,North America,30,UAT,6104.11,5763.0,3903.11,3662.46,314.9,2.0,968739.45,996870.0,False
2024-04-01,AMR-001,Ford Motor - Michigan Facility,North America,12,Staging & Config,4017.45,4300.58,2726.51,2410.47,114.5,0.0,326087.43,333398.12,False
2024-02-01,AMR-002,Coca-Cola - Atlanta Warehouse,North America,8,Planning,3652.62,4400.65,2920.77,2191.57,83.4,0.0,3652.62,4400.65,True
2024-05-12,AMR-006,Unilever - Rotterdam DC,EMEA,10,Site Installation,3402.11,3770.66,2584.84,2041.27,98.5,0.0,308570.45,314115.67,False
2024-12-16,AMR-007,Foxconn - Shenzhen Assembly,APAC,25,Monitoring,5712.45,6111.27,3945.14,3427.47,267.7,0.0,1331116.37,1373128.86,False
2024-04-15,AMR-004,Bosch - Stuttgart Plant,EMEA,15,Site Installation,4597.59,4224.01,2861.38,2758.55,143.5,0.0,404146.59,415418.39,False
2024-03-18,AMR-004,Bosch - Stuttgart Plant,EMEA,15,Staging & Config,4358.89,4323.9,2582.45,2615.33,138.7,0.0,272998.56,284676.99,False
2024-07-06,AMR-005,Amazon - Dallas FC,North America,30,Site Installation,5773.22,6744.95,4023.74,3463.93,356.7,0.0,606256.19,618331.43,False
2024-11-17,AMR-007,Foxconn - Shenzhen Assembly,APAC,25,Go-Live,6083.36,6419.41,4037.51,3650.02,282.4,0.0,1163616.58,1201014.51,False
2024-05-11,AMR-004,Bosch - Stuttgart Plant,EMEA,15,UAT,4650.36,4049.54,2788.23,2790.21,137.7,2.0,524767.33,538633.94,False
2024-06-15,AMR-001,Ford Motor - Michigan Facility,North America,12,UAT,4398.83,4940.35,2870.87,2639.3,130.7,0.0,639612.99,661969.26,False
2024-07-30,AMR-005,Amazon - Dallas FC,North America,30,Site Installation,6170.5,5807.4,3328.79,3702.3,308.8,0.0,755051.77,768426.32,False
2024-04-23,AMR-006,Unilever - Rotterdam DC,EMEA,10,Staging & Config,3458.29,3176.13,1764.16,2074.98,80.7,0.0,241611.6,246083.62,False
2024-06-20,AMR-005,Amazon - Dallas FC,North America,30,Site Installation,6115.65,6238.02,4337.23,3669.39,323.3,0.0,508199.12,517601.92,False
2024-08-14,AMR-002,Coca-Cola - Atlanta Warehouse,North America,8,Monitoring,3709.17,4153.42,2555.57,2225.5,72.2,0.0,747412.47,772232.02,False
2024-03-10,AMR-006,Unilever - Rotterdam DC,EMEA,10,Hardware Procurement,3502.47,3505.16,2116.39,2101.48,80.6,0.0,87761.41,88691.06,False
2024-04-16,AMR-005,Amazon - Dallas FC,North America,30,Planning,6119.25,6674.93,4376.6,3671.55,294.1,0.0,100551.5,99234.7,False
2024-05-02,AMR-007,Foxconn - Shenzhen Assembly,APAC,25,Planning,5783.14,5278.48,3059.83,3469.89,232.4,0.0,11556.96,11760.52,False
2024-05-03,AMR-002,Coca-Cola - Atlanta Warehouse,North America,8,Site Installation,4131.52,4052.84,2653.23,2478.91,69.1,0.0,354786.71,363716.54,False
2024-04-27,AMR-002,Coca-Cola - Atlanta Warehouse,North America,8,Site Installation,3646.23,4818.92,3334.34,2187.74,87.0,0.0,331385.44,340818.31,True
2024-07-05,AMR-003,DHL - Singapore Hub,APAC,20,Site Installation,4672.9,5470.41,3545.81,2803.74,194.6,0.0,598479.66,616911.7,False
2024-02-13,AMR-001,Ford Motor - Michigan Facility,North America,12,Hardware Procurement,4100.64,3916.73,2295.47,2460.39,97.6,0.0,125532.49,127449.72,False
2024-03-20,AMR-003,DHL - Singapore Hub,APAC,20,Planning,4989.04,4374.72,3015.93,2993.43,166.3,0.0,56780.56,56995.91,False
2024-06-27,AMR-001,Ford Motor - Michigan Facility,North America,12,Go-Live,4187.79,4088.75,2651.32,2512.67,127.2,0.0,689083.5,712754.81,False
2024-04-16,AMR-006,Unilever - Rotterdam DC,EMEA,10,Staging & Config,3246.77,3781.47,2528.85,1948.06,85.5,0.0,217711.17,222416.89,False
2024-10-29,AMR-007,Foxconn - Shenzhen Assembly,APAC,25,UAT,5925.9,5391.46,3584.24,3555.54,240.0,0.0,1051676.2,1087553.04,False
2024-09-30,AMR-005,Amazon - Dallas FC,North America,30,Monitoring,6035.94,6280.02,3567.61,3621.56,352.4,0.0,1136187.73,1163043.72,False
2024-05-12,AMR-003,DHL - Singapore Hub,APAC,20,Staging & Config,5379.8,5175.44,3460.19,3227.88,217.5,0.0,325368.89,333093.9,False
2024-07-30,AMR-002,Coca-Cola - Atlanta Warehouse,North America,8,Monitoring,3598.63,3719.69,2295.97,2159.18,93.1,0.0,689944.67,711914.73,False
2024-04-25,AMR-005,Amazon - Dallas FC,North America,30,Hardware Procurement,6135.6,7123.6,4626.57,3681.36,285.1,0.0,155746.54,154803.2,False
2024-02-06,AMR-004,Bosch - Stuttgart Plant,EMEA,15,Hardware Procurement,5003.64,5615.5,3625.14,3002.18,179.7,0.0,82962.44,86088.57,False
2024-09-28,AMR-003,DHL - Singapore Hub,APAC,20,Monitoring,5182.09,5529.68,3440.26,3109.25,233.4,0.0,1035735.87,1070140.69,False
2024-07-17,AMR-002,Coca-Cola - Atlanta Warehouse,North America,8,Go-Live,4082.22,4373.45,2576.28,2449.33,70.8,0.0,640333.11,662028.98,False
2024-06-20,AMR-003,DHL - Singapore Hub,APAC,20,Site Installation,5549.53,4520.04,2800.71,3329.72,,0.0,523567.79,535321.3,False
2024-06-12,AMR-001,Ford Motor - Michigan Facility,North America,12,UAT,4500.63,3846.19,2615.7,2700.38,131.5,0.0,626587.86,648170.19,False
2024-06-26,AMR-007,Foxconn - Shenzhen Assembly,APAC,25,Hardware Procurement,5863.17,5474.33,3593.92,3517.9,277.5,0.0,328049.81,339114.87,False
2024-06-13,AMR-004,Bosch - Stuttgart Plant,EMEA,15,Go-Live,4645.81,4834.04,2709.73,2787.49,173.5,1.0,678488.64,699156.51,False
2024-03-14,AMR-004,Bosch - Stuttgart Plant,EMEA,15,Staging & Config,4905.95,4482.38,2932.68,2943.57,174.9,0.0,254485.76,266123.24,False
2024-05-13,AMR-003,DHL - Singapore Hub,APAC,20,Staging & Config,5388.66,6049.03,3530.7,3233.19,180.7,0.0,330757.55,339142.93,False
2024-06-19,AMR-006,Unilever - Rotterdam DC,EMEA,10,Site Installation,3741.81,3483.67,2305.56,2245.08,87.4,0.0,443093.57,453131.59,False
2024-06-07,AMR-006,Unilever - Rotterdam DC,EMEA,10,Site Installation,3428.73,3435.93,2242.83,2057.24,101.6,0.0,400528.01,408769.27,False
2024-02-22,AMR-006,Unilever - Rotterdam DC,EMEA,10,Planning,3463.99,3354.88,1864.18,2078.4,99.5,0.0,28213.8,28274.28,False
2024-04-14,AMR-001,Ford Motor - Michigan Facility,North America,12,Site Installation,4157.67,3907.62,2701.52,2494.6,112.0,0.0,381817.66,391002.77,False
2024-08-18,AMR-005,Amazon - Dallas FC,North America,30,UAT,6051.51,6420.72,3896.65,3630.91,351.3,0.0,871334.17,894067.9,False
2024-08-03,AMR-002,Coca-Cola - Atlanta Warehouse,North America,8,Monitoring,4066.67,4091.46,2798.71,2440.0,69.2,0.0,705750.06,727562.9,False
2024-04-11,AMR-004,Bosch - Stuttgart Plant,EMEA,15,Site Installation,4720.89,4666.44,2752.65,2832.53,155.0,0.0,385899.31,396921.49,False
2024-06-12,AMR-005,Amazon - Dallas FC,North America,30,Staging & Config,6552.89,6405.2,3590.01,3931.74,329.7,0.0,459665.46,466551.1,False
2024-06-04,AMR-004,Bosch - Stuttgart Plant,EMEA,15,Go-Live,5245.45,4495.48,2838.85,3147.27,150.2,0.0,636473.24,655696.34,False
2024-09-19,AMR-007,Foxconn - Shenzhen Assembly,APAC,25,Site Installation,5523.42,6105.13,3809.06,3314.05,202.7,0.0,818493.75,848164.68,False
2024-07-01,AMR-006,Unilever - Rotterdam DC,EMEA,10,UAT,3600.42,4136.83,2890.66,2160.25,106.6,2.0,485626.12,496874.14,False
2024-06-18,AMR-006,Unilever - Rotterdam DC,EMEA,10,Site Installation,3796.92,3555.45,2293.54,2278.15,84.4,0.0,439351.76,449647.92,False
2024-06-07,AMR-005,Amazon - Dallas FC,North America,30,Staging & Config,5972.02,7004.61,4056.13,3583.21,265.0,0.0,427832.14,435799.96,False
2024-04-26,AMR-003,DHL - Singapore Hub,APAC,20,Hardware Procurement,5201.05,7296.69,5072.34,3120.63,200.8,7.0,244073.41,250061.51,True
2024-02-16,AMR-004,Bosch - Stuttgart Plant,EMEA,15,Hardware Procurement,4594.27,5478.39,3560.81,2756.56,162.9,0.0,128561.73,135498.17,False
2024-02-24,AMR-002,Coca-Cola - Atlanta Warehouse,North America,8,Hardware Procurement,3729.55,4170.36,2418.69,2237.73,77.4,0.0,91032.65,94277.5,False
2024-06-30,AMR-005,Amazon - Dallas FC,North America,30,Site Installation,6137.21,5448.05,3528.34,3682.32,303.1,0.0,570157.78,580034.97,False
2024-05-30,AMR-004,Bosch - Stuttgart Plant,EMEA,15,Go-Live,4636.23,4392.6,2631.51,2781.74,143.2,0.0,613300.32,629822.24,False
2024-02-22,AMR-001,Ford Motor - Michigan Facility,North America,12,Hardware Procurement,4105.05,4295.73,2857.97,2463.03,105.4,0.0,164176.29,165422.55,False
2024-09-09,AMR-005,Amazon - Dallas FC,North America,30,Go-Live,6621.48,5874.62,3393.99,3972.89,245.5,2.0,1005652.5,1033859.71,False
2024-04-05,AMR-005,Amazon - Dallas FC,North America,30,Planning,6048.58,6288.07,4120.8,3629.15,324.9,0.0,31257.05,29834.38,False
2024-06-27,AMR-007,Foxconn - Shenzhen Assembly,APAC,25,Hardware Procurement,5564.62,6332.31,4219.53,3338.77,269.2,0.0,333614.43,345447.18,False
2024-02-07,AMR-001,Ford Motor - Michigan Facility,North America,12,Hardware Procurement,4105.49,4264.81,2880.57,2463.29,125.2,0.0,101255.51,103829.76,False
2024-07-20,AMR-006,Unilever - Rotterdam DC,EMEA,10,UAT,3650.04,3528.05,2385.29,2190.03,92.3,0.0,551291.41,564821.29,False
2024-07-09,AMR-006,Unilever - Rotterdam DC,EMEA,10,UAT,3770.58,3549.23,2467.83,2262.35,99.2,0.0,513300.78,525335.73,False
2024-01-27,AMR-004,Bosch - Stuttgart Plant,EMEA,15,Planning,4799.44,4665.08,2668.52,2879.66,137.9,0.0,36485.99,37831.02,False
2024-05-04,AMR-005,Amazon - Dallas FC,North America,30,Hardware Procurement,6063.8,7335.24,4087.98,3638.28,349.1,0.0,214031.65,216029.3,False
2024-07-15,AMR-001,Ford Motor - Michigan Facility,North America,12,Monitoring,4160.15,4079.51,2802.69,2496.09,124.2,0.0,763526.2,790460.76,False
2024-09-10,AMR-005,Amazon - Dallas FC,North America,30,Go-Live,5924.1,6801.95,4234.09,3554.46,300.9,0.0,1011576.59,1040661.66,False
2024-05-08,AMR-002,Coca-Cola - Atlanta Warehouse,North America,8,Site Installation,3904.76,4327.03,3018.6,2342.86,82.1,,373507.23,383784.33,False
2024-06-01,AMR-005,Amazon - Dallas FC,North America,30,Staging & Config,7112.94,5550.98,3241.14,4267.76,330.2,0.0,390752.93,396583.17,False
2024-03-05,AMR-002,Coca-Cola - Atlanta Warehouse,North America,8,Hardware Procurement,3823.0,3775.05,2284.24,2293.8,77.7,0.0,129181.49,133561.69,False
2024-03-20,AMR-004,Bosch - Stuttgart Plant,EMEA,15,Staging & Config,4814.53,4076.64,2567.02,2888.72,167.2,0.0,282316.26,293314.1,False
2024-06-29,AMR-004,Bosch - Stuttgart Plant,EMEA,15,Monitoring,4312.67,4383.64,2737.1,2587.6,167.7,0.0,751750.9,777548.23,False
2024-12-23,AMR-007,Foxconn - Shenzhen Assembly,APAC,25,Monitoring,5347.94,5685.88,3137.62,3208.76,228.6,0.0,1371443.52,1416344.21,False
2024-03-03,AMR-006,Unilever - Rotterdam DC,EMEA,10,Planning,3971.23,3524.45,2411.22,2382.74,92.4,0.0,63148.1,62994.62,False
2024-05-28,AMR-002,Coca-Cola - Atlanta Warehouse,North America,8,Site Installation,3771.43,3833.03,2679.84,2262.86,90.8,0.0,450430.37,464968.51,False
2024-11-03,AMR-007,Foxconn - Shenzhen Assembly,APAC,25,UAT,6062.38,5624.2,3351.56,3637.43,237.4,0.0,1080681.74,1116637.13,False
2024-05-08,AMR-005,Amazon - Dallas FC,North America,30,Hardware Procurement,6282.38,6088.46,3914.6,3769.43,319.0,0.0,238838.49,241260.95,False
2024-11-01,AMR-007,Foxconn - Shenzhen Assembly,APAC,25,UAT,5887.24,5515.85,3189.01,3532.34,224.9,0.0,1069085.95,1105184.35,False
2024-05-18,AMR-002,Coca-Cola - Atlanta Warehouse,North America,8,Site Installation,3697.74,3890.21,2439.18,2218.64,77.1,0.0,411511.59,424520.7,False
2024-08-05,AMR-006,Unilever - Rotterdam DC,EMEA,10,Go-Live,3418.7,3458.15,2165.28,2051.22,110.0,0.0,608791.72,621320.84,False
2024-05-24,AMR-002,Coca-Cola - Atlanta Warehouse,North America,8,Site Installation,3960.74,4078.66,2467.0,2376.45,67.1,0.0,435125.4,449809.68,False
2024-07-19,AMR-002,Coca-Cola - Atlanta Warehouse,North America,8,Go-Live,3441.32,3889.53,2195.09,2064.79,81.2,0.0,647856.94,669665.83,False
2024-04-09,AMR-004,Bosch - Stuttgart Plant,EMEA,15,Site Installation,4816.85,6346.33,4168.27,2890.11,147.0,0.0,376486.29,387842.34,True
2024-07-29,AMR-007,Foxconn - Shenzhen Assembly,APAC,25,Staging & Config,5459.16,5626.07,3573.51,3275.5,237.3,0.0,519271.26,536715.21,False
2024-05-30,AMR-002,Coca-Cola - Atlanta Warehouse,North America,8,Site Installation,3976.53,3472.19,2094.84,2385.92,85.7,0.0,458115.74,472230.17,False
2024-04-17,AMR-004,Bosch - Stuttgart Plant,EMEA,15,Site Installation,4954.1,4348.05,2528.02,2972.46,121.7,0.0,413555.23,424657.77,False
2024-06-20,AMR-001,Ford Motor - Michigan Facility,North America,12,UAT,4018.36,3888.95,2414.21,2411.02,124.6,0.0,660356.85,683229.91,False
2024-02-02,AMR-002,Coca-Cola - Atlanta Warehouse,North America,8,Planning,3816.45,4033.01,2378.53,2289.87,66.1,0.0,7469.06,8433.66,False
2024-08-04,AMR-007,Foxconn - Shenzhen Assembly,APAC,25,Staging & Config,5635.57,4978.27,3311.2,3381.34,256.5,0.0,553179.05,571066.03,False
2024-08-07,AMR-002,Coca-Cola - Atlanta Warehouse,North America,8,Monitoring,3639.2,4017.32,2354.17,2183.52,92.9,0.0,721172.65,743224.24,False
2024-05-03,AMR-003,DHL - Singapore Hub,APAC,20,Staging & Config,4791.88,4552.36,2895.59,2875.13,162.8,0.0,278399.19,285832.49,False
2024-03-05,AMR-006,Unilever - Rotterdam DC,EMEA,10,Planning,3557.47,3634.92,2298.69,2134.48,115.2,0.0,69995.79,69700.75,False
2024-02-13,AMR-004,Bosch - Stuttgart Plant,EMEA,15,Hardware Procurement,4655.62,4238.27,2446.67,2793.37,178.1,0.0,114751.8,120084.86,False
2024-08-01,AMR-006,Unilever - Rotterdam DC,EMEA,10,Go-Live,3788.2,3542.05,2112.8,2272.92,99.5,0.0,594297.72,607099.05,False
2024-04-16,AMR-004,Bosch - Stuttgart Plant,EMEA,15,Site Installation,4454.54,4891.32,2994.94,2672.72,169.9,2.0,408601.13,420309.71,False
2024-07-29,AMR-005,Amazon - Dallas FC,North America,30,Site Installation,5228.15,6322.44,3679.63,3136.89,317.3,0.0,748881.27,762618.92,False
2024-12-18,AMR-007,Foxconn - Shenzhen Assembly,APAC,25,Monitoring,5753.57,6015.28,4171.93,3452.14,212.5,0.0,1342654.75,1384605.18,False
2024-11-28,AMR-007,Foxconn - Shenzhen Assembly,APAC,25,Go-Live,5813.17,5520.68,3204.99,3487.9,245.3,1.0,1226279.97,1266060.24,False
2024-06-10,AMR-003,DHL - Singapore Hub,APAC,20,Site Installation,5077.25,5066.76,3182.71,3046.35,222.8,0.0,472116.47,484174.82,False
2024-06-30,AMR-001,Ford Motor - Michigan Facility,North America,12,Go-Live,4096.64,4220.1,2872.27,2457.98,120.6,0.0,701817.61,726568.17,False
2024-07-12,AMR-003,DHL - Singapore Hub,APAC,20,Site Installation,5040.3,5589.14,3893.64,3024.18,185.4,0.0,633663.13,652838.7,False
2024-05-18,AMR-006,Unilever - Rotterdam DC,EMEA,10,Site Installation,3904.51,3740.5,2257.44,2342.71,103.0,0.0,330579.68,334823.01,False
2024-03-30,AMR-001,Ford Motor - Michigan Facility,North America,12,Staging & Config,4173.37,4460.15,2480.89,2504.02,138.3,0.0,317639.72,324187.4,False
2024-07-23,AMR-005,Amazon - Dallas FC,North America,30,Site Installation,6028.12,6597.56,4219.79,3616.87,288.2,2.0,712657.21,724761.93,False
2024-03-21,AMR-004,Bosch - Stuttgart Plant,EMEA,15,Staging & Config,4740.34,4055.16,2547.49,2844.21,176.4,0.0,287056.6,297369.26,False
2024-09-05,AMR-007,Foxconn - Shenzhen Assembly,APAC,25,Site Installation,5720.74,5594.87,3324.43,3432.44,213.6,0.0,736508.71,764433.65,False
2024-09-28,AMR-005,Amazon - Dallas FC,North America,30,Monitoring,5920.16,6481.37,3966.9,3552.1,313.2,0.0,1123925.53,1150321.92,False
2024-02-26,AMR-004,Bosch - Stuttgart Plant,EMEA,15,Hardware Procurement,4563.02,4953.07,2793.75,2737.81,140.7,0.0,174934.52,185913.17,False
2024-04-15,AMR-006,Unilever - Rotterdam DC,EMEA,10,Staging & Config,3443.73,3263.27,2069.24,2066.24,110.3,0.0,214464.4,218635.42,False
2024-08-11,AMR-006,Unilever - Rotterdam DC,EMEA,10,Go-Live,3931.82,4095.73,2345.76,2359.09,90.9,0.0,629586.52,642563.74,False
2024-07-16,AMR-005,Amazon - Dallas FC,North America,30,Site Installation,6386.78,7484.79,4501.45,3832.07,318.3,0.0,667697.43,681545.93,True
2024-03-28,AMR-003,DHL - Singapore Hub,APAC,20,Planning,5225.49,4309.53,2758.75,3135.3,229.1,0.0,97237.25,96974.16,False
2024-03-17,AMR-001,Ford Motor - Michigan Facility,North America,12,Staging & Config,4105.92,4608.61,2944.97,2463.55,113.4,0.0,263522.13,268615.64,False
2024-07-04,AMR-003,DHL - Singapore Hub,APAC,20,Site Installation,4729.82,6225.68,3815.29,2837.89,184.1,0.0,593806.76,611441.28,False
2024-07-03,AMR-002,Coca-Cola - Atlanta Warehouse,North America,8,UAT,3942.83,3726.74,2193.82,2365.7,87.8,0.0,587530.45,603046.29,False
2024-04-06,AMR-005,Amazon - Dallas FC,North America,30,Planning,6078.2,6219.96,3957.84,3646.92,259.8,0.0,37335.25,36054.35,False
2024-06-23,AMR-007,Foxconn - Shenzhen Assembly,APAC,25,Hardware Procurement,5691.16,6283.22,4042.91,3414.7,203.5,0.0,310651.22,321956.73,False
2024-07-26,AMR-001,Ford Motor - Michigan Facility,North America,12,Monitoring,4320.29,4296.6,2954.43,2592.18,105.8,0.0,809607.62,836235.76,False
2024-05-15,AMR-007,Foxconn - Shenzhen Assembly,APAC,25,Planning,5321.85,6450.54,4284.06,3193.11,294.0,0.0,85573.01,90735.16,False
2024-08-17,AMR-005,Amazon - Dallas FC,North America,30,UAT,6418.51,6111.34,3541.32,3851.1,295.7,0.0,865282.66,887647.18,False
2024-03-03,AMR-001,Ford Motor - Michigan Facility,North America,12,Hardware Procurement,3526.33,4444.62,3016.3,2115.8,134.8,0.0,204956.96,208022.42,False
2024-07-15,AMR-007,Foxconn - Shenzhen Assembly,APAC,25,Staging & Config,5835.4,5555.72,3887.56,3501.24,201.0,0.0,438747.42,453932.23,False
2024-07-25,AMR-003,DHL - Singapore Hub,APAC,20,UAT,4776.22,4484.04,2986.69,2865.73,187.2,0.0,701297.24,721349.83,False
2024-05-05,AMR-005,Amazon - Dallas FC,North America,30,Hardware Procurement,6165.52,5948.41,4156.81,3699.31,268.7,0.0,220197.17,221977.71,False
2024-04-04,AMR-004,Bosch - Stuttgart Plant,EMEA,15,Site Installation,4930.21,4567.79,3117.49,2958.13,123.8,0.0,352819.47,362788.98,False
2024-05-02,AMR-004,Bosch - Stuttgart Plant,EMEA,15,Site Installation,4515.51,5058.94,3042.26,2709.31,169.1,0.0,483379.18,496871.5,False
2024-06-06,AMR-001,Ford Motor - Michigan Facility,North America,12,UAT,4358.25,4698.64,2894.98,2614.95,132.6,0.0,601461.67,622716.87,False
2024-03-31,AMR-004,Bosch - Stuttgart Plant,EMEA,15,Site Installation,4430.35,4317.63,2956.56,2658.21,143.3,0.0,333350.62,344414.57,False
2024-09-06,AMR-005,Amazon - Dallas FC,North America,30,Go-Live,6153.49,5608.23,3752.87,3692.09,309.4,0.0,986749.44,1015618.22,False
2024-08-19,AMR-005,Amazon - Dallas FC,North America,30,UAT,6184.06,6735.81,4217.71,3710.44,269.3,0.0,877518.23,900803.71,False
2024-06-10,AMR-004,Bosch - Stuttgart Plant,EMEA,15,Go-Live,4514.72,5149.57,2862.84,2708.83,124.4,0.0,664223.88,685693.99,False
2024-08-13,AMR-003,DHL - Singapore Hub,APAC,20,UAT,4984.18,5414.08,3700.62,2990.51,172.0,0.0,799083.16,823933.71,False
2024-06-29,AMR-007,Foxconn - Shenzhen Assembly,APAC,25,Hardware Procurement,5958.36,7676.56,4718.62,3575.02,250.3,5.0,345149.18,359210.51,True
2024-09-24,AMR-003,DHL - Singapore Hub,APAC,20,Monitoring,4966.06,5268.32,3638.75,2979.64,210.9,0.0,1015149.65,1049087.68,False
2024-04-22,AMR-006,Unilever - Rotterdam DC,EMEA,10,Staging & Config,3230.65,3807.65,2123.72,1938.39,95.8,0.0,238153.31,242907.49,False
2024-03-03,AMR-004,Bosch - Stuttgart Plant,EMEA,15,Staging & Config,4696.61,4412.33,2703.88,2817.97,141.7,0.0,203668.59,213433.57,False
2024-06-22,AMR-006,Unilever - Rotterdam DC,EMEA,10,Site Installation,3478.46,3683.46,2453.26,2087.07,84.1,0.0,453555.52,463635.46,False
2024-05-01,AMR-007,Foxconn - Shenzhen Assembly,APAC,25,Planning,5773.82,6482.04,4406.69,3464.29,214.3,0.0,5773.82,6482.04,False
2024-02-26,AMR-006,Unilever - Rotterdam DC,EMEA,10,Planning,3665.67,3218.84,2217.94,2199.4,81.7,0.0,41732.69,42092.59,False
2024-05-31,AMR-007,Foxconn - Shenzhen Assembly,APAC,25,Hardware Procurement,6096.13,5977.92,3516.23,3657.68,206.4,0.0,178240.73,186439.36,False
2024-04-30,AMR-006,Unilever - Rotterdam DC,EMEA,10,Staging & Config,3480.07,3725.53,2521.14,2088.04,113.3,2.0,266518.66,270952.06,False
2024-04-02,AMR-003,DHL - Singapore Hub,APAC,20,Hardware Procurement,4877.55,5077.32,3446.92,2926.53,183.5,0.0,122328.08,125058.35,False
2024-05-25,AMR-006,Unilever - Rotterdam DC,EMEA,10,Site Installation,3442.61,3624.65,2507.84,2065.56,101.3,0.0,355205.07,360740.95,False
2024-06-28,AMR-003,DHL - Singapore Hub,APAC,20,Site Installation,4791.66,4727.54,2723.8,2875.0,162.1,0.0,563449.48,577939.49,False
2024-04-13,AMR-003,DHL - Singapore Hub,APAC,20,Hardware Procurement,5016.68,5398.73,3372.91,3010.01,169.0,0.0,179475.31,182299.72,False
2024-07-30,AMR-001,Ford Motor - Michigan Facility,North America,12,Monitoring,4059.78,4661.64,2785.92,2435.87,135.1,0.0,826251.11,853878.68,False
2024-03-31,AMR-003,DHL - Singapore Hub,APAC,20,Hardware Procurement,5565.87,5169.07,3100.57,3339.52,232.3,0.0,112670.83,114825.79,False
2024-07-24,AMR-001,Ford Motor - Michigan Facility,North America,12,Monitoring,4142.36,4038.72,2768.07,2485.42,120.9,1.0,801077.24,827836.06,False
2024-07-03,AMR-007,Foxconn - Shenzhen Assembly,APAC,25,Staging & Config,6026.75,5936.78,3590.75,3616.05,289.0,0.0,368469.82,383403.76,False
2024-06-26,AMR-003,DHL - Singapore Hub,APAC,20,Site Installation,5382.32,5195.54,3222.65,3229.39,219.3,0.0,553687.82,567424.49,False
2024-06-07,AMR-001,Ford Motor - Michigan Facility,North America,12,UAT,3896.0,4315.9,2435.75,2337.6,122.6,2.0,605357.67,627032.77,False
2024-03-27,AMR-001,Ford Motor - Michigan Facility,North America,12,Staging & Config,4452.98,4520.66,2682.22,2671.79,121.6,0.0,305113.18,310813.7,False
2024-10-19,AMR-007,Foxconn - Shenzhen Assembly,APAC,25,UAT,6012.4,5668.67,3240.02,3607.44,235.8,0.0,992465.64,1027137.13,False
2024-03-15,AMR-001,Ford Motor - Michigan Facility,North America,12,Staging & Config,3966.68,4090.61,2317.34,2380.01,123.8,0.0,255177.97,259800.91,False
2024-11-23,AMR-007,Foxconn - Shenzhen Assembly,APAC,25,Go-Live,5885.66,6639.98,3978.29,3531.4,226.0,0.0,1197796.15,1237591.47,False
2024-02-05,AMR-001,Ford Motor - Michigan Facility,North America,12,Hardware Procurement,4103.28,4255.58,2719.85,2461.97,132.8,0.0,92477.52,94819.56,False
2024-02-19,AMR-002,Coca-Cola - Atlanta Warehouse,North America,8,Planning,3892.71,4030.57,2590.88,2335.62,66.5,0.0,71808.33,74391.57,False
2024-05-22,AMR-005,Amazon - Dallas FC,North America,30,Staging & Config,6101.31,6712.51,4356.34,3660.78,262.9,0.0,326735.26,334453.09,False
2024-02-14,AMR-004,Bosch - Stuttgart Plant,EMEA,15,Hardware Procurement,4574.27,4717.17,3110.06,2744.56,143.5,0.0,119326.07,124802.03,False
2024-03-16,AMR-002,Coca-Cola - Atlanta Warehouse,North America,8,Hardware Procurement,3881.87,3529.64,2292.22,2329.12,65.4,0.0,171624.21,174978.52,False
2024-08-23,AMR-005,Amazon - Dallas FC,North America,30,UAT,6545.45,6543.96,4070.95,3927.27,313.8,0.0,902262.71,924723.24,False
2024-06-27,AMR-005,Amazon - Dallas FC,North America,30,Site Installation,7026.95,5625.76,3494.11,4216.17,321.5,0.0,551793.01,561683.08,False
2024-06-02,AMR-005,Amazon - Dallas FC,North America,30,Staging & Config,6385.93,6234.68,3553.53,3831.56,290.0,2.0,397138.86,402817.85,False
2024-03-01,AMR-004,Bosch - Stuttgart Plant,EMEA,15,Staging & Config,4886.85,4553.61,2998.8,2932.11,174.9,0.0,194259.85,204180.27,False
2024-07-27,AMR-006,Unilever - Rotterdam DC,EMEA,10,Go-Live,3672.7,3605.93,2031.93,2203.62,94.3,0.0,575967.5,588947.17,False
2024-05-17,AMR-004,Bosch - Stuttgart Plant,EMEA,15,UAT,4557.9,4936.69,2727.98,2734.74,167.8,0.0,552305.88,567329.67,False
2024-06-18,AMR-003,DHL - Singapore Hub,APAC,20,Site Installation,5457.17,5322.24,3394.78,3274.3,205.3,0.0,513345.97,526130.13,False
2024-05-09,AMR-007,Foxconn - Shenzhen Assembly,APAC,25,Planning,6256.37,6090.28,3959.7,3753.82,235.2,0.0,52108.72,54773.07,False
2024-05-23,AMR-001,Ford Motor - Michigan Facility,North America,12,UAT,4259.65,3925.32,2518.86,2555.79,106.9,0.0,542544.59,562375.3,False
2024-06-16,AMR-001,Ford Motor - Michigan Facility,North America,12,UAT,4129.09,4121.44,2609.26,2477.45,126.9,0.0,643742.08,666090.69,False
2024-06-14,AMR-006,Unilever - Rotterdam DC,EMEA,10,Site Installation,3705.97,3325.21,2001.38,2223.58,109.7,0.0,425477.53,434468.83,False
2024-07-27,AMR-001,Ford Motor - Michigan Facility,North America,12,Monitoring,4173.08,4886.57,3101.43,2503.85,132.2,0.0,813780.7,841122.33,False
2024-08-19,AMR-003,DHL - Singapore Hub,APAC,20,UAT,5249.59,4687.01,2612.81,3149.76,217.9,0.0,830343.4,856532.83,False
2024-06-21,AMR-006,Unilever - Rotterdam DC,EMEA,10,Site Installation,3476.07,3396.64,2294.59,2085.64,89.2,0.0,450077.06,459952.0,False
2024-08-01,AMR-003,DHL - Singapore Hub,APAC,20,UAT,5275.99,4255.26,2962.49,3165.6,187.6,0.0,737653.26,757633.37,False
2024-08-25,AMR-007,Foxconn - Shenzhen Assembly,APAC,25,Site Installation,5574.99,6190.27,4271.38,3345.0,260.8,1.0,673217.37,699128.27,False
2024-02-06,AMR-002,Coca-Cola - Atlanta Warehouse,North America,8,Planning,3718.68,3949.42,2556.08,2231.21,75.2,0.0,22631.16,24363.19,False
2024-04-12,AMR-006,Unilever - Rotterdam DC,EMEA,10,Staging & Config,3664.81,3674.82,2520.43,2198.89,97.5,0.0,203770.19,208066.41,False
2024-03-07,AMR-001,Ford Motor - Michigan Facility,North America,12,Staging & Config,4571.56,4171.13,2851.61,2742.94,117.7,0.0,221827.17,224475.66,False
2024-06-22,AMR-004,Bosch - Stuttgart Plant,EMEA,15,Monitoring,4719.14,4705.5,3077.79,2831.48,178.6,0.0,719036.34,744061.94,False
2024-06-17,AMR-006,Unilever - Rotterdam DC,EMEA,10,Site Installation,3406.6,4220.54,2544.02,2043.96,102.8,0.0,435554.84,446092.47,False
2024-10-11,AMR-007,Foxconn - Shenzhen Assembly,APAC,25,UAT,5704.13,6528.45,4046.63,3422.48,248.3,0.0,945618.27,980276.0,False
2024-04-08,AMR-001,Ford Motor - Michigan Facility,North America,12,Site Installation,3913.81,4811.19,2658.6,2348.29,133.7,0.0,355455.24,363905.01,False
2024-04-25,AMR-003,DHL - Singapore Hub,APAC,20,Hardware Procurement,4830.73,4536.01,2534.79,2898.44,192.1,0.0,238872.36,242764.82,False
2024-08-14,AMR-007,Foxconn - Shenzhen Assembly,APAC,25,Site Installation,5960.66,6153.83,4106.95,3576.4,262.4,0.0,610288.5,631764.75,False
2024-02-22,AMR-002,Coca-Cola - Atlanta Warehouse,North America,8,Hardware Procurement,3827.26,4073.63,2608.77,2296.36,70.6,0.0,83416.06,86131.91,False
2024-06-17,AMR-004,Bosch - Stuttgart Plant,EMEA,15,Monitoring,4619.65,5096.58,2941.9,2771.79,172.2,0.0,696611.4,719006.08,False
2024-04-03,AMR-002,Coca-Cola - Atlanta Warehouse,North America,8,Staging & Config,3821.96,4311.2,2522.1,2293.18,73.6,0.0,240548.61,245408.62,False
2024-12-14,AMR-007,Foxconn - Shenzhen Assembly,APAC,25,Monitoring,5624.41,6663.96,3924.25,3374.65,252.9,0.0,1319348.63,1360829.36,False
2024-04-20,AMR-002,Coca-Cola - Atlanta Warehouse,North America,8,Site Installation,3692.43,3556.71,2286.24,2215.46,87.7,0.0,305510.31,313534.79,False
2024-09-24,AMR-007,Foxconn - Shenzhen Assembly,APAC,25,Site Installation,5694.94,6349.73,3988.29,3416.97,279.1,2.0,847468.77,878669.38,False
2024-03-02,AMR-006,Unilever - Rotterdam DC,EMEA,10,Planning,3010.06,3877.67,2535.35,1806.03,94.3,0.0,59176.87,59470.17,False
2024-08-12,AMR-007,Foxconn - Shenzhen Assembly,APAC,25,Site Installation,5618.74,5573.24,3896.87,3371.24,226.7,0.0,598538.68,619649.22,False
2024-12-11,AMR-007,Foxconn - Shenzhen Assembly,APAC,25,Monitoring,5655.91,6061.26,,3393.54,239.2,1.0,1301944.99,1342994.72,False
2024-03-30,AMR-003,DHL - Singapore Hub,APAC,20,Planning,4948.76,5792.13,4005.37,2969.26,235.9,0.0,107104.96,109656.72,False
2024-02-08,AMR-001,Ford Motor - Michigan Facility,North America,12,Hardware Procurement,3932.4,4008.91,2570.19,2359.44,134.3,0.0,105187.91,107838.67,False
2024-09-12,AMR-007,Foxconn - Shenzhen Assembly,APAC,25,Site Installation,6116.98,6336.26,3803.88,3670.19,285.3,0.0,777276.23,804665.01,False
2024-02-29,AMR-002,Coca-Cola - Atlanta Warehouse,North America,8,Hardware Procurement,3752.45,3909.26,2224.62,2251.47,64.9,0.0,109916.88,113595.36,False
2024-04-24,AMR-001,Ford Motor - Michigan Facility,North America,12,Site Installation,4146.39,4836.51,3180.47,2487.84,112.7,1.0,423198.28,434968.59,True
2024-05-06,AMR-002,Coca-Cola - Atlanta Warehouse,North America,8,Site Installation,3992.81,3456.88,2094.23,2395.69,72.9,0.0,365897.36,375134.81,False
2024-10-15,AMR-007,Foxconn - Shenzhen Assembly,APAC,25,UAT,6180.72,5377.38,3421.05,3708.43,274.3,1.0,968733.25,1003172.67,False
2024-07-11,AMR-001,Ford Motor - Michigan Facility,North America,12,Go-Live,4180.3,4709.46,2757.45,2508.18,124.9,0.0,746937.16,773230.66,False
2024-04-02,AMR-005,Amazon - Dallas FC,North America,30,Planning,6633.2,6382.0,3977.85,3979.92,314.0,0.0,12864.6,11864.83,False
2024-09-29,AMR-007,Foxconn - Shenzhen Assembly,APAC,25,Site Installation,6171.9,6487.1,4098.69,3703.14,236.9,0.0,876524.92,907939.21,False
2024-06-25,AMR-005,Amazon - Dallas FC,North America,30,Site Installation,6275.54,6867.48,3812.96,3765.32,325.3,0.0,538968.15,549651.01,False
2024-06-20,AMR-002,Coca-Cola - Atlanta Warehouse,North America,8,UAT,3815.23,4031.74,2321.91,2289.14,83.8,0.0,538063.92,552168.01,False
2024-05-28,AMR-003,DHL - Singapore Hub,APAC,20,Staging & Config,5389.08,5014.77,3154.39,3233.45,238.3,0.0,406933.15,415933.72,False
2024-08-02,AMR-003,DHL - Singapore Hub,APAC,20,UAT,5721.06,5197.77,2988.95,3432.64,217.7,0.0,743374.32,762831.14,False
2024-08-01,AMR-005,Amazon - Dallas FC,North America,30,Site Installation,6081.86,6870.41,4706.98,3649.12,251.3,0.0,767470.68,781773.46,False
2024-07-29,AMR-006,Unilever - Rotterdam DC,EMEA,10,Go-Live,3747.55,3668.85,2500.44,2248.53,104.9,0.0,583377.46,596206.45,False
2024-04-18,AMR-002,Coca-Cola - Atlanta Warehouse,North America,8,Staging & Config,3987.6,4815.9,2696.75,2392.56,84.0,2.0,298216.63,305437.51,True
2024-06-19,AMR-001,Ford Motor - Michigan Facility,North America,12,UAT,4093.56,,2564.47,2456.14,136.2,0.0,656338.49,679340.96,False
2024-06-23,AMR-002,Coca-Cola - Atlanta Warehouse,North America,8,UAT,3986.1,4022.85,2608.22,2391.66,70.1,0.0,549306.55,565734.99,False
2024-01-31,AMR-001,Ford Motor - Michigan Facility,North America,12,Planning,4078.59,4330.99,2494.0,2447.15,109.7,0.0,71180.36,73433.02,False
2024-08-19,AMR-007,Foxconn - Shenzhen Assembly,APAC,25,Site Installation,5886.8,5616.63,3633.04,3532.08,283.3,0.0,638439.3,660728.61,False
2024-05-12,AMR-002,Coca-Cola - Atlanta Warehouse,North America,8,Site Installation,3439.37,3821.22,2372.41,2063.62,88.3,0.0,388294.07,399677.95,False
2024-04-11,AMR-003,DHL - Singapore Hub,APAC,20,Hardware Procurement,5024.06,5563.13,3460.75,3014.43,197.9,0.0,169225.93,171822.08,False
2024-04-06,AMR-004,Bosch - Stuttgart Plant,EMEA,15,Site Installation,4681.91,4951.74,2988.17,2809.15,176.3,0.0,362391.36,372503.39,False
2024-04-21,AMR-006,Unilever - Rotterdam DC,EMEA,10,Staging & Config,3806.08,3106.82,1955.25,2283.65,117.0,0.0,234922.65,239099.84,False
2024-06-10,AMR-001,Ford Motor - Michigan Facility,North America,12,UAT,4521.49,4377.09,2433.44,2712.89,117.0,0.0,617979.32,639707.16,False
2024-04-29,AMR-002,Coca-Cola - Atlanta Warehouse,North America,8,Site Installation,3755.14,3709.05,2333.63,2253.08,79.4,0.0,338991.07,348197.66,False
2024-08-06,AMR-003,DHL - Singapore Hub,APAC,20,UAT,5133.19,4772.95,2793.04,3079.91,197.7,0.0,763547.54,783634.16,False
2024-09-08,AMR-007,Foxconn - Shenzhen Assembly,APAC,25,Site Installation,5670.98,5501.0,3829.96,3402.59,282.3,0.0,753448.41,780427.63,False
2024-08-26,AMR-005,Amazon - Dallas FC,North America,30,UAT,5865.58,6438.1,4021.72,3519.35,292.1,0.0,919631.72,944820.23,False
2024-02-25,AMR-001,Ford Motor - Michigan Facility,North America,12,Hardware Procurement,4282.57,4120.68,2591.53,2569.54,128.0,0.0,176426.6,177655.1,False
2024-02-20,AMR-006,Unilever - Rotterdam DC,EMEA,10,Planning,3399.43,3416.87,2069.32,2039.66,98.0,0.0,21305.65,21462.98,False
2024-12-12,AMR-007,Foxconn - Shenzhen Assembly,APAC,25,Monitoring,5777.84,6171.83,3631.02,3466.7,269.9,0.0,1307722.82,1349166.55,False
2024-05-01,AMR-002,Coca-Cola - Atlanta Warehouse,North America,8,Site Installation,3894.44,3484.84,2077.39,2336.66,67.4,0.0,346831.46,355745.78,False
2024-04-21,AMR-002,Coca-Cola - Atlanta Warehouse,North America,8,Site Installation,3693.31,3736.1,2357.14,2215.98,86.3,0.0,309203.61,317270.89,False
2024-05-19,AMR-004,Bosch - Stuttgart Plant,EMEA,15,UAT,4568.03,4612.8,2686.78,2740.82,125.6,0.0,561915.89,576422.66,False
2024-10-13,AMR-007,Foxconn - Shenzhen Assembly,APAC,25,UAT,5495.18,6139.53,3501.16,3297.11,295.1,0.0,956796.29,992125.73,False
2024-03-28,AMR-002,Coca-Cola - Atlanta Warehouse,North America,8,Staging & Config,3785.3,4000.41,2773.4,2271.18,67.6,0.0,217326.99,221834.13,False
2024-05-17,AMR-006,Unilever - Rotterdam DC,EMEA,10,Site Installation,3689.7,3620.22,2114.2,2213.82,101.2,0.0,326675.18,331082.51,False
2024-06-07,AMR-002,Coca-Cola - Atlanta Warehouse,North America,8,Site Installation,4040.65,3677.27,2538.78,2424.39,70.1,0.0,489021.39,502514.38,False
2024-05-03,AMR-006,Unilever - Rotterdam DC,EMEA,10,Staging & Config,3197.09,3748.22,2335.55,1918.25,89.5,0.0,277226.17,282257.47,False
2024-06-04,AMR-001,Ford Motor - Michigan Facility,North America,12,UAT,4624.58,4153.79,2322.42,2774.75,115.3,0.0,593131.54,613744.18,False
2024-05-26,AMR-001,Ford Motor - Michigan Facility,North America,12,UAT,4005.17,4590.72,3099.73,2403.1,104.5,0.0,555077.85,575679.28,False
2024-07-27,AMR-007,Foxconn - Shenzhen Assembly,APAC,25,Staging & Config,6008.13,5827.25,3264.59,3604.88,293.9,0.0,508155.32,525179.42,False
2024-05-15,AMR-005,Amazon - Dallas FC,North America,30,Hardware Procurement,6240.1,7147.73,4781.83,3744.06,253.6,0.0,282197.82,289670.31,False
2024-04-24,AMR-005,Amazon - Dallas FC,North America,30,Hardware Procurement,6733.12,5982.5,3328.26,4039.87,350.4,0.0,149610.94,147679.59,False
2024-08-18,AMR-006,Unilever - Rotterdam DC,EMEA,10,Monitoring,3627.28,3506.42,2100.8,2176.37,106.3,0.0,654189.97,668329.05,False
2024-06-04,AMR-003,DHL - Singapore Hub,APAC,20,Site Installation,5141.05,5459.32,3295.17,3084.63,217.0,2.0,441722.05,452458.23,False
2024-08-06,AMR-002,Coca-Cola - Atlanta Warehouse,North America,8,Monitoring,4197.93,3973.85,2641.39,2518.76,84.0,0.0,717533.45,739206.91,False
2024-08-28,AMR-007,Foxconn - Shenzhen Assembly,APAC,25,Site Installation,5567.73,6091.4,4223.91,3340.64,296.2,0.0,689821.83,717569.9,False
2024-02-05,AMR-004,Bosch - Stuttgart Plant,EMEA,15,Planning,3961.15,5116.95,3486.69,2376.69,129.8,0.0,77958.8,80473.07,False
2024-07-12,AMR-005,Amazon - Dallas FC,North America,30,Site Installation,6576.6,6297.07,3726.97,3945.96,254.9,0.0,643079.58,655481.63,False
2024-02-18,AMR-006,Unilever - Rotterdam DC,EMEA,10,Planning,3686.46,3433.32,2300.7,2211.87,89.2,0.0,14265.36,13953.03,False
2024-05-10,AMR-006,Unilever - Rotterdam DC,EMEA,10,Site Installation,3518.09,3834.79,2259.78,2110.85,104.5,0.0,301902.35,306954.66,False
2024-11-26,AMR-007,Foxconn - Shenzhen Assembly,APAC,25,Go-Live,5432.15,5518.63,3422.63,3259.29,287.5,0.0,1214308.68,1254463.49,False
2024-12-07,AMR-007,Foxconn - Shenzhen Assembly,APAC,25,Monitoring,5779.24,6566.59,3933.72,3467.54,211.4,0.0,1278765.03,1319428.34,False
2024-08-24,AMR-006,Unilever - Rotterdam DC,EMEA,10,Monitoring,3559.95,3506.9,1945.61,2135.97,84.0,0.0,675278.5,689839.82,False
2024-04-02,AMR-004,Bosch - Stuttgart Plant,EMEA,15,Site Installation,4690.46,4814.84,3291.11,2814.27,156.5,0.0,342942.61,353663.93,False
2024-09-10,AMR-007,Foxconn - Shenzhen Assembly,APAC,25,Site Installation,6027.84,5786.05,3293.84,3616.7,248.8,2.0,765305.06,792616.51,False
2024-06-09,AMR-005,Amazon - Dallas FC,North America,30,Staging & Config,6339.13,6001.55,3915.68,3803.48,243.0,0.0,440575.34,447905.95,False
2024-04-20,AMR-001,Ford Motor - Michigan Facility,North America,12,Site Installation,4352.22,4760.75,2984.1,2611.33,110.9,0.0,406616.39,417075.5,False
2024-03-10,AMR-001,Ford Motor - Michigan Facility,North America,12,Staging & Config,4231.1,4578.82,2912.48,2538.66,108.8,0.0,234565.41,237270.79,False
2024-05-24,AMR-007,Foxconn - Shenzhen Assembly,APAC,25,Planning,5555.58,5907.77,3881.2,3333.35,233.3,0.0,137856.15,144669.14,False
2024-07-01,AMR-003,DHL - Singapore Hub,APAC,20,Site Installation,5195.92,5294.39,3243.69,3117.55,192.9,0.0,579070.37,594971.91,False
2024-08-31,AMR-003,DHL - Singapore Hub,APAC,20,Go-Live,5212.97,4731.04,2948.69,3127.78,167.8,0.0,891286.98,923291.16,False
2024-10-06,AMR-005,Amazon - Dallas FC,North America,30,Monitoring,5690.23,6003.83,4139.1,3414.14,271.3,0.0,1172601.02,1201798.78,False
2024-08-03,AMR-007,Foxconn - Shenzhen Assembly,APAC,25,Staging & Config,5819.67,5498.11,3269.14,3491.8,258.7,0.0,547543.48,566087.76,False
2024-03-06,AMR-002,Coca-Cola - Atlanta Warehouse,North America,8,Hardware Procurement,3656.17,3583.65,1993.54,2193.7,67.0,0.0,132837.66,137145.33,False
2024-02-13,AMR-002,Coca-Cola - Atlanta Warehouse,North America,8,Planning,3748.18,2995.83,1833.94,2248.91,71.8,0.0,48524.4,51317.27,False
2024-07-22,AMR-007,Foxconn - Shenzhen Assembly,APAC,25,Staging & Config,6128.74,6306.39,4352.41,3677.24,299.5,0.0,480179.5,496941.02,False
2024-05-29,AMR-004,Bosch - Stuttgart Plant,EMEA,15,Go-Live,4253.93,5139.57,3240.89,2552.36,125.2,0.0,608664.08,625429.63,False
2024-08-28,AMR-003,DHL - Singapore Hub,APAC,20,Go-Live,4691.0,5760.48,3850.25,2814.6,233.3,0.0,875930.29,906964.0,False
2024-05-01,AMR-001,Ford Motor - Michigan Facility,North America,12,Site Installation,4044.21,4293.44,2833.93,2426.52,125.0,0.0,452540.9,466430.43,False
2024-06-22,AMR-005,Amazon - Dallas FC,North America,30,Site Installation,6374.3,5773.83,4001.39,3824.58,274.3,0.0,520490.58,529948.85,False
2024-03-06,AMR-006,Unilever - Rotterdam DC,EMEA,10,Hardware Procurement,3674.23,4148.97,2540.86,2204.54,107.6,0.0,73670.02,73849.72,False
2024-07-09,AMR-003,DHL - Singapore Hub,APAC,20,Site Installation,4913.22,4856.35,3365.81,2947.93,229.3,0.0,618577.35,636835.85,False
2024-05-16,AMR-002,Coca-Cola - Atlanta Warehouse,North America,8,Site Installation,3996.9,3832.2,2654.67,2398.14,77.9,0.0,403780.4,416492.42,False
2024-07-13,AMR-002,Coca-Cola - Atlanta Warehouse,North America,8,Go-Live,3906.35,3622.71,2150.11,2343.81,84.6,0.0,625581.37,644400.29,False
2024-10-01,AMR-007,Foxconn - Shenzhen Assembly,APAC,25,Site Installation,6361.87,6145.93,3380.6,3817.12,260.8,0.0,888742.98,920147.62,False
2024-06-19,AMR-003,DHL - Singapore Hub,APAC,20,Site Installation,4672.29,4671.13,2741.97,2803.38,193.7,0.0,518018.26,530801.26,False
2024-06-27,AMR-003,DHL - Singapore Hub,APAC,20,Site Installation,4970.0,5787.46,3593.29,2982.0,168.3,1.0,558657.82,573211.95,False
2024-06-06,AMR-005,Amazon - Dallas FC,North America,30,Staging & Config,6596.75,6469.76,4513.49,3958.05,295.9,0.0,421860.12,428795.35,False
2024-01-20,AMR-004,Bosch - Stuttgart Plant,EMEA,15,Planning,4258.72,5279.68,3669.07,2555.23,156.9,0.0,4258.72,5279.68,False
2024-07-02,AMR-001,Ford Motor - Michigan Facility,North America,12,Go-Live,4239.1,4586.09,2553.02,2543.46,126.0,0.0,710175.73,734458.11,False
2024-06-25,AMR-001,Ford Motor - Michigan Facility,North America,12,Go-Live,4208.24,3875.69,2537.71,2524.94,132.3,0.0,680400.28,704530.49,False
2024-04-06,AMR-003,DHL - Singapore Hub,APAC,20,Hardware Procurement,5284.34,5319.89,2932.65,3170.6,163.0,0.0,144117.02,145697.25,False
2024-07-22,AMR-001,Ford Motor - Michigan Facility,North America,12,Monitoring,4182.43,3979.57,2583.6,2509.46,97.9,0.0,792921.63,819570.15,False
2024-05-18,AMR-007,Foxconn - Shenzhen Assembly,APAC,25,Planning,5900.39,6099.0,4048.11,3540.24,201.1,0.0,102737.89,109660.3,False
2024-06-14,AMR-007,Foxconn - Shenzhen Assembly,APAC,25,Hardware Procurement,5611.45,6185.81,4173.08,3366.87,293.9,0.0,258968.83,269558.64,False
2024-05-02,AMR-002,Coca-Cola - Atlanta Warehouse,North America,8,Site Installation,3823.73,3917.93,2314.17,2294.24,84.1,0.0,350655.19,359663.71,False
2024-01-26,AMR-004,Bosch - Stuttgart Plant,EMEA,15,Planning,4596.58,4692.01,2877.52,2757.95,145.2,0.0,31686.55,33165.95,False
2024-05-06,AMR-003,DHL - Singapore Hub,APAC,20,Staging & Config,5299.37,5301.6,3673.85,3179.62,222.3,1.0,293396.42,301965.03,False
2024-07-19,AMR-005,Amazon - Dallas FC,North America,30,Site Installation,6599.06,5804.96,4004.13,3959.43,264.0,1.0,686880.28,700574.62,False
2024-07-09,AMR-001,Ford Motor - Michigan Facility,North America,12,Go-Live,4163.42,4255.1,2935.01,2498.05,141.3,0.0,738626.0,764100.85,False
2024-07-31,AMR-002,Coca-Cola - Atlanta Warehouse,North America,8,Monitoring,4061.5,3847.69,2180.12,2436.9,80.8,2.0,694006.17,715762.43,False
2024-06-17,AMR-005,Amazon - Dallas FC,North America,30,Staging & Config,5934.82,6060.16,3626.76,3560.89,358.4,0.0,489533.3,498933.71,False
2024-06-15,AMR-003,DHL - Singapore Hub,APAC,20,Site Installation,4853.61,5100.07,2934.83,2912.16,171.4,0.0,497485.8,510751.24,False
2024-03-04,AMR-006,Unilever - Rotterdam DC,EMEA,10,Planning,3290.22,3071.21,2057.09,1974.13,85.1,0.0,66438.32,66065.82,False
2024-09-06,AMR-003,DHL - Singapore Hub,APAC,20,Go-Live,4868.76,5151.9,3118.18,2921.26,219.1,0.0,922479.31,954443.44,False
2024-02-21,AMR-006,Unilever - Rotterdam DC,EMEA,10,Planning,3444.16,3456.42,2404.95,2066.49,119.4,2.0,24749.8,24919.4,False
2024-06-12,AMR-002,Coca-Cola - Atlanta Warehouse,North America,8,UAT,3713.6,4184.84,2408.65,2228.16,95.2,0.0,507341.08,522354.82,False
2024-07-20,AMR-005,Amazon - Dallas FC,North America,30,Site Installation,6246.54,6129.09,3507.14,3747.93,352.9,0.0,693126.83,706703.7,False
2024-11-07,AMR-007,Foxconn - Shenzhen Assembly,APAC,25,UAT,6227.21,6238.7,3576.7,3736.32,225.8,0.0,1105005.01,1141199.1,False
2024-06-07,AMR-003,DHL - Singapore Hub,APAC,20,Site Installation,4733.87,4977.54,3291.58,2840.32,163.1,0.0,456992.73,467143.36,False
2024-04-08,AMR-002,Coca-Cola - Atlanta Warehouse,North America,8,Staging & Config,3567.04,4075.58,2367.63,2140.23,75.6,0.0,259129.66,265060.09,False
2024-05-18,AMR-004,Bosch - Stuttgart Plant,EMEA,15,UAT,5041.97,,2494.58,3025.18,170.8,0.0,557347.86,571809.86,False
2024-02-17,AMR-004,Bosch - Stuttgart Plant,EMEA,15,Hardware Procurement,4835.25,5362.36,3385.7,2901.15,145.7,0.0,133396.97,140860.53,False
2024-01-25,AMR-004,Bosch - Stuttgart Plant,EMEA,15,Planning,4637.13,4529.79,3088.82,2782.28,169.0,0.0,27089.97,28473.93,False
2024-12-28,AMR-007,Foxconn - Shenzhen Assembly,APAC,25,Monitoring,6094.68,5721.29,3226.75,3656.81,241.7,0.0,1400658.46,1445786.21,False
2024-07-10,AMR-003,DHL - Singapore Hub,APAC,20,Site Installation,5055.72,4903.9,3143.89,3033.43,185.5,2.0,623633.06,641739.75,False
2024-07-15,AMR-002,Coca-Cola - Atlanta Warehouse,North America,8,Go-Live,3358.98,4790.29,3351.5,2015.39,82.4,0.0,632489.12,653474.9,True
2024-10-10,AMR-007,Foxconn - Shenzhen Assembly,APAC,25,UAT,5690.99,6377.0,3791.0,3414.6,279.3,0.0,939914.14,973747.55,False
2024-08-27,AMR-007,Foxconn - Shenzhen Assembly,APAC,25,Site Installation,5239.59,6674.58,4395.35,3143.75,236.9,0.0,684254.1,711478.49,False
2024-07-08,AMR-006,Unilever - Rotterdam DC,EMEA,10,UAT,3527.48,3955.76,2274.27,2116.49,92.4,0.0,509530.19,521786.5,False
2024-05-17,AMR-003,DHL - Singapore Hub,APAC,20,Staging & Config,4998.48,,2849.6,2999.09,211.0,0.0,351699.85,359246.27,False
2024-03-29,AMR-003,DHL - Singapore Hub,APAC,20,Planning,4918.94,6890.42,4627.41,2951.37,233.0,0.0,102156.2,103864.59,True
2024-07-06,AMR-001,Ford Motor - Michigan Facility,North America,12,Go-Live,4039.84,4091.79,2811.56,2423.91,109.7,0.0,726188.34,751658.68,False
2024-08-23,AMR-006,Unilever - Rotterdam DC,EMEA,10,Monitoring,3526.46,3784.56,2158.38,2115.87,99.3,0.0,671718.56,686332.92,False
2024-11-11,AMR-007,Foxconn - Shenzhen Assembly,APAC,25,UAT,5451.63,6298.07,3676.86,3270.98,201.4,0.0,1128697.46,1165075.91,False
2024-05-16,AMR-007,Foxconn - Shenzhen Assembly,APAC,25,Planning,5645.18,7036.49,4441.24,3387.11,270.5,0.0,91218.19,97771.65,False
2024-04-29,AMR-004,Bosch - Stuttgart Plant,EMEA,15,Site Installation,4919.93,5955.68,3901.82,2951.96,123.8,0.0,469685.27,482085.16,True
2024-03-26,AMR-002,Coca-Cola - Atlanta Warehouse,North America,8,Staging & Config,3820.5,3698.94,2252.7,2292.3,66.5,0.0,209966.5,213747.91,False
2024-07-13,AMR-006,Unilever - Rotterdam DC,EMEA,10,UAT,3240.58,3600.14,2382.7,1944.35,110.9,0.0,527006.1,539685.93,False
2024-01-20,AMR-001,Ford Motor - Michigan Facility,North America,12,Planning,4244.17,3911.39,2314.22,2546.5,108.5,0.0,25399.01,25915.44,False
2024-06-02,AMR-001,Ford Motor - Michigan Facility,North America,12,UAT,4088.84,4793.95,2875.04,2453.3,138.1,0.0,584122.72,605301.26,False
2024-05-21,AMR-007,Foxconn - Shenzhen Assembly,APAC,25,Planning,5842.35,6904.87,3835.99,3505.41,293.7,0.0,120002.31,127320.54,False
2024-08-24,AMR-005,Amazon - Dallas FC,North America,30,UAT,5934.35,7607.56,4337.57,3560.61,317.6,0.0,908197.06,932330.8,True
2024-11-20,AMR-007,Foxconn - Shenzhen Assembly,APAC,25,Go-Live,5456.7,6921.62,4279.2,3274.02,246.2,0.0,1180534.26,1219852.53,False
2024-05-16,AMR-006,Unilever - Rotterdam DC,EMEA,10,Site Installation,3602.84,3528.1,2019.85,2161.7,87.5,0.0,322985.47,327462.28,False
2024-08-01,AMR-007,Foxconn - Shenzhen Assembly,APAC,25,Staging & Config,5959.48,5926.02,3680.23,3575.69,229.2,0.0,536463.36,554401.69,False
2024-03-21,AMR-006,Unilever - Rotterdam DC,EMEA,10,Hardware Procurement,3700.2,3970.05,2548.47,2220.12,85.6,0.0,126091.56,130086.1,False
2024-05-07,AMR-004,Bosch - Stuttgart Plant,EMEA,15,UAT,4094.82,4858.43,3387.57,2456.89,154.1,0.0,506360.55,520728.26,False
2024-06-11,AMR-005,Amazon - Dallas FC,North America,30,Staging & Config,6184.84,6253.33,4031.04,3710.91,273.9,0.0,453112.57,460145.9,False
2024-12-13,AMR-007,Foxconn - Shenzhen Assembly,APAC,25,Monitoring,6001.39,4998.85,,3600.83,263.8,0.0,1313724.21,1354165.4,False
2024-06-09,AMR-002,Coca-Cola - Atlanta Warehouse,North America,8,UAT,3321.95,3979.25,2189.47,1993.17,68.6,1.0,496221.25,510469.31,False
2024-03-26,AMR-003,DHL - Singapore Hub,APAC,20,Planning,4773.92,5384.17,3180.76,2864.35,213.2,2.0,87157.02,87746.29,False
2024-03-29,AMR-002,Coca-Cola - Atlanta Warehouse,North America,8,Staging & Config,3891.59,3849.23,2562.79,2334.96,84.1,0.0,221218.58,225683.36,False
2024-08-10,AMR-007,Foxconn - Shenzhen Assembly,APAC,25,Site Installation,6083.95,6466.21,3849.25,3650.37,268.4,0.0,587395.34,607837.67,False
2024-06-17,AMR-003,DHL - Singapore Hub,APAC,20,Site Installation,5156.76,5022.12,2880.83,3094.05,233.6,0.0,507888.8,520807.89,False
2024-01-19,AMR-001,Ford Motor - Michigan Facility,North America,12,Planning,4452.68,4049.18,2755.37,2671.61,124.5,0.0,21154.84,22004.05,False
2024-09-16,AMR-007,Foxconn - Shenzhen Assembly,APAC,25,Site Installation,5914.08,6390.06,4176.37,3548.45,235.0,0.0,800825.63,830449.05,False
2024-03-28,AMR-004,Bosch - Stuttgart Plant,EMEA,15,Site Installation,5004.5,5006.58,3086.17,3002.7,166.8,0.0,319508.02,330942.82,False
2024-08-19,AMR-006,Unilever - Rotterdam DC,EMEA,10,Monitoring,3412.5,3933.65,2504.43,2047.5,81.9,0.0,657602.47,672262.7,False
2024-04-01,AMR-006,Unilever - Rotterdam DC,EMEA,10,Hardware Procurement,3208.19,3393.74,2226.28,1924.91,88.8,0.0,165456.15,168569.11,False
2024-04-04,AMR-006,Unilever - Rotterdam DC,EMEA,10,Hardware Procurement,3335.34,3294.7,1857.27,2001.21,100.2,0.0,175611.3,179797.24,False
2024-07-10,AMR-005,Amazon - Dallas FC,North America,30,Site Installation,6096.83,6383.08,4123.01,3658.1,300.7,0.0,630842.26,642993.09,False
2024-03-15,AMR-004,Bosch - Stuttgart Plant,EMEA,15,Staging & Config,4925.27,4240.12,2657.86,2955.16,136.5,0.0,259411.03,270363.36,False
2024-04-01,AMR-004,Bosch - Stuttgart Plant,EMEA,15,Site Installation,4901.53,4434.53,2845.6,2940.92,140.1,0.0,338252.15,348849.09,False
2024-04-20,AMR-005,Amazon - Dallas FC,North America,30,Planning,6119.95,6210.87,4218.8,3671.97,314.6,0.0,124819.42,123462.24,False
2024-06-03,AMR-004,Bosch - Stuttgart Plant,EMEA,15,Go-Live,4585.27,5222.36,3599.68,2751.16,166.6,0.0,631227.79,651200.86,False
2024-06-30,AMR-002,Coca-Cola - Atlanta Warehouse,North America,8,UAT,3611.73,3333.24,2041.04,2167.04,73.0,0.0,575725.51,591966.58,False
2024-08-04,AMR-005,Amazon - Dallas FC,North America,30,Site Installation,5982.77,5842.12,3960.84,3589.66,248.2,0.0,785327.6,803085.06,False
2024-07-21,AMR-001,Ford Motor - Michigan Facility,North America,12,Monitoring,4381.14,4276.21,2640.64,2628.68,97.0,0.0,788739.19,815590.58,False
2024-10-08,AMR-005,Amazon - Dallas FC,North America,30,Monitoring,6522.91,6739.89,4108.6,3913.75,280.9,0.0,1185670.63,1214892.62,False
2024-05-02,AMR-006,Unilever - Rotterdam DC,EMEA,10,Staging & Config,3841.78,3892.82,2315.44,2305.07,118.2,0.0,274029.08,278509.25,False
2024-03-31,AMR-006,Unilever - Rotterdam DC,EMEA,10,Hardware Procurement,3271.77,3723.48,2517.42,1963.06,113.9,0.0,162247.96,165175.37,False
2024-08-06,AMR-007,Foxconn - Shenzhen Assembly,APAC,25,Staging & Config,5528.18,6051.0,3864.69,3316.91,249.8,0.0,564317.16,582910.46,False
2024-03-02,AMR-004,Bosch - Stuttgart Plant,EMEA,15,Staging & Config,4712.13,4840.97,3332.49,2827.28,167.3,0.0,198971.98,209021.24,False
2024-05-27,AMR-004,Bosch - Stuttgart Plant,EMEA,15,UAT,4928.35,4829.33,3001.77,2957.01,164.1,0.0,599550.84,615406.35,False
2024-03-29,AMR-006,Unilever - Rotterdam DC,EMEA,10,Hardware Procurement,3622.2,3192.38,1786.54,2173.32,100.4,0.0,155365.96,157684.05,False
2024-07-02,AMR-007,Foxconn - Shenzhen Assembly,APAC,25,Staging & Config,6031.43,5961.13,3886.37,3618.86,283.9,,362443.07,377466.98,False
2024-12-30,AMR-007,Foxconn - Shenzhen Assembly,APAC,25,Monitoring,5885.21,6158.73,3797.67,3531.12,226.0,0.0,1412459.51,1458670.85,False
2024-07-31,AMR-003,DHL - Singapore Hub,APAC,20,UAT,5382.55,6018.31,4059.43,3229.53,202.7,0.0,732377.27,753378.1,False
2024-08-17,AMR-007,Foxconn - Shenzhen Assembly,APAC,25,Site Installation,5370.14,6248.2,4082.57,3222.08,216.9,0.0,627257.94,649746.41,False
2024-06-28,AMR-001,Ford Motor - Michigan Facility,North America,12,Go-Live,4239.96,5034.88,2944.71,2543.98,143.2,0.0,693323.47,717789.69,False
2024-03-13,AMR-002,Coca-Cola - Atlanta Warehouse,North America,8,Hardware Procurement,3717.33,3524.73,2283.55,2230.4,93.1,1.0,160175.33,163826.63,False
2024-05-11,AMR-001,Ford Motor - Michigan Facility,North America,12,Site Installation,4081.57,4672.09,3176.98,2448.94,127.2,0.0,493587.69,510421.85,False
2024-12-21,AMR-007,Foxconn - Shenzhen Assembly,APAC,25,Monitoring,6119.38,6818.85,4508.56,3671.63,255.2,0.0,1360313.36,1404006.27,False
2024-04-13,AMR-004,Bosch - Stuttgart Plant,EMEA,15,Site Installation,4425.17,5132.99,3102.54,2655.1,121.0,1.0,394641.86,406785.54,False
2024-07-03,AMR-003,DHL - Singapore Hub,APAC,20,Site Installation,4618.63,5134.83,3454.59,2771.18,167.2,1.0,589076.94,605215.61,False
2024-06-23,AMR-005,Amazon - Dallas FC,North America,30,Site Installation,6146.67,6616.77,4475.28,3688.0,321.1,0.0,526637.25,536565.62,False
2024-07-21,AMR-002,Coca-Cola - Atlanta Warehouse,North America,8,Go-Live,3807.87,3594.59,2405.74,2284.72,70.9,0.0,655768.72,676752.06,False
2024-04-06,AMR-006,Unilever - Rotterdam DC,EMEA,10,Staging & Config,3559.15,3332.09,1917.93,2135.49,89.7,2.0,182605.53,186495.62,False
2024-09-06,AMR-007,Foxconn - Shenzhen Assembly,APAC,25,Site Installation,5687.84,5545.22,3866.63,3412.7,298.5,1.0,742196.55,769978.87,False
2024-04-21,AMR-003,DHL - Singapore Hub,APAC,20,Hardware Procurement,4508.92,4669.89,2866.18,2705.35,212.4,0.0,219035.62,222851.58,False
2024-06-27,AMR-002,Coca-Cola - Atlanta Warehouse,North America,8,UAT,4006.22,3934.02,2550.51,2403.73,94.5,0.0,564605.81,580778.13,False
2024-05-15,AMR-002,Coca-Cola - Atlanta Warehouse,North America,8,Site Installation,3804.28,3905.92,2438.28,2282.57,78.0,0.0,399783.49,412660.22,False
2024-05-19,AMR-002,Coca-Cola - Atlanta Warehouse,North America,8,Site Installation,3762.99,4554.63,3041.86,2257.79,83.7,0.0,415274.58,429075.34,False
2024-05-26,AMR-004,Bosch - Stuttgart Plant,EMEA,15,UAT,4705.61,4105.91,2612.87,2823.37,127.5,0.0,594622.49,610577.02,False
2024-01-23,AMR-001,Ford Motor - Michigan Facility,North America,12,Planning,4316.9,4490.94,2477.16,2590.14,110.1,0.0,38149.33,39282.09,False
2024-02-25,AMR-006,Unilever - Rotterdam DC,EMEA,10,Planning,3500.76,3584.58,2481.05,2100.46,112.4,0.0,38067.01,38873.74,False
2024-12-24,AMR-007,Foxconn - Shenzhen Assembly,APAC,25,Monitoring,5786.72,5525.03,3159.2,3472.03,295.2,0.0,1377230.25,1421869.24,False
2024-01-22,AMR-001,Ford Motor - Michigan Facility,North America,12,Planning,4235.1,4696.69,2749.69,2541.06,102.0,0.0,33832.43,34791.15,False
2024-04-21,AMR-004,Bosch - Stuttgart Plant,EMEA,15,Site Installation,4768.57,4706.01,3159.56,2861.14,136.1,0.0,432157.54,442443.39,False
2024-05-21,AMR-003,DHL - Singapore Hub,APAC,20,Staging & Config,4835.04,5646.29,3266.44,2901.03,167.7,0.0,371038.69,380582.45,False
2024-03-31,AMR-001,Ford Motor - Michigan Facility,North America,12,Staging & Config,4430.27,4910.14,2767.02,2658.16,140.5,0.0,322069.98,329097.54,False
2024-02-28,AMR-001,Ford Motor - Michigan Facility,North America,12,Hardware Procurement,4480.88,4337.56,2507.66,2688.53,135.7,0.0,188482.39,190393.31,False
2024-05-04,AMR-007,Foxconn - Shenzhen Assembly,APAC,25,Planning,5716.53,5713.37,3627.41,3429.92,299.3,0.0,23060.53,23863.08,False
2024-08-11,AMR-003,DHL - Singapore Hub,APAC,20,UAT,4683.44,5418.4,3031.06,2810.07,164.8,0.0,789017.25,813182.32,False
2024-12-20,AMR-007,Foxconn - Shenzhen Assembly,APAC,25,Monitoring,5913.57,6124.28,4242.65,3548.14,272.4,0.0,1354193.98,1397187.42,False
2024-06-24,AMR-002,Coca-Cola - Atlanta Warehouse,North America,8,UAT,3477.75,3863.79,2302.96,2086.65,67.4,0.0,552784.31,569598.78,False
2024-05-03,AMR-007,Foxconn - Shenzhen Assembly,APAC,25,Planning,5787.04,6389.19,3938.92,3472.22,262.1,0.0,17344.0,18149.71,False
2024-07-24,AMR-005,Amazon - Dallas FC,North America,30,Site Installation,5960.96,5903.67,3693.27,3576.58,250.2,0.0,718618.18,730665.59,False
2024-08-15,AMR-005,Amazon - Dallas FC,North America,30,UAT,6679.35,6400.97,4107.95,4007.61,359.9,0.0,852580.59,875256.77,False
2024-05-06,AMR-006,Unilever - Rotterdam DC,EMEA,10,Site Installation,3646.5,3316.62,1844.0,2187.9,91.9,0.0,287795.08,292982.45,False
2024-05-12,AMR-005,Amazon - Dallas FC,North America,30,Hardware Procurement,6006.25,6647.21,3804.4,3603.75,319.1,0.0,263519.36,269284.76,False
2024-02-10,AMR-001,Ford Motor - Michigan Facility,North America,12,Hardware Procurement,4101.92,4449.38,3004.44,2461.15,129.1,0.0,112955.29,116139.44,False
2024-08-04,AMR-003,DHL - Singapore Hub,APAC,20,UAT,4686.87,,3469.03,2812.12,189.6,0.0,752697.03,774248.81,False
2024-07-16,AMR-003,DHL - Singapore Hub,APAC,20,Site Installation,5545.68,4920.64,2857.95,3327.41,193.0,0.0,654558.71,674768.44,False
2024-09-26,AMR-007,Foxconn - Shenzhen Assembly,APAC,25,Site Installation,5589.08,5790.05,3319.71,3353.45,226.2,0.0,858474.11,890318.83,False
2024-05-21,AMR-004,Bosch - Stuttgart Plant,EMEA,15,UAT,4698.52,4656.5,2770.27,2819.11,125.1,0.0,571288.56,586038.41,False
2024-06-08,AMR-006,Unilever - Rotterdam DC,EMEA,10,Site Installation,3804.94,3459.96,1961.1,2282.96,82.7,0.0,404332.95,412229.23,False
2024-03-12,AMR-003,DHL - Singapore Hub,APAC,20,Planning,4584.25,5669.68,3276.4,2750.55,231.5,0.0,14577.45,16942.51,False
2024-06-08,AMR-004,Bosch - Stuttgart Plant,EMEA,15,Go-Live,4277.24,4053.73,2637.21,2566.35,136.5,0.0,655023.1,675550.85,False
2024-06-01,AMR-004,Bosch - Stuttgart Plant,EMEA,15,Go-Live,4149.97,5576.95,3680.96,2489.98,151.1,0.0,621959.77,640484.63,False
2024-05-12,AMR-001,Ford Motor - Michigan Facility,North America,12,Site Installation,3713.28,4364.73,2592.59,2227.97,127.0,,497300.96,514786.57,False
2024-02-18,AMR-004,Bosch - Stuttgart Plant,EMEA,15,Hardware Procurement,4812.61,4841.92,2710.52,2887.57,144.7,0.0,138209.58,145702.45,False
2024-05-20,AMR-005,Amazon - Dallas FC,North America,30,Hardware Procurement,6267.13,5195.01,2996.14,3760.28,314.0,0.0,313958.87,319967.7,False
2024-02-03,AMR-002,Coca-Cola - Atlanta Warehouse,North America,8,Planning,3838.85,4065.95,2547.82,2303.31,88.1,0.0,11307.91,12499.61,False
2024-05-26,AMR-005,Amazon - Dallas FC,North America,30,Staging & Config,6449.01,6506.77,3753.85,3869.41,302.7,0.0,352067.6,360092.62,False
2024-05-21,AMR-006,Unilever - Rotterdam DC,EMEA,10,Site Installation,3162.23,3265.34,2140.44,1897.34,110.9,0.0,341002.29,344951.96,False
2024-05-13,AMR-001,Ford Motor - Michigan Facility,North America,12,Site Installation,4011.51,4544.4,3005.27,2406.9,112.2,0.0,501312.47,519330.97,False
2024-05-12,AMR-007,Foxconn - Shenzhen Assembly,APAC,25,Planning,5761.56,5816.57,3913.86,3456.94,276.8,1.0,69313.81,72792.99,False
2024-03-06,AMR-001,Ford Motor - Michigan Facility,North America,12,Staging & Config,4105.1,4296.33,2575.97,2463.06,105.5,0.0,217255.61,220304.53,False
2024-02-17,AMR-001,Ford Motor - Michigan Facility,North America,12,Hardware Procurement,4169.73,4595.54,2981.62,2501.84,127.3,0.0,142578.12,143891.44,False
2024-08-09,AMR-007,Foxconn - Shenzhen Assembly,APAC,25,Site Installation,6007.1,6355.72,,3604.26,243.5,0.0,581311.38,601371.46,False
2024-04-10,AMR-004,Bosch - Stuttgart Plant,EMEA,15,Site Installation,4692.14,4412.71,2968.95,2815.28,125.1,1.0,381178.43,392255.05,False
2024-07-24,AMR-002,Coca-Cola - Atlanta Warehouse,North America,8,Go-Live,3890.96,4285.46,2897.28,2334.57,91.1,0.0,667298.13,688969.94,False
2024-05-13,AMR-006,Unilever - Rotterdam DC,EMEA,10,Site Installation,3395.78,3737.65,2138.82,2037.47,102.8,0.0,311966.23,317853.32,False
2024-07-17,AMR-007,Foxconn - Shenzhen Assembly,APAC,25,Staging & Config,6152.4,6627.55,4075.9,3691.44,262.1,0.0,450835.24,466133.61,False
2024-04-19,AMR-003,DHL - Singapore Hub,APAC,20,Hardware Procurement,5046.38,5163.21,3087.95,3027.83,200.5,0.0,209691.15,213107.41,False
2024-07-13,AMR-003,DHL - Singapore Hub,APAC,20,Site Installation,5046.34,6860.19,3939.07,3027.81,174.2,0.0,638709.47,659698.89,True
2024-06-03,AMR-003,DHL - Singapore Hub,APAC,20,Site Installation,4885.4,5624.53,3188.77,2931.24,197.5,0.0,436581.0,446998.91,False
2024-08-08,AMR-003,DHL - Singapore Hub,APAC,20,UAT,5065.37,5923.24,3765.25,3039.22,208.7,0.0,774026.92,794174.49,False
2024-04-09,AMR-001,Ford Motor - Michigan Facility,North America,12,Site Installation,4419.65,4805.63,2957.81,2651.79,96.7,0.0,359874.89,368710.64,False
2024-02-10,AMR-002,Coca-Cola - Atlanta Warehouse,North America,8,Planning,3549.11,3984.57,2638.07,2129.46,79.2,0.0,37640.79,40625.68,False
2024-07-27,AMR-002,Coca-Cola - Atlanta Warehouse,North America,8,Monitoring,4093.76,3520.21,2394.64,2456.26,88.4,0.0,678809.99,699745.35,False
2024-03-12,AMR-004,Bosch - Stuttgart Plant,EMEA,15,Staging & Config,4652.5,4362.55,2829.06,2791.5,126.4,0.0,245162.43,256819.1,False
2024-08-21,AMR-003,DHL - Singapore Hub,APAC,20,Go-Live,4537.18,5484.01,3347.48,2722.31,211.4,0.0,840241.72,867321.1,False
2024-05-25,AMR-007,Foxconn - Shenzhen Assembly,APAC,25,Planning,5532.72,5951.47,3890.24,3319.63,235.0,0.0,143388.87,150620.62,False
2024-10-06,AMR-007,Foxconn - Shenzhen Assembly,APAC,25,Site Installation,5539.74,5982.5,4079.02,3323.84,203.7,2.0,916739.73,949741.98,False
2024-04-20,AMR-006,Unilever - Rotterdam DC,EMEA,10,Staging & Config,3389.19,3734.44,2280.88,2033.51,97.0,0.0,231116.57,235993.02,False
2024-05-30,AMR-001,Ford Motor - Michigan Facility,North America,12,UAT,4382.6,3926.62,2630.01,2629.56,106.2,0.0,572389.46,592159.97,False
2024-05-20,AMR-001,Ford Motor - Michigan Facility,North America,12,Site Installation,4081.8,3999.32,2799.42,2449.08,101.5,0.0,530473.99,549497.09,False
2024-08-29,AMR-007,Foxconn - Shenzhen Assembly,APAC,25,Site Installation,5848.78,6568.5,4486.18,3509.27,282.2,0.0,695670.6,724138.4,False
2024-05-25,AMR-001,Ford Motor - Michigan Facility,North America,12,UAT,4463.16,4533.36,2873.6,2677.89,126.7,0.0,551072.68,571088.55,False
2024-05-01,AMR-004,Bosch - Stuttgart Plant,EMEA,15,Site Installation,4626.59,4329.09,2806.62,2775.96,165.2,0.0,478863.66,491812.57,False
2024-03-22,AMR-002,Coca-Cola - Atlanta Warehouse,North America,8,Staging & Config,3826.4,3990.36,2541.28,2295.84,88.1,0.0,194510.48,197781.91,False
2024-03-16,AMR-006,Unilever - Rotterdam DC,EMEA,10,Hardware Procurement,3622.89,3623.64,2491.25,2173.73,85.9,0.0,108817.97,110653.15,False
2024-02-19,AMR-006,Unilever - Rotterdam DC,EMEA,10,Planning,3640.85,4093.07,2735.02,2184.51,108.6,0.0,17906.22,18046.1,False
2024-08-05,AMR-002,Coca-Cola - Atlanta Warehouse,North America,8,Monitoring,3859.29,3878.25,2305.71,2315.57,69.1,0.0,713335.52,735233.07,False
2024-04-09,AMR-006,Unilever - Rotterdam DC,EMEA,10,Staging & Config,3491.3,3451.55,2108.81,2094.78,89.2,0.0,192938.32,197275.78,False
2024-06-26,AMR-004,Bosch - Stuttgart Plant,EMEA,15,Monitoring,4990.31,5072.97,2909.16,2994.18,178.6,0.0,737714.5,763799.48,False
2024-04-12,AMR-001,Ford Motor - Michigan Facility,North America,12,Site Installation,4663.09,4463.35,2927.08,2797.86,114.4,0.0,373435.82,381594.87,False
2024-08-30,AMR-007,Foxconn - Shenzhen Assembly,APAC,25,Site Installation,5886.12,6149.73,4179.99,3531.67,269.4,0.0,701556.73,730288.13,False
2024-06-14,AMR-005,Amazon - Dallas FC,North America,30,Staging & Config,6302.91,6509.21,3681.51,3781.74,337.8,0.0,471856.4,479057.04,False
2024-08-01,AMR-002,Coca-Cola - Atlanta Warehouse,North America,8,Monitoring,4006.44,4052.42,2417.78,2403.86,83.3,0.0,698012.61,719814.85,False
2024-04-07,AMR-005,Amazon - Dallas FC,North America,30,Planning,6169.36,6348.6,3528.65,3701.61,303.9,1.0,43504.61,42402.95,False
2024-08-02,AMR-005,Amazon - Dallas FC,North America,30,Site Installation,5999.61,6612.28,3988.82,3599.76,332.6,,773470.29,788385.74,False
2024-07-25,AMR-005,Amazon - Dallas FC,North America,30,Site Installation,6346.65,7003.26,4622.02,3807.99,353.6,0.0,724964.82,737668.85,False
2024-08-07,AMR-007,Foxconn - Shenzhen Assembly,APAC,25,Site Installation,5281.67,6069.65,3527.21,3169.0,222.0,0.0,569598.83,588980.11,False
2024-07-18,AMR-003,DHL - Singapore Hub,APAC,20,Site Installation,5343.05,5184.01,3320.34,3205.83,160.2,0.0,665298.41,685516.27,False
2024-02-02,AMR-004,Bosch - Stuttgart Plant,EMEA,15,Planning,4799.21,4853.1,3220.73,2879.52,146.3,0.0,64386.49,66377.2,False
2024-03-03,AMR-002,Coca-Cola - Atlanta Warehouse,North America,8,Hardware Procurement,3778.11,4007.62,2480.24,2266.86,80.7,0.0,121366.42,125369.43,False
2024-02-16,AMR-006,Unilever - Rotterdam DC,EMEA,10,Planning,3140.59,3429.84,2141.35,1884.35,88.8,0.0,6954.65,7144.75,False
2024-03-30,AMR-004,Bosch - Stuttgart Plant,EMEA,15,Site Installation,4833.28,4788.65,2640.21,2899.97,151.8,0.0,328920.27,340096.94,False
2024-10-09,AMR-005,Amazon - Dallas FC,North America,30,Monitoring,6467.59,6213.81,4101.74,3880.56,291.7,0.0,1192138.22,1221106.43,False
2024-02-24,AMR-001,Ford Motor - Michigan Facility,North America,12,Hardware Procurement,4080.21,4424.9,2529.62,2448.13,128.4,0.0,172144.03,173534.42,False
2024-07-26,AMR-003,DHL - Singapore Hub,APAC,20,UAT,4830.7,4347.98,,2898.42,226.0,0.0,706127.94,725697.81,False
2024-04-29,AMR-001,Ford Motor - Michigan Facility,North America,12,Site Installation,4285.17,4573.17,2568.99,2571.1,138.7,2.0,444020.15,457751.54,False
2024-05-27,AMR-001,Ford Motor - Michigan Facility,North America,12,UAT,4144.83,4364.5,2816.79,2486.9,119.3,0.0,559222.68,580043.77,False
2024-09-24,AMR-005,Amazon - Dallas FC,North America,30,Go-Live,6197.99,5799.99,3815.3,3718.79,342.7,0.0,1099466.73,1125772.06,False
2024-03-17,AMR-004,Bosch - Stuttgart Plant,EMEA,15,Staging & Config,4516.57,5279.09,2936.16,2709.94,165.9,0.0,268639.67,280353.09,False
2024-03-07,AMR-006,Unilever - Rotterdam DC,EMEA,10,Hardware Procurement,3221.8,4124.65,2733.5,1933.08,113.0,0.0,76891.82,77974.37,False
2024-05-22,AMR-004,Bosch - Stuttgart Plant,EMEA,15,UAT,4738.99,5679.76,3727.25,2843.39,138.1,0.0,576027.54,591718.17,False
2024-12-27,AMR-007,Foxconn - Shenzhen Assembly,APAC,25,Monitoring,5593.94,6560.77,3636.9,3356.37,298.0,0.0,1394563.78,1440064.92,False
2024-06-20,AMR-004,Bosch - Stuttgart Plant,EMEA,15,Monitoring,4099.13,4678.74,3272.99,2459.48,160.0,0.0,709544.53,734647.91,False
2024-06-17,AMR-002,Coca-Cola - Atlanta Warehouse,North America,8,UAT,3630.0,3691.1,2392.42,2178.0,92.8,0.0,526362.77,541065.05,False
2024-08-24,AMR-007,Foxconn - Shenzhen Assembly,APAC,25,Site Installation,5722.02,6234.79,4025.52,3433.21,266.6,0.0,667642.37,692938.0,False
2024-04-24,AMR-006,Unilever - Rotterdam DC,EMEA,10,Staging & Config,3390.64,3470.94,2063.25,2034.38,98.2,0.0,245002.24,249554.56,False
2024-10-26,AMR-007,Foxconn - Shenzhen Assembly,APAC,25,UAT,5636.71,5750.23,3762.33,3382.03,219.8,0.0,1034357.1,1069935.86,False
2024-09-22,AMR-005,Amazon - Dallas FC,North America,30,Go-Live,5610.12,6752.44,3794.78,3366.07,349.9,0.0,1086822.43,1113839.44,False
2024-04-25,AMR-001,Ford Motor - Michigan Facility,North America,12,Site Installation,4336.18,4255.86,,2601.71,103.3,0.0,427534.46,439224.44,False
2024-06-01,AMR-007,Foxconn - Shenzhen Assembly,APAC,25,Hardware Procurement,5828.21,5976.76,3964.29,3496.93,230.7,0.0,184068.94,192416.12,False
2024-05-03,AMR-001,Ford Motor - Michigan Facility,North America,12,Site Installation,4283.91,4823.65,3065.75,2570.34,111.3,0.0,461027.68,475543.81,False
2024-05-13,AMR-002,Coca-Cola - Atlanta Warehouse,North America,8,Site Installation,3933.38,4744.16,3162.49,2360.03,91.3,1.0,392227.45,404422.11,False
2024-08-07,AMR-006,Unilever - Rotterdam DC,EMEA,10,Go-Live,3211.07,3228.12,2165.75,1926.64,80.2,0.0,615215.7,628351.98,False
2024-11-06,AMR-007,Foxconn - Shenzhen Assembly,APAC,25,UAT,5949.19,5586.5,3701.96,3569.51,288.2,0.0,1098777.8,1134960.4,False
2024-07-19,AMR-003,DHL - Singapore Hub,APAC,20,Site Installation,5173.7,4885.94,2814.7,3104.22,205.7,0.0,670472.11,690402.21,False
2024-06-16,AMR-003,DHL - Singapore Hub,APAC,20,Site Installation,5246.25,5034.52,3360.27,3147.75,206.1,0.0,502732.05,515785.77,False
2024-09-23,AMR-005,Amazon - Dallas FC,North America,30,Go-Live,6446.31,6132.63,4230.32,3867.78,350.7,0.0,1093268.74,1119972.07,False
2024-01-24,AMR-004,Bosch - Stuttgart Plant,EMEA,15,Planning,4626.9,,3116.64,2776.14,141.8,1.0,22452.84,23944.14,False
2024-05-26,AMR-002,Coca-Cola - Atlanta Warehouse,North America,8,Site Installation,3757.71,3880.3,2237.43,2254.62,70.0,0.0,442689.43,457691.54,False
2024-07-14,AMR-006,Unilever - Rotterdam DC,EMEA,10,UAT,3526.1,4077.74,2318.7,2115.66,101.2,0.0,530532.2,543763.68,False
2024-05-31,AMR-001,Ford Motor - Michigan Facility,North America,12,UAT,3765.21,4258.12,2804.6,2259.13,105.1,0.0,576154.67,596418.09,False
2024-03-02,AMR-002,Coca-Cola - Atlanta Warehouse,North America,8,Hardware Procurement,3836.83,3502.0,2351.9,2302.1,91.4,0.0,117588.31,121361.82,False
2024-02-21,AMR-002,Coca-Cola - Atlanta Warehouse,North America,8,Hardware Procurement,4445.91,3712.22,2566.74,2667.54,73.8,0.0,79588.8,82058.28,False
2024-02-04,AMR-001,Ford Motor - Michigan Facility,North America,12,Hardware Procurement,4304.05,4304.83,2869.62,2582.43,105.1,0.0,88374.24,90563.98,False
2024-06-08,AMR-005,Amazon - Dallas FC,North America,30,Staging & Config,6404.07,6104.44,3567.92,3842.44,317.4,0.0,434236.21,441904.4,False
2024-07-04,AMR-002,Coca-Cola - Atlanta Warehouse,North America,8,UAT,3708.45,4059.94,2260.09,2225.07,92.1,0.0,591238.91,607106.23,False
2024-08-12,AMR-006,Unilever - Rotterdam DC,EMEA,10,Monitoring,3380.39,3631.22,2080.39,2028.23,101.6,0.0,632966.9,646194.95,False
2024-01-30,AMR-004,Bosch - Stuttgart Plant,EMEA,15,Planning,4274.67,4728.61,3158.08,2564.8,174.5,0.0,49992.23,52423.1,False
2024-05-23,AMR-007,Foxconn - Shenzhen Assembly,APAC,25,Planning,6026.62,5481.75,3399.91,3615.97,248.0,0.0,132300.56,138761.37,False
2024-06-15,AMR-005,Amazon - Dallas FC,North America,30,Staging & Config,6085.59,6353.75,4335.87,3651.35,359.0,0.0,477941.99,485410.79,False
2024-04-29,AMR-005,Amazon - Dallas FC,North America,30,Hardware Procurement,6786.94,8376.4,5749.24,4072.17,333.2,,182672.54,183450.16,True
2024-08-14,AMR-003,DHL - Singapore Hub,APAC,20,UAT,4914.46,5134.94,3157.68,2948.67,184.0,0.0,803997.61,829068.66,False
2024-08-04,AMR-002,Coca-Cola - Atlanta Warehouse,North America,8,Monitoring,3726.17,3791.91,2500.17,2235.7,86.4,0.0,709476.23,731354.81,False
2024-05-22,AMR-006,Unilever - Rotterdam DC,EMEA,10,Site Installation,3683.11,3459.15,1988.46,2209.87,119.2,0.0,344685.4,348411.11,False
2024-03-01,AMR-006,Unilever - Rotterdam DC,EMEA,10,Planning,3531.29,3699.34,2052.29,2118.78,90.5,0.0,56166.81,55592.5,False
2024-04-07,AMR-004,Bosch - Stuttgart Plant,EMEA,15,Site Installation,4589.07,5020.68,2910.93,2753.44,125.4,0.0,366980.43,377524.07,False
2024-03-30,AMR-002,Coca-Cola - Atlanta Warehouse,North America,8,Staging & Config,3802.01,4280.3,2596.93,2281.2,70.6,,225020.59,229963.66,False
2024-07-05,AMR-007,Foxconn - Shenzhen Assembly,APAC,25,Staging & Config,6125.33,5605.32,3130.44,3675.2,290.9,0.0,379880.24,394274.51,False
2024-08-30,AMR-006,Unilever - Rotterdam DC,EMEA,10,Monitoring,3374.37,3185.61,2073.15,2024.62,96.7,0.0,696161.74,711997.75,False
2024-10-13,AMR-005,Amazon - Dallas FC,North America,30,Monitoring,6090.09,6338.2,3854.39,3654.05,,0.0,1216792.06,1246707.73,False
2024-02-11,AMR-001,Ford Motor - Michigan Facility,North America,12,Hardware Procurement,4224.2,4178.69,2723.16,2534.52,109.0,0.0,117179.48,120318.13,False
2024-04-21,AMR-001,Ford Motor - Michigan Facility,North America,12,Site Installation,4019.16,4519.59,2764.2,2411.49,136.1,0.0,410635.54,421595.09,False
2024-04-14,AMR-003,DHL - Singapore Hub,APAC,20,Hardware Procurement,5277.07,4947.15,2783.31,3166.24,161.4,0.0,184752.38,187246.87,False
2024-04-22,AMR-003,DHL - Singapore Hub,APAC,20,Hardware Procurement,5050.09,4974.12,3173.62,3030.05,239.5,2.0,224085.7,227825.7,False
2024-07-19,AMR-006,Unilever - Rotterdam DC,EMEA,10,UAT,3378.19,3501.78,2422.3,2026.92,101.1,0.0,547641.37,561293.24,False
2024-05-25,AMR-004,Bosch - Stuttgart Plant,EMEA,15,UAT,4608.79,5440.38,3020.45,2765.27,131.2,1.0,589916.87,606471.11,False
2024-02-29,AMR-004,Bosch - Stuttgart Plant,EMEA,15,Hardware Procurement,5161.89,4127.06,2505.42,3097.13,177.8,0.0,189373.01,199626.67,False
2024-06-22,AMR-002,Coca-Cola - Atlanta Warehouse,North America,8,UAT,3575.33,4387.35,2516.94,2145.2,69.3,0.0,545320.45,561712.14,False
2024-09-23,AMR-003,DHL - Singapore Hub,APAC,20,Monitoring,5176.72,5511.63,3553.56,3106.03,161.3,2.0,1010183.58,1043819.36,False
2024-07-07,AMR-006,Unilever - Rotterdam DC,EMEA,10,UAT,3574.48,3682.29,2358.7,2144.69,84.8,0.0,506002.72,517830.74,False
2024-04-28,AMR-002,Coca-Cola - Atlanta Warehouse,North America,8,Site Installation,3850.49,3670.3,2179.44,2310.3,71.4,,335235.94,344488.61,False
2024-10-12,AMR-005,Amazon - Dallas FC,North America,30,Monitoring,5745.73,5881.12,3947.6,3447.44,268.5,0.0,1210701.97,1240369.53,False
2024-06-06,AMR-007,Foxconn - Shenzhen Assembly,APAC,25,Hardware Procurement,5248.73,7315.61,4806.09,3149.24,232.7,3.0,212932.53,222826.21,True
2024-03-20,AMR-006,Unilever - Rotterdam DC,EMEA,10,Hardware Procurement,3325.96,4297.88,2524.38,1995.58,101.6,0.0,122391.36,126116.05,False
2024-09-05,AMR-005,Amazon - Dallas FC,North America,30,UAT,5995.51,6628.52,4208.53,3597.31,330.7,0.0,980595.94,1010009.99,False
2024-03-27,AMR-006,Unilever - Rotterdam DC,EMEA,10,Hardware Procurement,3771.03,3802.29,2226.44,2262.62,105.8,0.0,148013.98,151219.69,False
2024-02-15,AMR-004,Bosch - Stuttgart Plant,EMEA,15,Hardware Procurement,4641.39,5217.76,3584.5,2784.83,177.6,0.0,123967.46,130019.78,False
2024-06-23,AMR-003,DHL - Singapore Hub,APAC,20,Site Installation,5128.95,5066.85,3085.82,3077.37,218.0,0.0,538287.97,550984.12,False
2024-03-18,AMR-002,Coca-Cola - Atlanta Warehouse,North America,8,Hardware Procurement,3778.4,3324.21,2057.43,2267.04,74.6,0.0,179227.44,182319.58,False
2024-07-02,AMR-002,Coca-Cola - Atlanta Warehouse,North America,8,UAT,4010.98,3694.79,2184.72,2406.59,,0.0,583587.62,599319.55,False
2024-03-08,AMR-004,Bosch - Stuttgart Plant,EMEA,15,Staging & Config,4849.45,4838.19,3157.81,2909.67,134.2,0.0,226977.98,237533.85,False
2024-05-29,AMR-005,Amazon - Dallas FC,North America,30,Staging & Config,6297.42,6355.56,3669.35,3778.45,264.2,0.0,370406.32,379159.14,False
2024-06-14,AMR-004,Bosch - Stuttgart Plant,EMEA,15,Monitoring,4611.74,5047.7,2822.84,2767.05,136.6,0.0,683100.39,704204.21,False
2024-04-23,AMR-004,Bosch - Stuttgart Plant,EMEA,15,Site Installation,4806.5,5676.27,3817.38,2883.9,178.3,0.0,441578.18,453052.24,False
2024-10-14,AMR-007,Foxconn - Shenzhen Assembly,APAC,25,UAT,5756.24,5669.56,3526.95,3453.75,208.8,0.0,962552.53,997795.29,False
2024-05-30,AMR-005,Amazon - Dallas FC,North America,30,Staging & Config,6475.53,5811.58,3394.58,3885.32,241.7,0.0,376881.86,384970.72,False
2024-04-18,AMR-001,Ford Motor - Michigan Facility,North America,12,Site Installation,4182.26,3969.24,2544.24,2509.35,118.5,0.0,398303.04,408171.32,True
2024-04-17,AMR-002,Coca-Cola - Atlanta Warehouse,North America,8,Staging & Config,4108.53,4168.21,2313.26,2465.12,83.6,0.0,294229.03,300621.6,False
2024-05-05,AMR-007,Foxconn - Shenzhen Assembly,APAC,25,Planning,5995.22,6733.62,4138.06,3597.13,295.2,0.0,29055.75,30596.7,False
2024-08-22,AMR-006,Unilever - Rotterdam DC,EMEA,10,Monitoring,3324.21,3723.27,2226.71,1994.53,98.7,0.0,668192.1,682548.36,False
2024-06-04,AMR-007,Foxconn - Shenzhen Assembly,APAC,25,Hardware Procurement,6024.96,5474.98,3655.95,3614.97,259.6,0.0,201806.89,210434.36,False
2024-07-21,AMR-007,Foxconn - Shenzhen Assembly,APAC,25,Staging & Config,5588.01,7019.41,4872.06,3352.81,239.8,0.0,474050.76,490634.63,False
2024-05-23,AMR-002,Coca-Cola - Atlanta Warehouse,North America,8,Site Installation,4204.52,4025.68,2793.17,2522.71,86.4,0.0,431164.65,445731.02,False
2024-04-28,AMR-006,Unilever - Rotterdam DC,EMEA,10,Staging & Config,3460.9,3356.88,2072.51,2076.54,114.2,0.0,259155.06,263413.56,False
2024-08-09,AMR-005,Amazon - Dallas FC,North America,30,UAT,6389.06,5485.43,3663.68,3833.44,273.5,0.0,815122.73,837028.03,False
2024-04-13,AMR-005,Amazon - Dallas FC,North America,30,Planning,5796.76,6174.4,4251.56,3478.06,333.1,0.0,81489.4,79604.62,False
2024-03-12,AMR-001,Ford Motor - Michigan Facility,North America,12,Staging & Config,4334.26,6027.85,3700.04,2600.55,140.5,2.0,242889.39,247514.93,True
2024-02-11,AMR-002,Coca-Cola - Atlanta Warehouse,North America,8,Planning,3509.09,3944.77,2593.49,2105.46,93.2,0.0,41149.88,44570.45,False
2024-06-11,AMR-006,Unilever - Rotterdam DC,EMEA,10,Site Installation,3384.02,3929.85,2468.4,2030.41,84.4,0.0,415148.1,423354.76,False
2024-05-29,AMR-003,DHL - Singapore Hub,APAC,20,Staging & Config,4944.39,5439.1,3590.62,2966.64,178.8,1.0,411877.54,421372.81,False
2024-07-01,AMR-005,Amazon - Dallas FC,North America,30,Site Installation,6118.1,5609.32,3611.94,3670.86,310.7,0.0,576275.89,585644.29,False
2024-07-12,AMR-007,Foxconn - Shenzhen Assembly,APAC,25,Staging & Config,6154.5,6470.93,4483.36,3692.7,290.2,0.0,421227.53,436915.3,False
2024-05-01,AMR-006,Unilever - Rotterdam DC,EMEA,10,Staging & Config,3668.65,3664.37,2349.19,2201.19,103.7,0.0,270187.31,274616.42,False
2024-07-08,AMR-001,Ford Motor - Michigan Facility,North America,12,Go-Live,4135.78,4534.33,2532.81,2481.47,117.6,0.0,734462.58,759845.75,False
2024-06-06,AMR-004,Bosch - Stuttgart Plant,EMEA,15,Go-Live,4510.47,5598.06,3528.71,2706.28,177.3,0.0,645730.77,666247.47,False
2024-10-05,AMR-005,Amazon - Dallas FC,North America,30,Monitoring,5808.28,7130.12,4506.18,3484.97,322.5,0.0,1166910.78,1195794.95,False
2024-05-26,AMR-006,Unilever - Rotterdam DC,EMEA,10,Site Installation,3416.32,3286.15,2139.11,2049.79,81.0,0.0,358621.39,364027.11,False
2024-04-22,AMR-005,Amazon - Dallas FC,North America,30,Hardware Procurement,6168.52,6494.76,3964.23,3701.11,355.6,0.0,136919.06,135598.1,False
2024-06-21,AMR-007,Foxconn - Shenzhen Assembly,APAC,25,Hardware Procurement,5813.88,6018.12,3780.15,3488.33,218.7,0.0,299406.02,309486.96,False
2024-08-02,AMR-006,Unilever - Rotterdam DC,EMEA,10,Go-Live,3557.23,3548.91,2132.55,2134.34,113.2,0.0,597854.95,610647.96,False
2024-05-13,AMR-007,Foxconn - Shenzhen Assembly,APAC,25,Planning,5257.47,5600.07,3919.98,3154.48,282.1,0.0,74571.28,78393.06,False
2024-03-07,AMR-004,Bosch - Stuttgart Plant,EMEA,15,Staging & Config,5058.91,5068.22,3362.37,3035.35,127.2,0.0,222128.53,232695.66,False
2024-06-01,AMR-001,Ford Motor - Michigan Facility,North America,12,UAT,3879.21,4089.21,2686.2,2327.53,134.8,0.0,580033.88,600507.3,False
2024-09-09,AMR-003,DHL - Singapore Hub,APAC,20,Go-Live,5056.13,4869.06,2768.92,3033.68,207.7,0.0,937747.37,970381.27,False
2024-07-28,AMR-007,Foxconn - Shenzhen Assembly,APAC,25,Staging & Config,5656.77,5909.71,3728.63,3394.06,216.3,0.0,513812.09,531089.13,False
2024-04-11,AMR-005,Amazon - Dallas FC,North America,30,Planning,6205.13,6759.5,4485.45,3723.08,245.6,0.0,69080.39,66950.26,False
2024-07-30,AMR-003,DHL - Singapore Hub,APAC,20,UAT,5291.98,5375.13,3219.78,3175.19,170.7,0.0,726994.72,747359.8,False
2024-04-04,AMR-005,Amazon - Dallas FC,North America,30,Planning,5920.14,5843.44,3313.93,3552.08,353.1,0.0,25208.47,23546.31,False
2024-05-01,AMR-005,Amazon - Dallas FC,North America,30,Hardware Procurement,6309.27,6412.51,3714.42,3785.56,316.3,0.0,195474.79,196342.58,False
2024-04-11,AMR-001,Ford Motor - Michigan Facility,North America,12,Site Installation,4414.07,4362.34,2745.66,2648.44,110.6,0.0,368772.73,377131.52,False
2024-04-12,AMR-002,Coca-Cola - Atlanta Warehouse,North America,8,Staging & Config,3799.11,3543.62,2246.54,2279.47,72.8,0.0,274872.33,280080.67,False
2024-09-02,AMR-003,DHL - Singapore Hub,APAC,20,Go-Live,5315.74,5682.94,3848.94,3189.45,172.3,0.0,902021.93,933666.63,True
2024-01-21,AMR-004,Bosch - Stuttgart Plant,EMEA,15,Planning,4567.14,4260.5,2927.51,2740.28,144.9,0.0,8825.86,9540.18,False
2024-05-10,AMR-004,Bosch - Stuttgart Plant,EMEA,15,UAT,4359.11,4977.02,3073.91,2615.47,145.8,0.0,520116.97,534584.41,False
2024-06-23,AMR-004,Bosch - Stuttgart Plant,EMEA,15,Monitoring,4572.6,5154.95,3213.01,2743.56,130.1,0.0,723608.93,749216.89,False
2024-06-05,AMR-002,Coca-Cola - Atlanta Warehouse,North America,8,Site Installation,3773.5,3840.17,2257.09,2264.1,73.9,0.0,481239.29,494776.02,False
2024-04-09,AMR-002,Coca-Cola - Atlanta Warehouse,North America,8,Staging & Config,4133.71,3710.87,2117.53,2480.22,80.4,0.0,263263.37,268770.95,False
2024-03-15,AMR-006,Unilever - Rotterdam DC,EMEA,10,Hardware Procurement,3377.05,3702.44,2335.55,2026.23,102.5,0.0,105195.08,107029.51,False
2024-05-30,AMR-007,Foxconn - Shenzhen Assembly,APAC,25,Hardware Procurement,5932.1,6005.37,3913.1,3559.26,207.6,0.0,172144.6,180461.44,False
2024-04-10,AMR-006,Unilever - Rotterdam DC,EMEA,10,Staging & Config,3472.45,3816.46,2454.42,2083.47,89.0,0.0,196410.77,201092.24,False
2024-09-04,AMR-003,DHL - Singapore Hub,APAC,20,Go-Live,5080.21,5010.09,3167.75,3048.13,215.7,0.0,912451.98,944455.5,False
2024-04-15,AMR-005,Amazon - Dallas FC,North America,30,Planning,6164.72,5386.02,3762.38,3698.83,348.1,0.0,94432.26,92559.76,False
2024-06-12,AMR-006,Unilever - Rotterdam DC,EMEA,10,Site Installation,3288.3,4024.47,2747.02,1972.98,98.8,0.0,418436.4,427379.23,False
2024-10-12,AMR-007,Foxconn - Shenzhen Assembly,APAC,25,UAT,5682.84,5710.21,3216.5,3409.7,224.7,0.0,951301.11,985986.21,False
2024-07-01,AMR-007,Foxconn - Shenzhen Assembly,APAC,25,Staging & Config,6016.9,6054.21,3834.98,3610.14,202.6,0.0,356411.63,371505.85,False
2024-10-01,AMR-005,Amazon - Dallas FC,North America,30,Monitoring,6251.79,5989.31,3448.2,3751.07,248.1,0.0,1142439.52,1169033.03,False
2024-09-17,AMR-005,Amazon - Dallas FC,North America,30,Go-Live,6100.02,6038.02,4128.33,3660.01,278.7,0.0,1055798.29,1083272.36,False
2024-07-13,AMR-005,Amazon - Dallas FC,North America,30,Site Installation,6289.27,5910.31,3644.5,3773.56,347.0,1.0,649368.85,661391.95,False
2024-05-22,AMR-003,DHL - Singapore Hub,APAC,20,Staging & Config,4883.2,4845.51,3219.77,2929.92,235.2,0.0,375921.89,385427.96,False
2024-11-04,AMR-007,Foxconn - Shenzhen Assembly,APAC,25,UAT,6278.6,5741.44,3627.82,3767.16,279.6,0.0,1086960.34,1122378.56,False
2024-05-10,AMR-005,Amazon - Dallas FC,North America,30,Hardware Procurement,6057.8,7473.53,4553.21,3634.68,293.7,1.0,251056.54,255257.67,False
2024-04-17,AMR-006,Unilever - Rotterdam DC,EMEA,10,Staging & Config,3194.08,3367.99,1876.11,1916.45,107.8,0.0,220905.25,225784.87,False
2024-08-26,AMR-006,Unilever - Rotterdam DC,EMEA,10,Monitoring,3602.16,3211.7,1998.17,2161.3,104.1,0.0,682246.93,696538.43,False
2024-02-27,AMR-002,Coca-Cola - Atlanta Warehouse,North America,8,Hardware Procurement,3995.98,4019.74,2597.76,2397.59,71.3,0.0,102421.11,105882.02,False
2024-07-26,AMR-002,Coca-Cola - Atlanta Warehouse,North America,8,Go-Live,3823.14,3571.91,2059.31,2293.88,89.3,0.0,674716.23,696225.15,False
2024-06-09,AMR-001,Ford Motor - Michigan Facility,North America,12,UAT,3978.64,4078.52,2621.99,2387.19,117.4,0.0,613457.83,635330.07,False
2024-03-14,AMR-002,Coca-Cola - Atlanta Warehouse,North America,8,Hardware Procurement,3748.25,3588.22,2127.67,2248.95,89.9,0.0,163923.58,167414.85,False
2024-07-02,AMR-006,Unilever - Rotterdam DC,EMEA,10,UAT,3478.3,3242.62,2209.49,2086.98,93.8,0.0,489104.42,500116.76,False
2024-06-09,AMR-004,Bosch - Stuttgart Plant,EMEA,15,Go-Live,4686.05,4993.58,3143.91,2811.63,131.7,0.0,659709.16,680544.43,False
2024-04-28,AMR-005,Amazon - Dallas FC,North America,30,Hardware Procurement,6561.25,6473.93,4012.1,3936.75,348.4,0.0,175885.6,175073.77,False
2024-07-16,AMR-002,Coca-Cola - Atlanta Warehouse,North America,8,Go-Live,3761.77,4180.62,2314.63,2257.06,83.9,0.0,636250.89,657655.53,False
2024-07-25,AMR-001,Ford Motor - Michigan Facility,North America,12,Monitoring,4210.08,4103.1,2429.06,2526.05,112.4,0.0,805287.33,831939.16,False
2024-04-01,AMR-003,DHL - Singapore Hub,APAC,20,Hardware Procurement,4779.69,5155.24,3547.62,2867.82,196.8,0.0,117450.52,119981.03,False
2024-03-08,AMR-001,Ford Motor - Michigan Facility,North America,12,Staging & Config,4183.12,4155.15,2542.37,2509.87,141.3,1.0,226010.29,228630.81,False
2024-08-29,AMR-003,DHL - Singapore Hub,APAC,20,Go-Live,5130.44,5720.62,3995.5,3078.27,186.9,0.0,881060.74,912684.63,False
2024-05-08,AMR-001,Ford Motor - Michigan Facility,North America,12,Site Installation,3903.86,4755.46,3197.44,2342.32,120.4,0.0,480759.81,496973.38,False
2024-12-06,AMR-007,Foxconn - Shenzhen Assembly,APAC,25,Go-Live,5424.57,5969.86,3700.65,3254.74,291.6,0.0,1272985.79,1312861.75,False
2024-04-10,AMR-005,Amazon - Dallas FC,North America,30,Planning,6311.37,6033.85,3749.91,3786.82,321.1,0.0,62875.27,60190.76,False
2024-03-24,AMR-002,Coca-Cola - Atlanta Warehouse,North America,8,Staging & Config,3796.87,4194.89,2886.69,2278.12,73.5,0.0,202360.33,206140.23,False
2024-09-25,AMR-005,Amazon - Dallas FC,North America,30,Go-Live,6227.11,6311.54,4306.69,3736.27,340.8,0.0,1105693.84,1132083.6,False
2024-07-04,AMR-005,Amazon - Dallas FC,North America,30,Site Installation,5687.03,6676.0,3722.16,3412.22,301.8,0.0,594068.59,604684.13,False
2024-04-26,AMR-005,Amazon - Dallas FC,North America,30,Hardware Procurement,7252.28,6908.72,4504.19,4351.37,320.7,0.0,162998.81,161711.91,False
2024-04-19,AMR-005,Amazon - Dallas FC,North America,30,Planning,5866.11,5809.02,3388.76,3519.66,345.2,0.0,118699.47,117251.38,False
2024-06-09,AMR-007,Foxconn - Shenzhen Assembly,APAC,25,Hardware Procurement,5786.18,6176.48,3879.93,3471.71,240.1,0.0,230180.2,241167.89,False
2024-09-12,AMR-003,DHL - Singapore Hub,APAC,20,Monitoring,5026.01,5206.8,3389.28,3015.61,209.2,0.0,953160.05,986203.77,False
2024-04-05,AMR-003,DHL - Singapore Hub,APAC,20,Hardware Procurement,5820.66,5087.7,3258.86,3492.39,236.4,0.0,138832.68,140377.37,False
2024-09-21,AMR-007,Foxconn - Shenzhen Assembly,APAC,25,Site Installation,5931.97,6048.65,3435.79,3559.18,260.1,0.0,830118.05,860460.1,False
2024-07-19,AMR-007,Foxconn - Shenzhen Assembly,APAC,25,Staging & Config,5762.7,6135.28,3509.78,3457.62,208.2,0.0,462575.01,478415.04,False
2024-04-18,AMR-003,DHL - Singapore Hub,APAC,20,Hardware Procurement,4630.79,5220.08,2874.64,2778.47,235.6,0.0,204644.77,207944.2,False
2024-11-16,AMR-007,Foxconn - Shenzhen Assembly,APAC,25,Go-Live,5431.28,5687.14,3691.92,3258.77,283.5,1.0,1157533.23,1194595.1,False
2024-05-19,AMR-003,DHL - Singapore Hub,APAC,20,Staging & Config,4822.79,4860.38,2696.42,2893.67,190.1,0.0,361203.05,369913.64,False
2024-09-23,AMR-007,Foxconn - Shenzhen Assembly,APAC,25,Site Installation,5798.44,6388.19,4118.87,3479.06,257.9,0.0,841773.83,872319.65,False
2024-09-21,AMR-003,DHL - Singapore Hub,APAC,20,Monitoring,5046.46,5109.05,3264.4,3027.88,177.5,0.0,999568.25,1032659.3,False
2024-09-25,AMR-003,DHL - Singapore Hub,APAC,20,Monitoring,4958.93,5731.64,3787.72,2975.36,232.3,0.0,1020108.57,1054819.32,False
2024-07-06,AMR-003,DHL - Singapore Hub,APAC,20,Site Installation,4908.56,5096.14,3045.21,2945.14,178.9,0.0,603388.22,622007.84,False
2024-06-02,AMR-007,Foxconn - Shenzhen Assembly,APAC,25,Hardware Procurement,5866.29,6197.56,4174.9,3519.77,248.5,0.0,189935.23,198613.68,False
2024-04-26,AMR-002,Coca-Cola - Atlanta Warehouse,North America,8,Site Installation,3555.23,3556.77,1966.23,2133.14,68.8,0.0,327739.21,335999.38,False
2024-05-27,AMR-002,Coca-Cola - Atlanta Warehouse,North America,8,Site Installation,3969.51,3443.95,2242.95,2381.7,83.3,0.0,446658.94,461135.48,False
2024-04-18,AMR-004,Bosch - Stuttgart Plant,EMEA,15,Site Installation,4711.22,4449.2,2933.8,2826.73,143.4,0.0,418266.45,429106.96,False
2024-08-10,AMR-006,Unilever - Rotterdam DC,EMEA,10,Go-Live,3620.68,3540.73,2279.86,2172.41,83.9,0.0,625654.7,638468.0,False
2024-05-20,AMR-003,DHL - Singapore Hub,APAC,20,Staging & Config,5000.6,5022.52,3118.79,3000.36,214.7,0.0,366203.65,374936.16,False
2024-10-11,AMR-005,Amazon - Dallas FC,North America,30,Monitoring,6067.78,7243.07,4507.46,3640.67,249.1,0.0,1204956.24,1234488.41,False
2024-03-09,AMR-001,Ford Motor - Michigan Facility,North America,12,Staging & Config,4324.03,4061.16,2557.69,2594.42,124.5,0.0,230334.31,232691.96,False
2024-07-12,AMR-001,Ford Motor - Michigan Facility,North America,12,Monitoring,4303.38,4637.32,3156.2,2582.03,124.9,0.0,751240.54,777867.98,False
2024-06-08,AMR-003,DHL - Singapore Hub,APAC,20,Site Installation,5143.17,5343.59,3433.15,3085.9,215.9,0.0,462135.9,472486.94,False
2024-04-21,AMR-005,Amazon - Dallas FC,North America,30,Hardware Procurement,5931.11,5641.09,3518.34,3558.67,287.0,0.0,130750.54,129103.33,False
2024-03-25,AMR-001,Ford Motor - Michigan Facility,North America,12,Staging & Config,4015.26,4496.82,2534.84,2409.16,130.5,0.0,296360.18,302204.52,False
2024-02-26,AMR-001,Ford Motor - Michigan Facility,North America,12,Hardware Procurement,3858.16,4047.32,2261.4,2314.89,143.3,0.0,180284.76,181702.42,False
2024-11-13,AMR-007,Foxconn - Shenzhen Assembly,APAC,25,Go-Live,5918.2,5968.15,3675.76,3550.92,220.9,0.0,1140631.8,1177071.61,False
2024-11-12,AMR-007,Foxconn - Shenzhen Assembly,APAC,25,UAT,6016.14,,3923.49,3609.68,299.2,0.0,1134713.59,1171103.46,False
2024-07-14,AMR-007,Foxconn - Shenzhen Assembly,APAC,25,Staging & Config,5447.37,5742.3,3917.06,3268.42,231.8,0.0,432912.02,448376.51,False
2024-06-10,AMR-005,Amazon - Dallas FC,North America,30,Staging & Config,6352.39,5986.61,3474.62,3811.43,258.1,0.0,446927.73,453892.56,False
2024-08-07,AMR-003,DHL - Singapore Hub,APAC,20,UAT,5414.02,4617.09,2597.35,3248.41,164.4,0.0,768961.55,788251.25,False
2024-05-12,AMR-004,Bosch - Stuttgart Plant,EMEA,15,UAT,4646.35,4146.79,2364.05,2787.81,150.7,0.0,529413.68,542780.74,False
2024-03-13,AMR-004,Bosch - Stuttgart Plant,EMEA,15,Staging & Config,4417.38,4821.76,3110.23,2650.43,142.4,0.0,249579.81,261640.86,False
2024-06-15,AMR-004,Bosch - Stuttgart Plant,EMEA,15,Monitoring,4414.21,4480.32,2638.03,2648.53,174.8,0.0,687514.6,708684.53,False
2024-05-18,AMR-003,DHL - Singapore Hub,APAC,20,Staging & Config,4680.41,5806.99,3519.15,2808.25,227.3,0.0,356380.26,365053.26,False
2024-05-26,AMR-007,Foxconn - Shenzhen Assembly,APAC,25,Hardware Procurement,5525.97,6076.72,3665.57,3315.58,247.1,0.0,148914.84,156697.33,False
2024-05-11,AMR-006,Unilever - Rotterdam DC,EMEA,10,Site Installation,3265.99,3390.35,1993.95,1959.59,81.2,0.0,305168.34,310345.01,False
2024-09-07,AMR-003,DHL - Singapore Hub,APAC,20,Go-Live,5231.6,5489.86,3720.0,3138.96,216.7,0.0,927710.91,959933.3,False
2024-05-04,AMR-004,Bosch - Stuttgart Plant,EMEA,15,Site Installation,4620.52,4913.11,2986.46,2772.31,142.4,0.0,492471.27,506511.55,False
2024-06-25,AMR-004,Bosch - Stuttgart Plant,EMEA,15,Monitoring,4566.53,5186.59,3500.71,2739.92,159.2,0.0,732724.19,758726.51,False
2024-01-15,AMR-001,Ford Motor - Michigan Facility,North America,12,Planning,4239.21,3915.78,2231.56,2543.52,121.0,2.0,4239.21,3915.78,False
2024-09-13,AMR-005,Amazon - Dallas FC,North America,30,Go-Live,6331.72,6201.5,4200.56,3799.03,258.2,0.0,1031140.84,1058786.61,False
2024-01-27,AMR-001,Ford Motor - Michigan Facility,North America,12,Planning,4177.27,4036.74,2265.31,2506.36,135.6,0.0,54622.24,56711.54,False
2024-04-05,AMR-002,Coca-Cola - Atlanta Warehouse,North America,8,Staging & Config,3505.69,4191.41,2339.85,2103.42,73.2,0.0,247724.24,253445.04,False
2024-08-13,AMR-006,Unilever - Rotterdam DC,EMEA,10,Monitoring,3432.15,3775.65,2123.09,2059.29,115.8,0.0,636399.05,649970.6,False
2024-08-31,AMR-005,Amazon - Dallas FC,North America,30,UAT,6261.15,6260.45,4327.61,3756.69,283.4,,950087.63,977273.11,False
2024-03-23,AMR-002,Coca-Cola - Atlanta Warehouse,North America,8,Staging & Config,4052.99,4163.43,,2431.79,75.2,0.0,198563.47,201945.33,False
2024-03-28,AMR-001,Ford Motor - Michigan Facility,North America,12,Staging & Config,4188.15,4518.89,2818.15,2512.89,113.9,0.0,309301.33,315332.59,False
2024-04-01,AMR-005,Amazon - Dallas FC,North America,30,Planning,6231.4,5482.83,3743.76,3738.84,269.5,0.0,6231.4,5482.83,False
2024-09-22,AMR-007,Foxconn - Shenzhen Assembly,APAC,25,Site Installation,5857.34,5471.37,3490.02,3514.4,207.0,0.0,835975.39,865931.46,False
2024-05-14,AMR-002,Coca-Cola - Atlanta Warehouse,North America,8,Site Installation,3751.77,4332.19,2870.24,2251.06,79.4,0.0,395979.21,408754.3,False
2024-04-29,AMR-003,DHL - Singapore Hub,APAC,20,Hardware Procurement,4643.49,5412.28,3075.46,2786.09,179.7,0.0,258830.24,265516.08,False
2024-02-17,AMR-002,Coca-Cola - Atlanta Warehouse,North America,8,Planning,3626.91,4273.52,2786.14,2176.14,85.2,1.0,64010.0,66590.79,False
2024-05-24,AMR-003,DHL - Singapore Hub,APAC,20,Staging & Config,4788.0,4813.68,3199.27,2872.8,227.7,0.0,385661.81,395220.85,False
2024-07-28,AMR-006,Unilever - Rotterdam DC,EMEA,10,Go-Live,3662.42,3590.44,2012.8,2197.45,104.7,0.0,579629.91,592537.61,False
2024-07-22,AMR-003,DHL - Singapore Hub,APAC,20,UAT,5075.69,5269.85,3460.68,3045.41,192.2,0.0,686094.33,706003.93,False
2024-07-15,AMR-003,DHL - Singapore Hub,APAC,20,Site Installation,5221.95,4904.16,3038.78,3133.17,204.8,0.0,649013.03,669847.8,False
2024-06-28,AMR-005,Amazon - Dallas FC,North America,30,Site Installation,5862.29,6901.76,4361.54,3517.38,301.5,0.0,557655.3,568584.84,False
2024-07-19,AMR-001,Ford Motor - Michigan Facility,North America,12,Monitoring,3908.72,4398.75,3033.56,2345.23,118.2,0.0,779999.27,807666.11,False
2024-07-31,AMR-007,Foxconn - Shenzhen Assembly,APAC,25,Staging & Config,5670.25,5879.86,3272.38,3402.15,290.5,0.0,530503.89,548475.67,False
2024-02-25,AMR-004,Bosch - Stuttgart Plant,EMEA,15,Hardware Procurement,4620.99,4519.66,2794.69,2772.6,151.8,0.0,170371.51,180960.1,False
2024-06-04,AMR-006,Unilever - Rotterdam DC,EMEA,10,Site Installation,3704.3,3381.9,2149.11,2222.58,80.5,1.0,389959.26,398713.69,False
2024-09-14,AMR-005,Amazon - Dallas FC,North America,30,Go-Live,6355.13,6290.08,3626.36,3813.08,304.4,0.0,1037495.97,1065076.69,False
2024-07-05,AMR-001,Ford Motor - Michigan Facility,North America,12,Go-Live,3749.96,4658.7,2707.72,2249.98,106.8,0.0,722148.5,747566.88,False
2024-05-19,AMR-005,Amazon - Dallas FC,North America,30,Hardware Procurement,5793.66,6448.47,4505.43,3476.2,296.4,0.0,307691.74,314772.69,False
2024-05-28,AMR-005,Amazon - Dallas FC,North America,30,Staging & Config,6038.81,6427.35,4164.91,3623.29,331.1,0.0,364108.91,372803.59,False
2024-12-26,AMR-007,Foxconn - Shenzhen Assembly,APAC,25,Monitoring,5684.01,5622.84,3112.09,3410.41,224.1,0.0,1388969.84,1433504.14,False
2024-05-08,AMR-007,Foxconn - Shenzhen Assembly,APAC,25,Planning,5831.01,5989.47,3608.24,3498.61,219.8,0.0,45852.35,48682.8,False
2024-10-04,AMR-007,Foxconn - Shenzhen Assembly,APAC,25,Site Installation,5729.7,5519.36,3466.85,3437.82,204.9,0.0,905588.06,937685.98,False
2024-06-13,AMR-001,Ford Motor - Michigan Facility,North America,12,UAT,4363.34,4585.65,2647.98,2618.0,137.2,0.0,630951.2,652755.84,False
2024-06-26,AMR-001,Ford Motor - Michigan Facility,North America,12,Go-Live,4495.43,4135.57,2478.74,2697.26,100.1,0.0,684895.71,708666.06,False
2024-12-08,AMR-007,Foxconn - Shenzhen Assembly,APAC,25,Monitoring,5700.24,6174.67,3991.86,3420.14,218.4,1.0,1284465.27,1325603.01,False
2024-04-19,AMR-006,Unilever - Rotterdam DC,EMEA,10,Staging & Config,3668.93,3235.38,2002.89,2201.36,117.0,0.0,227727.39,232258.58,False
2024-12-10,AMR-007,Foxconn - Shenzhen Assembly,APAC,25,Monitoring,5723.1,6369.49,4332.22,3433.86,201.5,0.0,1296289.08,1336933.46,False
2024-04-23,AMR-003,DHL - Singapore Hub,APAC,20,Hardware Procurement,5205.76,5159.02,2967.97,3123.46,203.2,0.0,229291.47,232984.72,False
2024-06-07,AMR-007,Foxconn - Shenzhen Assembly,APAC,25,Hardware Procurement,6038.02,6284.97,4386.8,3622.81,218.3,0.0,218970.55,229111.18,False
2024-01-31,AMR-004,Bosch - Stuttgart Plant,EMEA,15,Planning,5171.47,4395.83,2805.76,3102.88,,0.0,55163.71,56818.92,False
2024-10-21,AMR-007,Foxconn - Shenzhen Assembly,APAC,25,UAT,6301.5,6323.92,3786.31,3780.9,269.6,0.0,1004614.32,1038883.97,False
2024-03-19,AMR-006,Unilever - Rotterdam DC,EMEA,10,Hardware Procurement,3133.86,3868.92,2212.0,1880.32,119.8,0.0,119065.4,121818.17,False
2024-03-14,AMR-001,Ford Motor - Michigan Facility,North America,12,Staging & Config,4070.09,3890.71,2370.95,2442.06,136.0,0.0,251211.3,255710.31,False
2024-06-24,AMR-005,Amazon - Dallas FC,North America,30,Site Installation,6055.36,6217.91,4039.33,3633.22,302.2,0.0,532692.61,542783.53,False
2024-05-26,AMR-003,DHL - Singapore Hub,APAC,20,Staging & Config,5055.35,4372.49,2557.17,3033.21,172.4,0.0,396476.21,405325.97,False
2024-06-10,AMR-002,Coca-Cola - Atlanta Warehouse,North America,8,UAT,3626.94,3977.99,2208.4,2176.17,88.0,0.0,499848.19,514447.3,False
2024-09-27,AMR-005,Amazon - Dallas FC,North America,30,Monitoring,6410.73,5991.48,3978.28,3846.44,260.7,0.0,1118005.37,1143840.55,False
2024-08-13,AMR-007,Foxconn - Shenzhen Assembly,APAC,25,Site Installation,5789.16,5961.71,4126.29,3473.49,220.6,0.0,604327.84,625610.92,False
2024-05-09,AMR-003,DHL - Singapore Hub,APAC,20,Staging & Config,5174.42,6118.12,3484.35,3104.65,230.1,0.0,309445.73,317839.96,False
2024-04-03,AMR-006,Unilever - Rotterdam DC,EMEA,10,Hardware Procurement,3556.49,3790.05,2305.01,2133.89,110.1,0.0,172275.96,176502.54,False
2024-06-01,AMR-006,Unilever - Rotterdam DC,EMEA,10,Site Installation,3252.47,3330.05,1864.47,1951.48,103.2,0.0,379054.36,387039.24,False
2024-08-22,AMR-007,Foxconn - Shenzhen Assembly,APAC,25,Site Installation,5982.53,,3571.83,3589.52,235.0,0.0,655891.91,678901.94,False
2024-06-05,AMR-001,Ford Motor - Michigan Facility,North America,12,UAT,3971.88,4274.06,2743.57,2383.13,98.6,0.0,597103.42,618018.23,False
2024-10-23,AMR-007,Foxconn - Shenzhen Assembly,APAC,25,UAT,6051.17,5624.79,3923.05,3630.7,278.4,2.0,1016678.89,1050832.94,False
2024-03-15,AMR-003,DHL - Singapore Hub,APAC,20,Planning,5183.89,4936.18,2997.81,3110.34,174.3,0.0,30195.85,31531.3,False
2024-09-30,AMR-007,Foxconn - Shenzhen Assembly,APAC,25,Site Installation,5856.19,6062.47,3626.02,3513.72,263.0,0.0,882381.11,914001.68,False
2024-07-31,AMR-006,Unilever - Rotterdam DC,EMEA,10,Go-Live,3363.28,3782.46,2481.12,2017.97,117.9,0.0,590509.53,603557.0,True
2024-07-06,AMR-007,Foxconn - Shenzhen Assembly,APAC,25,Staging & Config,6114.55,5322.75,3252.85,3668.73,246.4,0.0,385994.78,399597.25,False
2024-01-25,AMR-001,Ford Motor - Michigan Facility,North America,12,Planning,4087.6,4460.31,2913.7,2452.56,121.3,0.0,46286.03,47990.48,False
2024-07-14,AMR-005,Amazon - Dallas FC,North America,30,Site Installation,5744.43,6496.75,4422.45,3446.66,240.7,1.0,655113.28,667888.69,False
2024-03-04,AMR-001,Ford Motor - Michigan Facility,North America,12,Hardware Procurement,4059.81,4006.96,2453.5,2435.89,109.3,0.0,209016.77,212029.37,False
2024-07-07,AMR-001,Ford Motor - Michigan Facility,North America,12,Go-Live,4138.46,3652.75,2421.76,2483.08,139.0,0.0,730326.8,755311.43,False
2024-07-04,AMR-006,Unilever - Rotterdam DC,EMEA,10,UAT,3361.52,3433.72,2361.41,2016.91,102.2,0.0,495765.07,506889.92,False
2024-03-31,AMR-002,Coca-Cola - Atlanta Warehouse,North America,8,Staging & Config,3903.62,3798.67,2251.97,2342.17,74.3,0.0,228924.21,233762.33,False
2024-03-01,AMR-002,Coca-Cola - Atlanta Warehouse,North America,8,Hardware Procurement,3834.6,4264.45,2676.26,2300.76,69.9,1.0,113751.48,117859.81,False
2024-04-13,AMR-002,Coca-Cola - Atlanta Warehouse,North America,8,Staging & Config,3784.05,3942.35,2358.41,2270.43,93.4,0.0,278656.38,284023.02,False
2024-07-29,AMR-003,DHL - Singapore Hub,APAC,20,UAT,5022.73,5238.99,3159.85,3013.64,222.3,0.0,721702.74,741984.66,False
2024-09-04,AMR-007,Foxconn - Shenzhen Assembly,APAC,25,Site Installation,5573.13,5485.44,3571.96,3343.88,283.2,0.0,730787.97,758838.78,False
2024-06-25,AMR-006,Unilever - Rotterdam DC,EMEA,10,UAT,3391.85,3558.08,2323.37,2035.11,112.3,0.0,464088.28,474301.09,False
2024-07-18,AMR-005,Amazon - Dallas FC,North America,30,Site Installation,6248.93,6303.35,3801.59,3749.36,270.1,0.0,680281.22,694769.66,False
2024-05-02,AMR-005,Amazon - Dallas FC,North America,30,Hardware Procurement,5836.99,6415.82,4411.38,3502.19,284.1,0.0,201311.78,202758.4,False
2024-01-18,AMR-001,Ford Motor - Michigan Facility,North America,12,Planning,4194.92,4604.45,3117.83,2516.95,122.9,0.0,16702.16,17954.87,False
2024-10-04,AMR-005,Amazon - Dallas FC,North America,30,Monitoring,6843.25,6710.76,3912.32,4105.95,290.6,0.0,1161102.51,1188664.83,False
2024-08-02,AMR-007,Foxconn - Shenzhen Assembly,APAC,25,Staging & Config,5260.45,6187.96,3425.31,3156.27,273.8,2.0,541723.81,560589.65,False
2024-03-05,AMR-004,Bosch - Stuttgart Plant,EMEA,15,Staging & Config,4448.69,4634.93,2558.04,2669.22,163.9,0.0,212713.38,222840.83,False
2024-04-12,AMR-003,DHL - Singapore Hub,APAC,20,Hardware Procurement,5232.7,5078.91,3157.75,3139.62,172.0,2.0,174458.62,176900.99,False
2024-09-15,AMR-005,Amazon - Dallas FC,North America,30,Go-Live,6286.04,5791.69,3905.68,3771.63,288.7,0.0,1043782.01,1070868.38,False
2024-10-31,AMR-007,Foxconn - Shenzhen Assembly,APAC,25,UAT,5720.34,6227.31,3816.65,3432.21,262.0,0.0,1063198.71,1099668.5,False
2024-08-21,AMR-006,Unilever - Rotterdam DC,EMEA,10,Monitoring,3717.41,3376.58,2050.75,2230.45,97.5,0.0,664867.88,678825.09,False
2024-06-29,AMR-002,Coca-Cola - Atlanta Warehouse,North America,8,UAT,3708.42,3664.62,2366.04,2225.05,73.3,0.0,572113.78,588633.35,False
2024-07-21,AMR-005,Amazon - Dallas FC,North America,30,Site Installation,6638.88,5746.15,3335.53,3983.33,349.6,0.0,699765.71,712449.86,False
2024-07-22,AMR-002,Coca-Cola - Atlanta Warehouse,North America,8,Go-Live,3983.47,4195.58,2521.81,2390.08,83.1,0.0,659752.19,680947.64,False
2024-04-01,AMR-002,Coca-Cola - Atlanta Warehouse,North America,8,Staging & Config,3741.93,3162.13,1924.26,2245.16,67.8,0.0,232666.14,236924.47,False
2024-04-09,AMR-005,Amazon - Dallas FC,North America,30,Planning,6463.88,6303.99,3686.52,3878.33,279.1,0.0,56563.9,54156.92,False
2024-08-29,AMR-005,Amazon - Dallas FC,North America,30,UAT,5974.31,6922.52,,3584.59,335.1,0.0,937841.74,964397.3,False
2024-05-09,AMR-004,Bosch - Stuttgart Plant,EMEA,15,UAT,4671.39,4227.29,2558.38,2802.83,173.8,1.0,515757.86,529607.38,False
2024-05-25,AMR-003,DHL - Singapore Hub,APAC,20,Staging & Config,5759.05,5732.63,3531.75,3455.43,164.5,0.0,391420.87,400953.48,False
2024-03-17,AMR-003,DHL - Singapore Hub,APAC,20,Planning,5178.9,5292.62,3111.82,3107.34,171.5,0.0,40912.35,41975.49,False
2024-12-15,AMR-007,Foxconn - Shenzhen Assembly,APAC,25,Monitoring,6055.3,6188.23,4035.51,3633.18,243.5,0.0,1325403.92,1367017.59,False
2024-06-11,AMR-002,Coca-Cola - Atlanta Warehouse,North America,8,UAT,3779.28,3722.68,2336.9,2267.57,92.2,0.0,503627.48,518169.98,False
2024-03-19,AMR-003,DHL - Singapore Hub,APAC,20,Planning,5617.01,5166.05,3576.18,3370.21,181.1,0.0,51791.52,52621.19,False
2024-05-23,AMR-005,Amazon - Dallas FC,North America,30,Staging & Config,6326.82,5395.81,3112.35,3796.09,297.2,0.0,333062.08,339848.89,False
2024-09-26,AMR-005,Amazon - Dallas FC,North America,30,Monitoring,5900.8,5765.47,3433.42,3540.48,350.1,0.0,1111594.64,1137849.07,False
2024-06-25,AMR-002,Coca-Cola - Atlanta Warehouse,North America,8,UAT,4128.07,3567.27,2082.22,2476.84,68.8,0.0,556912.37,573166.05,False
2024-12-22,AMR-007,Foxconn - Shenzhen Assembly,APAC,25,Monitoring,5782.22,6652.06,3699.27,3469.33,210.5,0.0,1366095.58,1410658.33,False
2024-11-14,AMR-007,Foxconn - Shenzhen Assembly,APAC,25,Go-Live,5743.13,5600.37,3741.83,3445.88,255.9,0.0,1146374.92,1182671.99,False
2024-02-20,AMR-002,Coca-Cola - Atlanta Warehouse,North America,8,Planning,3334.56,3954.49,2747.59,2000.74,66.5,0.0,75142.89,78346.06,False
2024-03-16,AMR-001,Ford Motor - Michigan Facility,North America,12,Staging & Config,4238.23,4206.11,2818.52,2542.94,96.2,0.0,259416.21,264007.03,False
2024-04-03,AMR-003,DHL - Singapore Hub,APAC,20,Hardware Procurement,4976.48,5235.17,3303.1,2985.89,168.4,0.0,127304.55,130293.52,False
2024-08-13,AMR-005,Amazon - Dallas FC,North America,30,UAT,5873.79,,4021.02,3524.27,265.8,0.0,839696.46,863149.25,False
2024-08-08,AMR-005,Amazon - Dallas FC,North America,30,UAT,5756.09,6846.99,4740.05,3453.65,251.1,0.0,808733.67,831542.6,False
2024-02-15,AMR-002,Coca-Cola - Atlanta Warehouse,North America,8,Planning,4213.53,3582.53,2128.68,2528.12,70.2,0.0,56578.15,58362.16,False
2024-09-20,AMR-007,Foxconn - Shenzhen Assembly,APAC,25,Site Installation,5692.33,6246.77,4136.28,3415.4,211.0,0.0,824186.07,854411.44,False
2024-03-01,AMR-001,Ford Motor - Michigan Facility,North America,12,Hardware Procurement,4300.35,4425.66,2714.2,2580.21,107.3,0.0,197136.38,199144.65,False
2024-06-24,AMR-003,DHL - Singapore Hub,APAC,20,Site Installation,4837.15,5842.19,3783.79,2902.29,161.2,0.0,543125.13,556826.31,False
2024-10-10,AMR-005,Amazon - Dallas FC,North America,30,Monitoring,6750.23,6138.91,3716.8,4050.14,317.0,0.0,1198888.45,1227245.34,False
2024-02-03,AMR-001,Ford Motor - Michigan Facility,North America,12,Planning,4264.26,3846.28,2542.55,2558.55,125.1,0.0,84070.19,86259.15,False
2024-08-17,AMR-003,DHL - Singapore Hub,APAC,20,UAT,5527.02,5583.52,3809.3,3316.21,202.3,0.0,819973.2,846604.37,False
2024-07-18,AMR-007,Foxconn - Shenzhen Assembly,APAC,25,Staging & Config,5977.08,6146.15,3555.53,3586.25,214.4,0.0,456812.32,472279.76,False
2024-05-07,AMR-005,Amazon - Dallas FC,North America,30,Hardware Procurement,6099.93,6910.8,4666.73,3659.96,253.7,1.0,232556.12,235172.49,False
2024-03-04,AMR-004,Bosch - Stuttgart Plant,EMEA,15,Staging & Config,4596.09,4772.33,2931.6,2757.66,129.6,0.0,208264.69,218205.9,False
2024-04-03,AMR-001,Ford Motor - Michigan Facility,North America,12,Staging & Config,4296.1,4613.63,2587.79,2577.66,116.1,0.0,334435.04,341849.47,False
2024-04-23,AMR-002,Coca-Cola - Atlanta Warehouse,North America,8,Site Installation,3846.38,3704.34,2539.3,2307.83,66.2,0.0,316671.11,325218.89,False
2024-06-16,AMR-007,Foxconn - Shenzhen Assembly,APAC,25,Hardware Procurement,6223.25,5656.64,3512.39,3733.95,223.4,0.0,271395.01,280569.22,False
2024-06-08,AMR-001,Ford Motor - Michigan Facility,North America,12,UAT,4121.52,4218.78,2590.43,2472.91,99.7,0.0,609479.19,631251.55,False
2024-07-20,AMR-002,Coca-Cola - Atlanta Warehouse,North America,8,Go-Live,4103.91,3491.64,2237.07,2462.35,79.8,0.0,651960.85,673157.47,False
2024-03-11,AMR-004,Bosch - Stuttgart Plant,EMEA,15,Staging & Config,4759.94,5282.71,3438.91,2855.97,146.9,0.0,240509.92,252456.55,False
2024-03-10,AMR-003,DHL - Singapore Hub,APAC,20,Planning,5035.62,5153.05,3193.24,3021.37,180.0,0.0,5035.62,5153.05,False
2024-04-15,AMR-001,Ford Motor - Michigan Facility,North America,12,Site Installation,3969.0,4484.69,2789.56,2381.4,99.9,0.0,385786.67,395487.46,False
2024-08-12,AMR-005,Amazon - Dallas FC,North America,30,UAT,5952.2,6486.16,4511.39,3571.32,248.4,0.0,833822.67,856844.6,False
2024-05-28,AMR-006,Unilever - Rotterdam DC,EMEA,10,Site Installation,3522.41,4036.88,2705.4,2113.45,82.5,0.0,365298.23,371650.11,True
2024-02-26,AMR-002,Coca-Cola - Atlanta Warehouse,North America,8,Hardware Procurement,3778.83,4060.78,2431.76,2267.3,80.0,0.0,98425.13,101862.27,False
2024-10-02,AMR-005,Amazon - Dallas FC,North America,30,Monitoring,5800.7,6703.51,4165.84,3480.42,249.2,0.0,1148240.22,1175736.54,False
2024-06-26,AMR-005,Amazon - Dallas FC,North America,30,Site Installation,5797.91,6406.31,4204.25,3478.74,252.2,0.0,544766.06,556057.32,False
2024-02-04,AMR-002,Coca-Cola - Atlanta Warehouse,North America,8,Planning,3843.22,4209.18,2916.85,2305.93,91.7,0.0,15151.13,16708.79,False
2024-08-03,AMR-003,DHL - Singapore Hub,APAC,20,UAT,4635.84,5958.8,3968.55,2781.5,219.7,0.0,748010.16,768789.94,False
2024-03-16,AMR-003,DHL - Singapore Hub,APAC,20,Planning,5537.59,5151.57,3572.22,3322.55,190.7,2.0,35733.44,36682.87,False
2024-06-25,AMR-007,Foxconn - Shenzhen Assembly,APAC,25,Hardware Procurement,5685.99,5405.83,3631.58,3411.59,225.6,0.0,322186.64,333640.54,False
2024-04-19,AMR-004,Bosch - Stuttgart Plant,EMEA,15,Site Installation,4475.69,4404.5,3057.75,2685.42,126.4,0.0,422742.14,433511.46,False
2024-11-05,AMR-007,Foxconn - Shenzhen Assembly,APAC,25,UAT,5868.27,6995.33,3872.06,3520.96,209.4,0.0,1092828.61,1129373.9,False
2024-04-10,AMR-002,Coca-Cola - Atlanta Warehouse,North America,8,Staging & Config,4056.57,4005.61,2735.97,2433.94,76.9,0.0,267319.93,272776.57,False
2024-07-08,AMR-002,Coca-Cola - Atlanta Warehouse,North America,8,Go-Live,3732.72,4679.76,3200.28,2239.63,89.3,0.0,606841.92,624093.81,False
2024-01-28,AMR-001,Ford Motor - Michigan Facility,North America,12,Planning,3935.46,4343.17,2691.57,2361.28,130.1,0.0,58557.7,61054.71,False
2024-03-25,AMR-004,Bosch - Stuttgart Plant,EMEA,15,Site Installation,4923.37,5032.96,3205.27,2954.02,149.6,,305827.43,317058.26,False
2024-05-28,AMR-001,Ford Motor - Michigan Facility,North America,12,UAT,4358.15,3982.3,2303.76,2614.89,119.8,0.0,563580.83,584026.08,False
2024-04-16,AMR-001,Ford Motor - Michigan Facility,North America,12,Site Installation,4129.26,3822.73,2225.46,2477.56,139.6,0.0,389915.92,399310.19,False
2024-08-29,AMR-006,Unilever - Rotterdam DC,EMEA,10,Monitoring,3494.94,4024.51,2734.01,2096.96,,0.0,692787.36,708812.13,False
2024-05-15,AMR-001,Ford Motor - Michigan Facility,North America,12,Site Installation,4253.93,3828.54,2441.72,2552.36,123.4,0.0,509296.62,527206.37,False
2024-08-16,AMR-007,Foxconn - Shenzhen Assembly,APAC,25,Site Installation,5658.23,6446.08,3999.05,3394.94,221.0,0.0,621887.81,643498.21,False
2024-03-12,AMR-002,Coca-Cola - Atlanta Warehouse,North America,8,Hardware Procurement,3708.18,3512.28,2337.06,2224.91,86.2,0.0,156457.99,160301.91,False
2024-06-14,AMR-003,DHL - Singapore Hub,APAC,20,Site Installation,5113.38,5166.09,3188.09,3068.03,,0.0,492632.2,505651.18,False
2024-04-23,AMR-001,Ford Motor - Michigan Facility,North America,12,Site Installation,4120.89,4551.73,2656.68,2472.53,121.9,0.0,419051.88,430132.08,False
2024-09-26,AMR-003,DHL - Singapore Hub,APAC,20,Monitoring,5281.34,5024.76,3308.41,3168.8,160.3,,1025389.91,1059844.08,False
2024-05-19,AMR-006,Unilever - Rotterdam DC,EMEA,10,Site Installation,3791.92,3708.89,2424.36,2275.15,84.5,0.0,334371.61,338531.9,False
2024-03-05,AMR-001,Ford Motor - Michigan Facility,North America,12,Staging & Config,4133.75,3978.82,2454.59,2480.25,100.9,0.0,213150.51,216008.19,False
2024-03-10,AMR-004,Bosch - Stuttgart Plant,EMEA,15,Staging & Config,4231.02,4599.89,2566.82,2538.61,179.7,0.0,235749.98,247173.84,False
2024-05-08,AMR-006,Unilever - Rotterdam DC,EMEA,10,Site Installation,3613.22,3364.9,2185.62,2167.93,97.6,0.0,294850.42,299955.32,False
2024-09-07,AMR-005,Amazon - Dallas FC,North America,30,Go-Live,6318.07,6197.6,4219.01,3790.84,283.3,0.0,993067.5,1021815.82,False
2024-09-28,AMR-007,Foxconn - Shenzhen Assembly,APAC,25,Site Installation,5796.26,5055.31,3089.72,3477.76,284.0,0.0,870353.02,901452.11,False
2024-04-22,AMR-004,Bosch - Stuttgart Plant,EMEA,15,Site Installation,4614.14,4932.59,3313.37,2768.48,144.5,0.0,436771.69,447375.97,False
2024-05-07,AMR-006,Unilever - Rotterdam DC,EMEA,10,Site Installation,3442.12,3607.97,2163.9,2065.27,93.3,0.0,291237.2,296590.42,False
2024-02-09,AMR-004,Bosch - Stuttgart Plant,EMEA,15,Hardware Procurement,4478.92,5080.74,3039.41,2687.35,165.9,0.0,96473.43,100393.96,False
2024-10-24,AMR-007,Foxconn - Shenzhen Assembly,APAC,25,UAT,6109.83,7365.19,5001.18,3665.9,269.7,0.0,1022788.72,1058198.13,True
2024-12-25,AMR-007,Foxconn - Shenzhen Assembly,APAC,25,Monitoring,6055.59,6012.07,3959.48,3633.35,265.5,0.0,1383285.83,1427881.31,False
2024-05-01,AMR-003,DHL - Singapore Hub,APAC,20,Staging & Config,4980.26,5086.35,3051.31,2988.16,235.0,0.0,268759.52,275860.4,False
2024-05-16,AMR-001,Ford Motor - Michigan Facility,North America,12,Site Installation,4504.19,4593.32,3150.8,2702.52,119.3,2.0,513800.81,531799.68,False
2024-06-04,AMR-005,Amazon - Dallas FC,North America,30,Staging & Config,6189.77,7220.89,4755.69,3713.86,259.8,0.0,409170.6,416045.97,False
2024-04-05,AMR-004,Bosch - Stuttgart Plant,EMEA,15,Site Installation,4889.98,4762.67,3280.95,2933.99,144.6,0.0,357709.45,367551.65,False
2024-05-06,AMR-001,Ford Motor - Michigan Facility,North America,12,Site Installation,4087.12,4254.19,2387.51,2452.27,131.8,0.0,472743.74,487636.56,False
2024-05-24,AMR-005,Amazon - Dallas FC,North America,30,Staging & Config,6520.99,6888.07,4562.93,3912.59,261.3,0.0,339583.07,346736.96,False
2024-07-09,AMR-005,Amazon - Dallas FC,North America,30,Site Installation,6407.07,6014.15,4181.73,3844.24,288.5,0.0,624745.43,636610.01,False
2024-04-12,AMR-005,Amazon - Dallas FC,North America,30,Planning,6612.25,6479.96,4389.99,3967.35,242.2,0.0,75692.64,73430.22,False
2024-12-03,AMR-007,Foxconn - Shenzhen Assembly,APAC,25,Go-Live,6064.41,7150.3,4642.93,3638.64,265.9,0.0,1255492.17,1296597.58,True
2024-03-24,AMR-006,Unilever - Rotterdam DC,EMEA,10,Hardware Procurement,3637.95,3914.34,2721.71,2182.77,87.9,0.0,136836.87,141176.67,False
2024-04-07,AMR-001,Ford Motor - Michigan Facility,North America,12,Site Installation,4308.22,3781.76,2508.11,2584.93,138.7,0.0,351541.43,359093.83,False
2024-07-07,AMR-005,Amazon - Dallas FC,North America,30,Site Installation,5967.91,6647.94,4425.5,3580.75,300.7,0.0,612224.1,624979.37,False
2024-03-27,AMR-004,Bosch - Stuttgart Plant,EMEA,15,Site Installation,4424.92,4292.72,2592.56,2654.95,131.3,0.0,314503.51,325936.24,False
2024-05-29,AMR-001,Ford Motor - Michigan Facility,North America,12,UAT,4426.04,4207.27,2350.87,2655.62,105.8,0.0,568006.87,588233.35,False
2024-07-09,AMR-007,Foxconn - Shenzhen Assembly,APAC,25,Staging & Config,5797.95,6099.32,3830.58,3478.77,274.3,0.0,403373.78,417823.75,False
2024-04-05,AMR-001,Ford Motor - Michigan Facility,North America,12,Site Installation,4515.79,4441.9,2643.31,2709.47,138.1,0.0,343080.16,350513.62,False
2024-05-29,AMR-002,Coca-Cola - Atlanta Warehouse,North America,8,Site Installation,3708.83,3789.48,2562.67,2225.3,70.1,0.0,454139.2,468757.99,False
2024-05-31,AMR-004,Bosch - Stuttgart Plant,EMEA,15,Go-Live,4509.49,5085.44,3077.29,2705.69,155.4,0.0,617809.8,634907.68,False
2024-07-11,AMR-005,Amazon - Dallas FC,North America,30,Site Installation,5660.73,6191.48,3440.13,3396.44,290.6,0.0,636502.98,649184.56,False
2024-07-29,AMR-001,Ford Motor - Michigan Facility,North America,12,Monitoring,4035.39,3829.22,2671.75,2421.23,125.2,0.0,822191.33,849217.04,False
2024-11-30,AMR-007,Foxconn - Shenzhen Assembly,APAC,25,Go-Live,5621.38,5895.36,4045.75,3372.83,273.4,0.0,1237505.73,1277090.27,False
